{"ugc":{"content":"6794人已参与","topic":"精选话题","title":"# 你好十一月！晒自拍，做最好的自己","button":"立即参与","buttonaction":"wbmain://jump/core/RN?params=%7B%22bundleid%22%3A%22100%22%2C%22params%22%3A%7B%22hideBar%22%3A1%2C%22typeid%22%3A%2250002%22%2C%22referrer%22%3A%2223%22%2C%22topicid%22%3A%2216688%22%7D%7D&needLogin=true","action":"wbmain://jump/core/common?params=%7B%22url%22%3A%22https%3A%2F%2Fapp.58.com%2Fapi%2Fcommunity%2Ftopicpage%2Fentry%3Fid%3D16688%26referrer%3D23%22%7D","ugcid":"16688"},"cityname":"sh","actions":[{"icon":"https://a.58cdn.com.cn/app58/icons/zufang3z.png","cateid":"1","name":"租房","action":{"title":"选择发布类别","showsift":"false","isfinish":"false","backtoroot":false,"action":"loadpage","pagetype":"common","showpub":"false","showarea":"false","url":"https://syfang.58.com/post/firstLevel?formatcate=zufang&formatsource=home","action_handler":""},"list_name":"house_zufang","needLogin":"true"},{"icon":"https://a.58cdn.com.cn/app58/icons/maifang3x.png","cateid":"1","name":"卖房","action":{"title":"选择发布类别","showsift":"false","isfinish":"false","backtoroot":false,"action":"loadpage","pagetype":"common","showpub":"false","showarea":"false","url":"https://syfang.58.com/post/firstLevel?formatcate=ershoufang&formatsource=home","action_handler":""},"list_name":"house_ershoufang","needLogin":"true"},{"icon":"https://a.58cdn.com.cn/app58/icons/zhaorencai@3x.png","cateid":"2","name":"发职位找人才","action":{"title":"选择发布类别","showsift":"false","isfinish":"false","backtoroot":false,"action":"loadpage","pagetype":"link","showpub":"false","showarea":"false","url":"https://pwebapp.58.com/zhaopin/publish/zhaopin?currentcate=zhaopin","action_handler":""},"list_name":"zhaopin","needLogin":"true"},{"icon":"https://a.58cdn.com.cn/app58/icons/zhaogongzuo@3x.png","cateid":"9225","name":"发简历找工作","action":{"title":"发简历找工作","showsift":"false","isfinish":"false","backtoroot":false,"action":"loadpage","pagetype":"common","showpub":"false","showarea":"false","url":"https://jlwebapp.58.com/resume/addbaseresume","action_handler":""},"list_name":"jianli","needLogin":"false"},{"icon":"https://a.58cdn.com.cn/app58/icons/ershouwupin@3x.png","cateid":"5","name":"二手物品","action":{"title":"二手物品","showsift":"false","isfinish":"false","backtoroot":false,"action":"loadpage","pagetype":"publish","showpub":"false","showarea":"false","url":"https://pwebapp.58.com/hy/publish/sale?currentcate=sale","action_handler":""},"list_name":"sale","needLogin":"false"},{"icon":"https://a.58cdn.com.cn/app58/icons/ershouche@3x.png","cateid":"4","name":"二手车","action":{"title":"选择发布类别","showsift":"false","isfinish":"false","backtoroot":false,"action":"loadpage","pagetype":"common","showpub":"false","showarea":"false","url":"https://j1.58cdn.com.cn/escstatic/m58/m3/html/car/appcate/publishcar.html","action_handler":""},"list_name":"car","needLogin":"false"},{"icon":"https://a.58cdn.com.cn/app58/icons/bendifuwu@3x.png","cateid":"0","name":"本地服务","action":{"title":"选择发布类别","showsift":"false","isfinish":"false","backtoroot":false,"action":"loadpage","pagetype":"link","showpub":"false","showarea":"false","url":"https://pwebapp.58.com/hy/publish/bendifuwu?currentcate=bendifuwu","action_handler":""},"list_name":"bendifuwu","needLogin":"true"},{"icon":"https://a.58cdn.com.cn/app58/icons/qichefuwu@3x.png","cateid":"1010","name":"汽车服务","action":{"title":"选择发布类别","showsift":"false","isfinish":"false","backtoroot":false,"action":"loadpage","pagetype":"link","showpub":"false","showarea":"false","url":"https://pwebapp.58.com/hy/publish/qichefw","action_handler":""},"list_name":"qichefw","needLogin":"true"},{"icon":"https://a.58cdn.com.cn/app58/icons/kaquan@3x.png","cateid":"833","name":"票务/卡券","action":{"title":"选择发布类别","showsift":"false","isfinish":"false","backtoroot":false,"action":"loadpage","pagetype":"link","showpub":"false","showarea":"false","url":"https://pwebapp.58.com/hy/publish/piaowu?currentcate=piaowu","action_handler":""},"list_name":"piaowu","needLogin":"true"},{"icon":"https://a.58cdn.com.cn/app58/icons/shunfengche@3x.png","cateid":"31","name":"拼车/顺风车","action":{"title":"拼车/顺风车","showsift":"false","isfinish":"false","backtoroot":false,"action":"loadpage","pagetype":"publish","showpub":"false","showarea":"false","url":"https://pwebapp.58.com/pinche/publish/car?cat_id=31&catename=pinche&businessline=pinche&isgongqiu=true&pcfromchannel=2&os=android&localid=1","action_handler":""},"list_name":"pinche","needLogin":"true"},{"icon":"https://a.58cdn.com.cn/app58/icons/xunrenxunwu@3x.png","cateid":"0","name":"寻人寻物","action":{"content":{"bundleid":"100","pagetype":"RN","params":{"referrer":"17","cbd":"700000001","hideBar":"1","typeid":"50002","cbdname":"寻人寻物"}},"tradeline":"core","action":"pagetrans"},"list_name":"xunrenxunwu","needLogin":"true"},{"icon":"https://a.58cdn.com.cn/app58/icons/jiaoyou@3x.png","cateid":"0","name":"相亲交友","action":{"content":{"bundleid":"100","pagetype":"RN","params":{"cbd":"400000002","referrer":"17","typeid":"50002","hideBar":"1","cbdname":"相亲交友"}},"tradeline":"core","action":"pagetrans"},"list_name":"xiangqinjiaoyou","needLogin":"true"},{"icon":"https://a.58cdn.com.cn/app58/icons/qiuzhu@3x.png","cateid":"0","name":"万能求助","action":{"content":{"bundleid":"100","pagetype":"RN","params":{"referrer":"17","cbd":"700000001","hideBar":"1","typeid":"50002","cbdname":"万能求助圈"}},"tradeline":"core","action":"pagetrans"},"list_name":"qiuzhuzixun","needLogin":"true"},{"icon":"https://a.58cdn.com.cn/app58/icons/huanshouji.png","cateid":"0","name":"旧手机 高价卖","action":{"title":"旧手机 高价卖","showsift":"false","isfinish":"false","backtoroot":false,"action":"loadpage","pagetype":"common","showpub":"false","showarea":"false","url":"https://youpinapi.zhuanzhuan.com/business/baomai/publish","action_handler":""},"list_name":"zhuanzhuanyoupin","needLogin":"false"}],"version":"10"}