{    "status": "1",    "msg": "请求成功",    "dataList": [{        "itemType": "weinituijian",        "dataList": [{            "name": "附近职位",            "key": "fujin",            "icon": "https://zprecommend.58.com/images/bignewnear.png",            "action": {                "action": "pagetrans",                "tradeline": "job",                "content": {                    "pagetype": "shipping",                    "title": "附近职位",                    "showsift": "true",                    "url": "https://zprecommend.58.com/api/abtest?ptype\u003dappnearbydispcatelist"                }            }        }, {            "name": "高薪工作",            "key": "gaoxin",            "icon": "https://zprecommend.58.com/images/bignewhighsalary.png",            "action": {                "action": "pagetrans",                "tradeline": "job",                "content": {                    "pagetype": "shipping",                    "title": "高薪工作",                    "showsift": "true",                    "url": "https://zprecommend.58.com/api/abtest?ptype\u003dapphighsalarydispcatelist"                }            }        }, {            "name": "急招职位",            "key": "jizhao",            "icon": "https://zprecommend.58.com/images/bignewjizhao.png",            "action": {                "action": "pagetrans",                "tradeline": "job",                "content": {                    "pagetype": "shipping",                    "title": "急招职位",                    "showsift": "true",                    "url": "https://zprecommend.58.com/api/abtest?ptype\u003dappjizhaodispcatelist"                }            }        }, {            "name": "认证专区",            "key": "renzheng",            "icon": "https://zprecommend.58.com/images/bignewidentified.png",            "action": {                "action": "pagetrans",                "tradeline": "job",                "content": {                    "pagetype": "shipping",                    "title": "认证专区",                    "showsift": "true",                    "url": "https://zprecommend.58.com/api/abtest?ptype\u003dappidentifieddispcatelist"                }            }        }]    }, {        "itemType": "line",        "height": 0.5    }, {        "itemType": "zhibo",        "isShow": 1,        "name": "职播",        "icon": "https://zprecommend.58.com/images/bignewzhibo.png",        "xinwen": [{            "id": "6964101",            "title": "职场认知：那些年，迷惑过我们的头衔"        }, {            "id": "6292573",            "title": "【提醒】太可怕！别再用这个做饭了，家里有的赶紧扔掉！"        }, {            "id": "6292426",            "title": "比贫穷更可怕的是，你输在了这两点！"        }, {            "id": "6966399",            "title": "千万不要祝你老板端午快乐，否则等着解雇信吧"        }, {            "id": "6966192",            "title": "端午加班必须给3倍工资，看完速去领钱"        }, {            "id": "6965901",            "title": "劳务关系≠劳动关系！职场新手千万要分清！"        }],        "action": {            "action": "pagetrans",            "tradeline": "job",            "content": {                "pagetype": "zhibo",                "title": "职播",                "showsift": "true",                "url": "https://zpcontentapi.58.com/api/?appKey\u003d1\u0026method\u003dzpcontentlist\u0026v\u003d1.0"            }        }    }, {        "itemType": "line",        "height": 0.5    }, {        "itemType": "title",        "isShow": 1,        "title": "找职位"    }, {        "itemType": "line",        "height": 0.5    }, {        "itemType": "mapfilter",        "isShow": 1    }, {        "itemType": "nikenengzaizhao",        "dataArray": [{            "list_name": "job",            "name": "销售",            "action": {                "action": "pagetrans",                "tradeline": "job",                "content": {                    "cateid": "13901",                    "title": "销售",                    "filterParams": {                        "filtercate": "yewu"                    },                    "pagetype": "list",                    "list_name": "yewu",                    "params": {                        "cmcstitle": "销售",                        "pagefrom": "daleiye"                    },                    "meta_url": "https://app.58.com/api/list"                }            }        }, {            "list_name": "job",            "name": "促销导购",            "action": {                "action": "pagetrans",                "tradeline": "job",                "content": {                    "cateid": "13805",                    "title": "促销导购",                    "filterParams": {                        "filtercate": "cuxiao"                    },                    "pagetype": "list",                    "list_name": "chaoshishangye",                    "params": {                        "cmcstitle": "促销导购",                        "pagefrom": "daleiye"                    },                    "meta_url": "https://app.58.com/api/list"                }            }        }, {            "list_name": "job",            "name": "营业员",            "action": {                "action": "pagetrans",                "tradeline": "job",                "content": {                    "cateid": "13810",                    "title": "营业员",                    "filterParams": {                        "filtercate": "yingyeyuan"                    },                    "pagetype": "list",                    "list_name": "chaoshishangye",                    "params": {                        "cmcstitle": "营业员",                        "pagefrom": "daleiye"                    },                    "meta_url": "https://app.58.com/api/list"                }            }        }, {            "list_name": "job",            "name": "餐饮管理",            "action": {                "action": "pagetrans",                "tradeline": "job",                "content": {                    "cateid": "10619",                    "title": "餐饮管理",                    "filterParams": {                        "filtercate": "jiudianjl"                    },                    "pagetype": "list",                    "list_name": "zplvyoujiudian",                    "params": {                        "cmcstitle": "餐饮管理",                        "pagefrom": "daleiye"                    },                    "meta_url": "https://app.58.com/api/list"                }            }        }, {            "list_name": "job",            "name": "保安",            "action": {                "action": "pagetrans",                "tradeline": "job",                "content": {                    "cateid": "13815",                    "title": "保安",                    "filterParams": {                        "filtercate": "baoanl"                    },                    "pagetype": "list",                    "list_name": "jiazhengbaojiexin",                    "params": {                        "cmcstitle": "保安",                        "pagefrom": "daleiye"                    },                    "meta_url": "https://app.58.com/api/list"                }            }        }, {            "list_name": "job",            "name": "服务员",            "action": {                "action": "pagetrans",                "tradeline": "job",                "content": {                    "cateid": "9640",                    "title": "服务员",                    "filterParams": {                        "filtercate": "cantfwy"                    },                    "pagetype": "list",                    "list_name": "zplvyoujiudian",                    "params": {                        "cmcstitle": "服务员",                        "pagefrom": "daleiye"                    },                    "meta_url": "https://app.58.com/api/list"                }            }        }, {            "list_name": "job",            "name": "司机/交通",            "action": {                "action": "pagetrans",                "tradeline": "job",                "content": {                    "cateid": "13928",                    "title": "司机/交通",                    "filterParams": {                        "filtercate": "siji"                    },                    "pagetype": "list",                    "list_name": "siji",                    "params": {                        "cmcstitle": "司机/交通",                        "pagefrom": "daleiye"                    },                    "meta_url": "https://app.58.com/api/list"                }            }        }, {            "list_name": "job",            "name": "技工/普工",            "action": {                "action": "pagetrans",                "tradeline": "job",                "content": {                    "cateid": "13916",                    "title": "技工/普工",                    "filterParams": {                        "filtercate": "zpshengchankaifa"                    },                    "pagetype": "list",                    "list_name": "zpshengchankaifa",                    "params": {                        "cmcstitle": "技工/普工",                        "pagefrom": "daleiye"                    },                    "meta_url": "https://app.58.com/api/list"                }            }        }, {            "list_name": "job",            "name": "快递员",            "action": {                "action": "pagetrans",                "tradeline": "job",                "content": {                    "cateid": "10443",                    "title": "快递员",                    "filterParams": {                        "filtercate": "sudiyuan"                    },                    "pagetype": "list",                    "list_name": "zpwuliucangchu",                    "params": {                        "cmcstitle": "快递员",                        "pagefrom": "daleiye"                    },                    "meta_url": "https://app.58.com/api/list"                }            }        }, {            "list_name": "job",            "name": "人事/行政",            "action": {                "action": "pagetrans",                "tradeline": "job",                "content": {                    "cateid": "13906",                    "title": "人事/行政",                    "filterParams": {                        "filtercate": "renli"                    },                    "pagetype": "list",                    "list_name": "renli",                    "params": {                        "cmcstitle": "人事/行政",                        "pagefrom": "daleiye"                    },                    "meta_url": "https://app.58.com/api/list"                }            }        }, {            "list_name": "job",            "name": "文员",            "action": {                "action": "pagetrans",                "tradeline": "job",                "content": {                    "cateid": "12152",                    "title": "文员",                    "filterParams": {                        "filtercate": "wenziluru"                    },                    "pagetype": "list",                    "list_name": "renli",                    "params": {                        "cmcstitle": "文员",                        "pagefrom": "daleiye"                    },                    "meta_url": "https://app.58.com/api/list"                }            }        }, {            "list_name": "job",            "name": "收银员",            "action": {                "action": "pagetrans",                "tradeline": "job",                "content": {                    "cateid": "13804",                    "title": "收银员",                    "filterParams": {                        "filtercate": "shouying"                    },                    "pagetype": "list",                    "list_name": "chaoshishangye",                    "params": {                        "cmcstitle": "收银员",                        "pagefrom": "daleiye"                    },                    "meta_url": "https://app.58.com/api/list"                }            }        }, {            "list_name": "job",            "name": "餐饮服务",            "action": {                "action": "pagetrans",                "tradeline": "job",                "content": {                    "cateid": "13915",                    "title": "餐饮服务",                    "filterParams": {                        "filtercate": "zplvyoujiudian"                    },                    "pagetype": "list",                    "list_name": "zplvyoujiudian",                    "params": {                        "cmcstitle": "餐饮服务",                        "pagefrom": "daleiye"                    },                    "meta_url": "https://app.58.com/api/list"                }            }        }]    }]}