{
  "msg": "OK",
  "result": {
    "getListInfo": {
      "commonio": {
        "infoType": "quanzhi"
      },
      "dispCateId": "9224",
      "infolist": [{
        "action": {
          "action": "pagetrans",
          "content": {
            "recomInfo": "false",
            "data_url": "https://app.58.com/api/detail",
            "userID": "11754235171846",
            "title": "详情",
            "use_cache": "true",
            "local_name": "bj",
            "pagetype": "detail",
            "infoID": "29625453605803",
            "list_name": "zhuanye",
            "full_path": "9224,13926,24496",
            "infoSource": "6",
            "countType": "3"
          },
          "tradeline": "job"
        },
        "biz": true,
        "checkbox": true,
        "countType": "",
        "dataType": "promation",
        "dateShow": "17km",
        "hasyan": true,
        "iconList": [
          "icon_huiyuan"],
        "infoID": 29625453605803,
        "infoSource": "6",
        "isApply": "0",
        "ishr": false,
        "jobname": "招生/课程顾问",
        "quyu": "朝阳-建外大街",
        "qyname": "北京优壹博学教育科技有限...",
        "sidDict": {
          "PGTID": "",
          "GTID": "99999105780357196347651690856591"
        },
        "title": "成长顾问",
        "userID": 11754235171846,
        "welfare": "五险一金,年底双薪,加班补助",
        "xinzi": "5000-8000元/月",
        "slot": "appnearlist,99999105780357196347651690856591"
      }, {
        "action": {
          "action": "pagetrans",
          "content": {
            "recomInfo": "false",
            "data_url": "https://app.58.com/api/detail",
            "userID": "18883669852423",
            "title": "详情",
            "use_cache": "true",
            "local_name": "bj",
            "pagetype": "detail",
            "infoID": "29480337233485",
            "list_name": "zpcaiwushenji",
            "full_path": "9224,13907,10398",
            "infoSource": "0",
            "countType": "0"
          },
          "tradeline": "job"
        },
        "biz": true,
        "checkbox": true,
        "countType": "",
        "dataType": "promation",
        "dateShow": "8km",
        "hasyan": true,
        "iconList": [],
        "infoID": 29480337233485,
        "infoSource": "0",
        "isApply": "0",
        "ishr": false,
        "jobname": "会计/会计师",
        "quyu": "朝阳-呼家楼",
        "qyname": "申正融信（北京）财务顾问...",
        "sidDict": {
          "PGTID": "",
          "GTID": "99999105780357196347651690856591"
        },
        "title": "高薪诚聘记账会计",
        "userID": 18883669852423,
        "welfare": "周末双休,交通补助,饭补,话补",
        "xinzi": "5000-8000元/月",
        "slot": "appnearlist,99999105780357196347651690856591"
      }, {
        "action": {
          "action": "pagetrans",
          "content": {
            "recomInfo": "false",
            "data_url": "https://app.58.com/api/detail",
            "userID": "22838766977542",
            "title": "详情",
            "use_cache": "true",
            "local_name": "bj",
            "pagetype": "detail",
            "infoID": "23720588301880",
            "list_name": "zptaobao",
            "full_path": "9224,38658,38659",
            "infoSource": "6",
            "countType": "3"
          },
          "tradeline": "job"
        },
        "biz": true,
        "checkbox": true,
        "countType": "",
        "dataType": "promation",
        "dateShow": "10km",
        "hasyan": true,
        "iconList": [
          "icon_huiyuan"],
        "infoID": 23720588301880,
        "infoSource": "6",
        "isApply": "0",
        "ishr": false,
        "jobname": "网店店长",
        "quyu": "朝阳-双井",
        "qyname": "北京群坤览山电子商务有限...",
        "sidDict": {
          "PGTID": "",
          "GTID": "99999105780357196347651690856591"
        },
        "title": "品牌天猫店长10K以上",
        "userID": 22838766977542,
        "welfare": "年底双薪,加班补助",
        "xinzi": "12000-20000元/月",
        "slot": "appnearlist,99999105780357196347651690856591"
      }, {
        "action": {
          "action": "pagetrans",
          "content": {
            "recomInfo": "false",
            "data_url": "https://app.58.com/api/detail",
            "userID": "40622115521042",
            "title": "详情",
            "use_cache": "true",
            "local_name": "bj",
            "pagetype": "detail",
            "infoID": "30401503957583",
            "list_name": "meirongjianshen",
            "full_path": "9224,13933,9793",
            "infoSource": "6",
            "countType": "3"
          },
          "tradeline": "job"
        },
        "biz": true,
        "checkbox": true,
        "countType": "",
        "dataType": "promation",
        "dateShow": "5km",
        "hasyan": true,
        "iconList": [
          "icon_huiyuan"],
        "infoID": 30401503957583,
        "infoSource": "6",
        "isApply": "0",
        "ishr": false,
        "jobname": "美发助理/学徒",
        "quyu": "朝阳-望京",
        "qyname": "北京珏立美容美发有限公司",
        "sidDict": {
          "PGTID": "",
          "GTID": "99999105780357196347651690856591"
        },
        "title": "发型师助理",
        "userID": 40622115521042,
        "welfare": "包住,饭补",
        "xinzi": "3000-5000元/月",
        "slot": "appnearlist,99999105780357196347651690856591"
      }, {
        "action": {
          "action": "pagetrans",
          "content": {
            "recomInfo": "false",
            "data_url": "https://app.58.com/api/detail",
            "userID": "46568405182996",
            "title": "详情",
            "use_cache": "true",
            "local_name": "bj",
            "pagetype": "detail",
            "infoID": "29669870751927",
            "list_name": "yewu",
            "full_path": "9224,13901,9546",
            "infoSource": "0",
            "countType": "0"
          },
          "tradeline": "job"
        },
        "biz": true,
        "checkbox": true,
        "countType": "",
        "dataType": "promation",
        "dateShow": "5km",
        "hasyan": true,
        "iconList": [],
        "infoID": 29669870751927,
        "infoSource": "0",
        "isApply": "0",
        "ishr": false,
        "jobname": "销售代表",
        "quyu": "朝阳-三元桥",
        "qyname": "北京商跃投资顾问有限公司",
        "sidDict": {
          "PGTID": "",
          "GTID": "99999105780357196347651690856591"
        },
        "title": "销售代表",
        "userID": 46568405182996,
        "welfare": "五险一金,年底双薪,周末双休,交通补助,饭补,话补",
        "xinzi": "8000-12000元/月",
        "slot": "appnearlist,99999105780357196347651690856591"
      }, {
        "action": {
          "action": "pagetrans",
          "content": {
            "recomInfo": "false",
            "data_url": "https://app.58.com/api/detail",
            "userID": "47662792845840",
            "title": "详情",
            "use_cache": "true",
            "local_name": "bj",
            "pagetype": "detail",
            "infoID": "30422868910665",
            "list_name": "chaoshishangye",
            "full_path": "9224,13802,13804",
            "infoSource": "15",
            "countType": "0"
          },
          "tradeline": "job"
        },
        "biz": true,
        "checkbox": true,
        "countType": "",
        "dataType": "promation",
        "dateShow": "306m",
        "hasyan": true,
        "iconList": [],
        "infoID": 30422868910665,
        "infoSource": "15",
        "isApply": "0",
        "ishr": false,
        "jobname": "收银员",
        "quyu": "朝阳-酒仙桥",
        "qyname": "北京千龙网都坤鹏上网服务...",
        "sidDict": {
          "PGTID": "",
          "GTID": "99999105780357196347651690856591"
        },
        "title": "收银员",
        "userID": 47662792845840,
        "welfare": "包住,加班补助",
        "xinzi": "2000-3000元/月",
        "slot": "appnearlist,99999105780357196347651690856591"
      }, {
        "action": {
          "action": "pagetrans",
          "content": {
            "recomInfo": "false",
            "data_url": "https://app.58.com/api/detail",
            "userID": "43172183851281",
            "title": "详情",
            "use_cache": "true",
            "local_name": "bj",
            "pagetype": "detail",
            "infoID": "27925350261712",
            "list_name": "zplvyoujiudian",
            "full_path": "9224,13915,9640",
            "infoSource": "0",
            "countType": "0"
          },
          "tradeline": "job"
        },
        "biz": true,
        "checkbox": true,
        "countType": "",
        "dataType": "promation",
        "dateShow": "9m",
        "hasyan": true,
        "iconList": [],
        "infoID": 27925350261712,
        "infoSource": "0",
        "isApply": "0",
        "ishr": false,
        "jobname": "服务员",
        "quyu": "朝阳-大山子",
        "qyname": "麻辣烫",
        "sidDict": {
          "PGTID": "",
          "GTID": "99999105780357196347651690856591"
        },
        "title": "服务员",
        "userID": 43172183851281,
        "welfare": "包住,话补",
        "xinzi": "3000-5000元/月",
        "slot": "appnearlist,99999105780357196347651690856591"
      }, {
        "action": {
          "action": "pagetrans",
          "content": {
            "recomInfo": "false",
            "data_url": "https://app.58.com/api/detail",
            "userID": "35694644270358",
            "title": "详情",
            "use_cache": "true",
            "local_name": "bj",
            "pagetype": "detail",
            "infoID": "28137178060988",
            "list_name": "chaoshishangye",
            "full_path": "9224,13802,13810",
            "infoSource": "6",
            "countType": "0"
          },
          "tradeline": "job"
        },
        "biz": true,
        "checkbox": true,
        "countType": "",
        "dataType": "promation",
        "dateShow": "21m",
        "hasyan": true,
        "iconList": [
          "icon_huiyuan"],
        "infoID": 28137178060988,
        "infoSource": "6",
        "isApply": "0",
        "ishr": false,
        "jobname": "店员/营业员",
        "quyu": "朝阳-大山子",
        "qyname": "昆明OK科技",
        "sidDict": {
          "PGTID": "",
          "GTID": "99999105780357196347651690856591"
        },
        "title": "营业员",
        "userID": 35694644270358,
        "welfare": "加班补助",
        "xinzi": "3000-5000元/月",
        "slot": "appnearlist,99999105780357196347651690856591"
      }, {
        "action": {
          "action": "pagetrans",
          "content": {
            "recomInfo": "false",
            "data_url": "https://app.58.com/api/detail",
            "userID": "25976875823366",
            "title": "详情",
            "use_cache": "true",
            "local_name": "bj",
            "pagetype": "detail",
            "infoID": "30313120936643",
            "list_name": "chaoshishangye",
            "full_path": "9224,13802,13804",
            "infoSource": "0",
            "countType": "0"
          },
          "tradeline": "job"
        },
        "biz": true,
        "checkbox": true,
        "countType": "",
        "dataType": "promation",
        "dateShow": "319m",
        "hasyan": true,
        "iconList": [],
        "infoID": 30313120936643,
        "infoSource": "0",
        "isApply": "0",
        "ishr": false,
        "jobname": "收银员",
        "quyu": "朝阳-酒仙桥",
        "qyname": "北京千龙网都坤鹏上网服务...",
        "sidDict": {
          "PGTID": "",
          "GTID": "99999105780357196347651690856591"
        },
        "title": "收银员",
        "userID": 25976875823366,
        "welfare": "包住,包吃,加班补助",
        "xinzi": "2000-3000元/月",
        "slot": "appnearlist,99999105780357196347651690856591"
      }, {
        "action": {
          "action": "pagetrans",
          "content": {
            "recomInfo": "false",
            "data_url": "https://app.58.com/api/detail",
            "userID": "35113139115019",
            "title": "详情",
            "use_cache": "true",
            "local_name": "bj",
            "pagetype": "detail",
            "infoID": "28077712474423",
            "list_name": "chaoshishangye",
            "full_path": "9224,13802,13804",
            "infoSource": "15",
            "countType": "0"
          },
          "tradeline": "job"
        },
        "biz": true,
        "checkbox": true,
        "countType": "",
        "dataType": "promation",
        "dateShow": "229m",
        "hasyan": true,
        "iconList": [],
        "infoID": 28077712474423,
        "infoSource": "15",
        "isApply": "0",
        "ishr": false,
        "jobname": "收银员",
        "quyu": "朝阳-酒仙桥",
        "qyname": "北京千龙网都坤鹏上网服务...",
        "sidDict": {
          "PGTID": "",
          "GTID": "99999105780357196347651690856591"
        },
        "title": "收银员",
        "userID": 35113139115019,
        "welfare": "包住,包吃",
        "xinzi": "2000-3000元/月",
        "slot": "appnearlist,99999105780357196347651690856591"
      }],
      "lastPage": false,
      "pageIndex": 1,
      "pageSize": 10,
      "pubTitle": "全职招聘",
      "pubUrl": "https://qy.m.58.com/toselectpage/?wbpagefrom\u003dfuncpage",
      "searchNum": 100,
      "showLocalTip": false,
      "sidDict": {
        "PGTID": "",
        "GTID": "99999105780357196347651690856591"
      }
    },
    "getSortInfo": {
      "text": "综合排序",
      "id": "sort",
      "value": "zonghe",
      "subList": [{
        "selected": true,
        "text": "综合排序",
        "value": "zonghe"
      }, {
        "selected": false,
        "text": "最新发布",
        "value": "postdate_desc"
      }, {
        "selected": false,
        "text": "距离优先",
        "value": "coords_desc"
      }]
    },
    "getFilterInfo": {
      "text": "10公里以内 | 全类别 | 不限",
      "dataList": [{
        "itemType": "title",
        "title": "范围"
      }, {
        "itemType": "fanwei",
        "id": "range",
        "value": "10",
        "minValue": "0.1",
        "maxValue": "10",
        "subList": [{
          "text": "骑行约需3分钟，步行约需8分钟",
          "minValue": "0.1",
          "maxValue": "0.5"
        }, {
          "text": "骑行约需5分钟，步行约需15分钟",
          "minValue": "0.5",
          "maxValue": "1"
        }, {
          "text": "骑行约需15分钟，步行约需30分钟",
          "minValue": "1",
          "maxValue": "2"
        }, {
          "text": "乘车约需10分钟，骑行约需23分钟",
          "minValue": "2",
          "maxValue": "3"
        }, {
          "text": "乘车约需15分钟，骑行约需30分钟",
          "minValue": "3",
          "maxValue": "5"
        }, {
          "text": "乘车约需20分钟，开车约需13分钟",
          "minValue": "5",
          "maxValue": "7"
        }, {
          "text": "乘车约需30分钟，开车约需21分钟",
          "minValue": "7",
          "maxValue": "10"
        }]
      }, {
        "itemType": "subFilter",
        "id": "cateid",
        "title": "职位类别",
        "subtitle": "全类别",
        "value": "9224",
        "action": {
          "action": "pagetrans",
          "content": {
            "action": "pagetrans",
            "pagetype": "cityCateFilter",
            "showsift": true,
            "type": "1",
            "isReturn": true
          },
          "tradeline": "job"
        }
      }, {
        "itemType": "title",
        "title": "薪资"
      }, {
        "itemType": "itemFilter",
        "id": "param5354",
        "value": "-1",
        "colnum": "3",
        "subList": [{
          "selected": true,
          "text": "不限",
          "value": "-1"
        }, {
          "selected": false,
          "text": "1000以下",
          "value": "0_999"
        }, {
          "selected": false,
          "text": "1000-2000元",
          "value": "1000_1999"
        }, {
          "selected": false,
          "text": "2000-3000元",
          "value": "2000_2999"
        }, {
          "selected": false,
          "text": "3000-5000元",
          "value": "3000_4999"
        }, {
          "selected": false,
          "text": "5000-8000元",
          "value": "5000_7999"
        }, {
          "selected": false,
          "text": "8000-12000元",
          "value": "8000_11999"
        }, {
          "selected": false,
          "text": "12000-20000元",
          "value": "12000_19999"
        }, {
          "selected": false,
          "text": "20000-25000元",
          "value": "20000_24999"
        }, {
          "selected": false,
          "text": "25000元以上",
          "value": "25000_999999"
        }]
      }, {
        "itemType": "title",
        "title": "福利"
      }, {
        "itemType": "itemFilter",
        "id": "param6693",
        "value": "-1",
        "colnum": "4",
        "subList": [{
          "selected": true,
          "text": "不限",
          "value": "-1"
        }, {
          "selected": false,
          "text": "五险一金",
          "value": "1"
        }, {
          "selected": false,
          "text": "包住",
          "value": "8"
        }, {
          "selected": false,
          "text": "包吃",
          "value": "10"
        }, {
          "selected": false,
          "text": "年底双薪",
          "value": "9"
        }, {
          "selected": false,
          "text": "周末双休",
          "value": "6"
        }, {
          "selected": false,
          "text": "交通补助",
          "value": "5"
        }, {
          "selected": false,
          "text": "加班补助",
          "value": "7"
        }, {
          "selected": false,
          "text": "饭补",
          "value": "2"
        }, {
          "selected": false,
          "text": "话补",
          "value": "3"
        }, {
          "selected": false,
          "text": "房补",
          "value": "4"
        }, {
          "selected": false,
          "text": "环境好",
          "value": "12"
        }]
      }, {
        "itemType": "zaixian",
        "id": "zaixian",
        "title": "招聘方在线交谈",
        "value": "0"
      }, {
        "itemType": "subFilter",
        "id": "param5363",
        "title": "公司行业",
        "subtitle": "不限",
        "value": "-1",
        "action": {
          "action": "pagetrans",
          "content": {
            "action": "pagetrans",
            "pagetype": "mapSubFilter",
            "showsift": true,
            "subList": [{
              "selected": true,
              "text": "不限",
              "value": "-1"
            }, {
              "selected": false,
              "text": "互联网/电子商务",
              "value": "244"
            }, {
              "selected": false,
              "text": "计算机软件",
              "value": "245"
            }, {
              "selected": false,
              "text": "计算机硬件",
              "value": "246"
            }, {
              "selected": false,
              "text": "IT服务/系统集成",
              "value": "247"
            }, {
              "selected": false,
              "text": "通信/电信",
              "value": "248"
            }, {
              "selected": false,
              "text": "电子技术/半导体/集成电路",
              "value": "249"
            }, {
              "selected": false,
              "text": "仪器仪表/工业自动化",
              "value": "250"
            }, {
              "selected": false,
              "text": "财务/审计",
              "value": "251"
            }, {
              "selected": false,
              "text": "金融/银行",
              "value": "252"
            }, {
              "selected": false,
              "text": "保险",
              "value": "253"
            }, {
              "selected": false,
              "text": "贸易/进出口",
              "value": "254"
            }, {
              "selected": false,
              "text": "批发/零售",
              "value": "255"
            }, {
              "selected": false,
              "text": "快速消费品",
              "value": "256"
            }, {
              "selected": false,
              "text": "耐用消费品（家具/家电等）",
              "value": "257"
            }, {
              "selected": false,
              "text": "服装/纺织/皮革",
              "value": "258"
            }, {
              "selected": false,
              "text": "办公用品及设备",
              "value": "259"
            }, {
              "selected": false,
              "text": "钢铁/机械/设备/重工",
              "value": "260"
            }, {
              "selected": false,
              "text": "汽车/摩托车",
              "value": "261"
            }, {
              "selected": false,
              "text": "医疗/保健/卫生/美容",
              "value": "262"
            }, {
              "selected": false,
              "text": "生物/制药/医疗器械",
              "value": "263"
            }, {
              "selected": false,
              "text": "广告/创意",
              "value": "264"
            }, {
              "selected": false,
              "text": "公关/市场推广/会展",
              "value": "265"
            }, {
              "selected": false,
              "text": "文体/影视/艺术",
              "value": "266"
            }, {
              "selected": false,
              "text": "媒体传播",
              "value": "267"
            }, {
              "selected": false,
              "text": "出版/印刷/造纸",
              "value": "268"
            }, {
              "selected": false,
              "text": "房地产/物业管理",
              "value": "269"
            }, {
              "selected": false,
              "text": "建筑/建材",
              "value": "270"
            }, {
              "selected": false,
              "text": "家居/室内设计/装潢",
              "value": "271"
            }, {
              "selected": false,
              "text": "中介/专业服务",
              "value": "272"
            }, {
              "selected": false,
              "text": "检测/认证",
              "value": "273"
            }, {
              "selected": false,
              "text": "法律/法务",
              "value": "274"
            }, {
              "selected": false,
              "text": "教育/科研/培训",
              "value": "275"
            }, {
              "selected": false,
              "text": "旅游/酒店",
              "value": "276"
            }, {
              "selected": false,
              "text": "娱乐休闲/餐饮/服务",
              "value": "277"
            }, {
              "selected": false,
              "text": "交通/运输/物流",
              "value": "278"
            }, {
              "selected": false,
              "text": "航天/航空",
              "value": "279"
            }, {
              "selected": false,
              "text": "化工/采掘/冶炼",
              "value": "280"
            }, {
              "selected": false,
              "text": "能源（电力/水利/矿产）",
              "value": "281"
            }, {
              "selected": false,
              "text": "原材料和加工",
              "value": "282"
            }, {
              "selected": false,
              "text": "政府/非盈利机构",
              "value": "283"
            }, {
              "selected": false,
              "text": "环保",
              "value": "284"
            }, {
              "selected": false,
              "text": "农林牧渔",
              "value": "285"
            }, {
              "selected": false,
              "text": "多元化集团",
              "value": "286"
            }, {
              "selected": false,
              "text": "人力资源服务",
              "value": "3527"
            }, {
              "selected": false,
              "text": "其他行业",
              "value": "287"
            }, {
              "selected": false,
              "text": "陶瓷卫浴",
              "value": "288"
            }, {
              "selected": false,
              "text": "家具灯饰",
              "value": "289"
            }, {
              "selected": false,
              "text": "纺织服饰",
              "value": "290"
            }, {
              "selected": false,
              "text": "游戏",
              "value": "291"
            }, {
              "selected": false,
              "text": "咨询/顾问",
              "value": "294"
            }, {
              "selected": false,
              "text": "信托/拍卖",
              "value": "295"
            }, {
              "selected": false,
              "text": "租赁服务",
              "value": "296"
            }]
          },
          "tradeline": "job"
        }
      }, {
        "itemType": "title",
        "title": "工作经验"
      }, {
        "itemType": "itemFilter",
        "id": "param5357",
        "value": "-1",
        "colnum": "4",
        "subList": [{
          "selected": true,
          "text": "不限",
          "value": "-1"
        }, {
          "selected": false,
          "text": "1年以下",
          "value": "4"
        }, {
          "selected": false,
          "text": "1-2年",
          "value": "5"
        }, {
          "selected": false,
          "text": "3-5年",
          "value": "6"
        }, {
          "selected": false,
          "text": "6-7年",
          "value": "7"
        }, {
          "selected": false,
          "text": "8-10年",
          "value": "8"
        }, {
          "selected": false,
          "text": "10年以上",
          "value": "9"
        }]
      }, {
        "itemType": "title",
        "title": "学历要求"
      }, {
        "itemType": "itemFilter",
        "id": "param5356",
        "value": "-1",
        "colnum": "4",
        "subList": [{
          "selected": true,
          "text": "不限",
          "value": "-1"
        }, {
          "selected": false,
          "text": "高中",
          "value": "2"
        }, {
          "selected": false,
          "text": "技校",
          "value": "3"
        }, {
          "selected": false,
          "text": "中专",
          "value": "4"
        }, {
          "selected": false,
          "text": "大专",
          "value": "5"
        }, {
          "selected": false,
          "text": "本科",
          "value": "6"
        }, {
          "selected": false,
          "text": "硕士",
          "value": "7"
        }, {
          "selected": false,
          "text": "博士",
          "value": "8"
        }]
      }, {
        "itemType": "title",
        "title": "在结果中搜索"
      }, {
        "itemType": "sousuo",
        "id": "keyword",
        "maxLength": "10",
        "value": ""
      }]
    }
  },
  "status": 0
}