{    "salary_intension": [        {            "tagName": "1000元以下",            "tagid": "1_999",            "tagType": "xzm"        },        {            "tagName": "1000-2000元",            "tagid": "1000_2000",            "tagType": "xzm"        },        {            "tagName": "2000-3000元",            "tagid": "2000_3000",            "tagType": "xzm"        },        {            "tagName": "3000-5000元",            "tagid": "3000_5000",            "tagType": "xzm"        },        {            "tagName": "5000-8000元",            "tagid": "5000_8000",            "tagType": "xzm"        },        {            "tagName": "8000-12000元",            "tagid": "8000_12000",            "tagType": "xzm"        },        {            "tagName": "12000-20000元",            "tagid": "12000_20000",            "tagType": "xzm"        },        {            "tagName": "20000-25000元",            "tagid": "20000_25000",            "tagType": "xzm"        },        {            "tagName": "25000元以上",            "tagid": "25000_999999",            "tagType": "xzm"        }    ]}