{
  "cateList": [
    {
      "name": "销售",
      "id": "13901",
      "subList": [
        {
          "name": "全部",
          "id": "13901"
        },
        {
          "name": "销售代表",
          "id": "9546"
        },
        {
          "name": "电话销售",
          "id": "9562"
        },
        {
          "name": "经理",
          "id": "9666"
        },
        {
          "name": "销售助理",
          "id": "9553"
        },
        {
          "name": "销售总监",
          "id": "23128"
        },
        {
          "name": "销售支持",
          "id": "9560"
        },
        {
          "name": "汽车销售",
          "id": "23114"
        },
        {
          "name": "医药代表",
          "id": "10724"
        },
        {
          "name": "器械销售",
          "id": "23118"
        },
        {
          "name": "网络销售",
          "id": "23120"
        },
        {
          "name": "团购销售",
          "id": "24415"
        },
        {
          "name": "区域销售",
          "id": "9565"
        },
        {
          "name": "渠道专员",
          "id": "9584"
        },
        {
          "name": "渠道经理",
          "id": "24411"
        },
        {
          "name": "客户经理",
          "id": "9593"
        },
        {
          "name": "大客户经理",
          "id": "24414"
        },
        {
          "name": "会籍顾问",
          "id": "28711"
        },
        {
          "name": "销售培训师",
          "id": "59985"
        },
        {
          "name": "销售分析师",
          "id": "59984"
        }
      ]
    },
    {
      "name": "客服",
      "id": "13902",
      "subList": [
        {
          "name": "全部",
          "id": "13902"
        },
        {
          "name": "客服专员",
          "id": "9672"
        },
        {
          "name": "电话客服",
          "id": "9676"
        },
        {
          "name": "经理",
          "id": "9671"
        },
        {
          "name": "客服总监",
          "id": "9668"
        },
        {
          "name": "售后服务",
          "id": "9680"
        },
        {
          "name": "客户关系",
          "id": "9675"
        },
        {
          "name": "在线客服",
          "id": "59989"
        },
        {
          "name": "投诉专员",
          "id": "67688"
        },
        {
          "name": "VIP专员",
          "id": "67689"
        }
      ]
    },
    {
      "name": "人事\/行政\/后勤",
      "id": "13906",
      "subList": [
        {
          "name": "全部",
          "id": "13906"
        },
        {
          "name": "文员",
          "id": "12152"
        },
        {
          "name": "前台",
          "id": "10390"
        },
        {
          "name": "秘书",
          "id": "12153"
        },
        {
          "name": "人事专员",
          "id": "10387"
        },
        {
          "name": "人事经理",
          "id": "10386"
        },
        {
          "name": "人事总监",
          "id": "24417"
        },
        {
          "name": "行政助理",
          "id": "23167"
        },
        {
          "name": "行政主管",
          "id": "23171"
        },
        {
          "name": "行政总监",
          "id": "24419"
        },
        {
          "name": "薪酬绩效",
          "id": "10389"
        },
        {
          "name": "招聘专员",
          "id": "24425"
        },
        {
          "name": "招聘经理",
          "id": "24427"
        },
        {
          "name": "猎头顾问",
          "id": "23144"
        },
        {
          "name": "培训专员",
          "id": "24421"
        },
        {
          "name": "培训经理",
          "id": "24423"
        },
        {
          "name": "后勤管理",
          "id": "10392"
        }
      ]
    },
    {
      "name": "餐饮",
      "id": "13915",
      "subList": [
        {
          "name": "全部",
          "id": "13915"
        },
        {
          "name": "厨师",
          "id": "9644"
        },
        {
          "name": "面点师",
          "id": "9645"
        },
        {
          "name": "服务员",
          "id": "9640"
        },
        {
          "name": "传菜员",
          "id": "9643"
        },
        {
          "name": "配菜打荷",
          "id": "9656"
        },
        {
          "name": "洗碗工",
          "id": "9646"
        },
        {
          "name": "后厨",
          "id": "9651"
        },
        {
          "name": "茶艺师",
          "id": "24522"
        },
        {
          "name": "咖啡师",
          "id": "38691"
        },
        {
          "name": "迎宾",
          "id": "10624"
        },
        {
          "name": "大堂经理",
          "id": "10622"
        },
        {
          "name": "预订员",
          "id": "38692"
        },
        {
          "name": "送餐员",
          "id": "36513"
        },
        {
          "name": "餐饮管理",
          "id": "10619"
        },
        {
          "name": "学徒",
          "id": "38689"
        },
        {
          "name": "杂工",
          "id": "38690"
        }
      ]
    },
    {
      "name": "旅游",
      "id": "38674",
      "subList": [
        {
          "name": "全部",
          "id": "38674"
        },
        {
          "name": "订票员",
          "id": "38697"
        },
        {
          "name": "导游",
          "id": "10628"
        },
        {
          "name": "计调",
          "id": "38698"
        },
        {
          "name": "签证专员",
          "id": "24526"
        },
        {
          "name": "旅游顾问",
          "id": "23136"
        },
        {
          "name": "线路策划 ",
          "id": "61105"
        }
      ]
    },
    {
      "name": "酒店",
      "id": "391097",
      "subList": [
        {
          "name": "全部",
          "id": "391097"
        },
        {
          "name": "楼层经理",
          "id": "391096"
        },
        {
          "name": "洗衣房经理",
          "id": "391099"
        },
        {
          "name": "公共区域经理",
          "id": "391100"
        },
        {
          "name": "客房服务员",
          "id": "391102"
        },
        {
          "name": "房务部总监",
          "id": "391103"
        },
        {
          "name": "客房部经理",
          "id": "391104"
        },
        {
          "name": "预订经理",
          "id": "391105"
        },
        {
          "name": "预订员",
          "id": "391106"
        },
        {
          "name": "总机经理",
          "id": "391107"
        },
        {
          "name": "总机员工",
          "id": "391108"
        },
        {
          "name": "前厅部经理",
          "id": "391109"
        },
        {
          "name": "前台主管",
          "id": "391110"
        },
        {
          "name": "礼宾经理",
          "id": "391111"
        },
        {
          "name": "宾客关系主任",
          "id": "391112"
        },
        {
          "name": "前厅部员工",
          "id": "391113"
        },
        {
          "name": "大堂副理",
          "id": "391114"
        },
        {
          "name": "值班经理",
          "id": "391115"
        },
        {
          "name": "前台\/接待",
          "id": "391116"
        },
        {
          "name": "救生员",
          "id": "391117"
        },
        {
          "name": "总经理",
          "id": "391118"
        },
        {
          "name": "总经理助理",
          "id": "391119"
        },
        {
          "name": "酒店店长",
          "id": "391120"
        }
      ]
    },
    {
      "name": "超市\/百货\/零售",
      "id": "13802",
      "subList": [
        {
          "name": "全部",
          "id": "13802"
        },
        {
          "name": "促销导购",
          "id": "13805"
        },
        {
          "name": "营业员",
          "id": "13810"
        },
        {
          "name": "收银员",
          "id": "13804"
        },
        {
          "name": "理货员",
          "id": "13821"
        },
        {
          "name": "防损员",
          "id": "23108"
        },
        {
          "name": "店长",
          "id": "13814"
        },
        {
          "name": "招商经理",
          "id": "23109"
        },
        {
          "name": "奢侈品业务",
          "id": "24556"
        },
        {
          "name": "品类管理",
          "id": "24560"
        },
        {
          "name": "食品加工",
          "id": "24563"
        },
        {
          "name": "督导",
          "id": "38738"
        }
      ]
    },
    {
      "name": "美容\/美发",
      "id": "13933",
      "subList": [
        {
          "name": "全部",
          "id": "13933"
        },
        {
          "name": "发型师",
          "id": "9784"
        },
        {
          "name": "美容师",
          "id": "9785"
        },
        {
          "name": "化妆师",
          "id": "9788"
        },
        {
          "name": "美发助理",
          "id": "9793"
        },
        {
          "name": "洗头工",
          "id": "9792"
        },
        {
          "name": "美容助理",
          "id": "12277"
        },
        {
          "name": "美甲师",
          "id": "9795"
        },
        {
          "name": "美体师",
          "id": "39107"
        },
        {
          "name": "美容导师",
          "id": "39106"
        },
        {
          "name": "美容店长",
          "id": "9797"
        },
        {
          "name": "美容顾问",
          "id": "9790"
        },
        {
          "name": "彩妆培训师",
          "id": "24520"
        },
        {
          "name": "宠物美容",
          "id": "12284"
        },
        {
          "name": "形象设计师",
          "id": "61186"
        }
      ]
    },
    {
      "name": "保健按摩",
      "id": "38679",
      "subList": [
        {
          "name": "全部",
          "id": "38679"
        },
        {
          "name": "按摩师",
          "id": "9794"
        },
        {
          "name": "针灸推拿",
          "id": "38732"
        },
        {
          "name": "足疗师",
          "id": "12281"
        },
        {
          "name": "搓澡工",
          "id": "38733"
        }
      ]
    },
    {
      "name": "运动健身",
      "id": "38680",
      "subList": [
        {
          "name": "全部",
          "id": "38680"
        },
        {
          "name": "健身教练",
          "id": "12282"
        },
        {
          "name": "瑜伽老师",
          "id": "12283"
        },
        {
          "name": "舞蹈师",
          "id": "38734"
        },
        {
          "name": "游泳教练",
          "id": "38735"
        },
        {
          "name": "台球教练",
          "id": "38736"
        },
        {
          "name": "高尔夫助理",
          "id": "38737"
        }
      ]
    },
    {
      "name": "普工\/技工",
      "id": "13916",
      "subList": [
        {
          "name": "全部",
          "id": "13916"
        },
        {
          "name": "普工",
          "id": "9753"
        },
        {
          "name": "电工",
          "id": "9761"
        },
        {
          "name": "木工",
          "id": "9704"
        },
        {
          "name": "钳工",
          "id": "9763"
        },
        {
          "name": "焊工",
          "id": "9764"
        },
        {
          "name": "钣金工",
          "id": "9765"
        },
        {
          "name": "油漆工",
          "id": "9706"
        },
        {
          "name": "缝纫工",
          "id": "9768"
        },
        {
          "name": "锅炉工",
          "id": "9769"
        },
        {
          "name": "综合维修工",
          "id": "12221"
        },
        {
          "name": "制冷水暖工",
          "id": "9772"
        },
        {
          "name": "车工\/铣工",
          "id": "9767"
        },
        {
          "name": "叉车工",
          "id": "23142"
        },
        {
          "name": "模具工",
          "id": "23146"
        },
        {
          "name": "手机维修",
          "id": "28723"
        },
        {
          "name": "电梯工",
          "id": "28856"
        },
        {
          "name": "操作工",
          "id": "10649"
        },
        {
          "name": "包装工",
          "id": "24516"
        },
        {
          "name": "水泥工",
          "id": "38699"
        },
        {
          "name": "钢筋工",
          "id": "38700"
        },
        {
          "name": "管道工",
          "id": "38701"
        },
        {
          "name": "瓦工",
          "id": "38702"
        },
        {
          "name": "组装工",
          "id": "38703"
        },
        {
          "name": "样衣工",
          "id": "38704"
        },
        {
          "name": "染工",
          "id": "38705"
        },
        {
          "name": "纺织工",
          "id": "38706"
        },
        {
          "name": "印花工",
          "id": "38707"
        },
        {
          "name": "压熨工",
          "id": "38708"
        },
        {
          "name": "打磨冲压",
          "id": "61107"
        }
      ]
    },
    {
      "name": "生产管理\/研发",
      "id": "38675",
      "subList": [
        {
          "name": "全部",
          "id": "38675"
        },
        {
          "name": "质量管理",
          "id": "10354"
        },
        {
          "name": "生产组长",
          "id": "9756"
        },
        {
          "name": "主任",
          "id": "10643"
        },
        {
          "name": "高级工程师",
          "id": "10632"
        },
        {
          "name": "设备管理",
          "id": "10636"
        },
        {
          "name": "工艺设计",
          "id": "10639"
        },
        {
          "name": "生产计划",
          "id": "10646"
        },
        {
          "name": "化验\/检验",
          "id": "23148"
        },
        {
          "name": "厂长\/副厂长",
          "id": "23150"
        },
        {
          "name": "生产总监",
          "id": "24507"
        },
        {
          "name": "维修工程师",
          "id": "24510"
        },
        {
          "name": "工业工程师",
          "id": "24512"
        },
        {
          "name": "材料工程师",
          "id": "24518"
        },
        {
          "name": "技术工程师",
          "id": "10633"
        },
        {
          "name": "结构工程师",
          "id": "67738"
        }
      ]
    },
    {
      "name": "建筑",
      "id": "13914",
      "subList": [
        {
          "name": "全部",
          "id": "13914"
        },
        {
          "name": "土木工程",
          "id": "12206"
        },
        {
          "name": "工程监理",
          "id": "12219"
        },
        {
          "name": "项目管理",
          "id": "12218"
        },
        {
          "name": "总工程师",
          "id": "12205"
        },
        {
          "name": "造价师",
          "id": "12217"
        },
        {
          "name": "幕墙工程师",
          "id": "12212"
        },
        {
          "name": "安防工程师",
          "id": "24572"
        },
        {
          "name": "安全管理",
          "id": "24574"
        },
        {
          "name": "道路桥梁",
          "id": "12208"
        },
        {
          "name": "给排水暖通",
          "id": "12211"
        },
        {
          "name": "测绘员",
          "id": "12216"
        },
        {
          "name": "园林设计",
          "id": "12215"
        },
        {
          "name": "资料员",
          "id": "24615"
        },
        {
          "name": "综合布线",
          "id": "28735"
        },
        {
          "name": "市政工程师",
          "id": "28733"
        },
        {
          "name": "岩土工程师",
          "id": "60331"
        },
        {
          "name": "水利工程师",
          "id": "60332"
        },
        {
          "name": "建筑设计师",
          "id": "60333"
        },
        {
          "name": "工程验收",
          "id": "60339"
        },
        {
          "name": "施工管理",
          "id": "60335"
        },
        {
          "name": "施工员",
          "id": "60336"
        },
        {
          "name": "开发报建",
          "id": "60337"
        },
        {
          "name": "爆破工程师",
          "id": "67720"
        },
        {
          "name": "设备管理",
          "id": "67721"
        },
        {
          "name": "楼宇自动化",
          "id": "67722"
        }
      ]
    },
    {
      "name": "物业管理",
      "id": "38672",
      "subList": [
        {
          "name": "全部",
          "id": "38672"
        },
        {
          "name": "物业维修",
          "id": "13820"
        },
        {
          "name": "物业经理",
          "id": "24576"
        },
        {
          "name": "物业中心",
          "id": "13835"
        },
        {
          "name": "合同管理",
          "id": "24578"
        },
        {
          "name": "招商经理",
          "id": "24617"
        }
      ]
    },
    {
      "name": "房产中介",
      "id": "38673",
      "subList": [
        {
          "name": "全部",
          "id": "38673"
        },
        {
          "name": "房产经纪人",
          "id": "10581"
        },
        {
          "name": "置业顾问",
          "id": "38682"
        },
        {
          "name": "店长",
          "id": "38683"
        },
        {
          "name": "房产店员",
          "id": "38684"
        },
        {
          "name": "房产客服",
          "id": "38685"
        },
        {
          "name": "房产内勤",
          "id": "38686"
        },
        {
          "name": "房地产策划",
          "id": "10577"
        },
        {
          "name": "房产评估师",
          "id": "38687"
        },
        {
          "name": "房地产投资",
          "id": "67736"
        },
        {
          "name": "房地产管理",
          "id": "67737"
        },
        {
          "name": "其他房产职位",
          "id": "38688"
        }
      ]
    },
    {
      "name": "家政保洁\/安保",
      "id": "13931",
      "subList": [
        {
          "name": "全部",
          "id": "13931"
        },
        {
          "name": "保洁",
          "id": "9719"
        },
        {
          "name": "保姆",
          "id": "9720"
        },
        {
          "name": "保安",
          "id": "13815"
        },
        {
          "name": "月嫂",
          "id": "9722"
        },
        {
          "name": "育婴师",
          "id": "22440"
        },
        {
          "name": "洗衣工",
          "id": "9648"
        },
        {
          "name": "钟点工",
          "id": "9835"
        },
        {
          "name": "送水工",
          "id": "36515"
        },
        {
          "name": "护工",
          "id": "28713"
        }
      ]
    },
    {
      "name": "司机\/交通服务",
      "id": "13928",
      "subList": [
        {
          "name": "全部",
          "id": "13928"
        },
        {
          "name": "商务",
          "id": "9475"
        },
        {
          "name": "货运",
          "id": "9495"
        },
        {
          "name": "客运",
          "id": "9541"
        },
        {
          "name": "出租车司机",
          "id": "9476"
        },
        {
          "name": "班车司机",
          "id": "9477"
        },
        {
          "name": "特种车司机",
          "id": "9531"
        },
        {
          "name": "驾校教练",
          "id": "9558"
        },
        {
          "name": "代驾司机",
          "id": "61181"
        },
        {
          "name": "列车操作",
          "id": "67361"
        },
        {
          "name": "船舶操作",
          "id": "67362"
        },
        {
          "name": "飞机操作",
          "id": "67363"
        },
        {
          "name": "公交乘务",
          "id": "67364"
        },
        {
          "name": "列车乘务",
          "id": "67365"
        },
        {
          "name": "船舶乘务",
          "id": "67366"
        },
        {
          "name": "船员\/水手",
          "id": "67367"
        },
        {
          "name": "航空乘务",
          "id": "67368"
        },
        {
          "name": "地勤人员",
          "id": "67369"
        }
      ]
    },
    {
      "name": "物流\/仓储",
      "id": "13913",
      "subList": [
        {
          "name": "全部",
          "id": "13913"
        },
        {
          "name": "快递员",
          "id": "10443"
        },
        {
          "name": "仓库管理员",
          "id": "10437"
        },
        {
          "name": "搬运工",
          "id": "9758"
        },
        {
          "name": "物流专员",
          "id": "10434"
        },
        {
          "name": "物流经理",
          "id": "10433"
        },
        {
          "name": "物流总监",
          "id": "24534"
        },
        {
          "name": "调度员",
          "id": "22434"
        },
        {
          "name": "仓库经理",
          "id": "24536"
        },
        {
          "name": "供应链管理",
          "id": "23152"
        },
        {
          "name": "单证员",
          "id": "23154"
        },
        {
          "name": "国际货运",
          "id": "28850"
        },
        {
          "name": "分拣员",
          "id": "60215"
        },
        {
          "name": "物料管理",
          "id": "67690"
        },
        {
          "name": "货运代理",
          "id": "67691"
        },
        {
          "name": "集装箱业务",
          "id": "67692"
        },
        {
          "name": "海关事务",
          "id": "67693"
        }
      ]
    },
    {
      "name": "贸易\/采购",
      "id": "13912",
      "subList": [
        {
          "name": "全部",
          "id": "13912"
        },
        {
          "name": "外贸专员",
          "id": "10525"
        },
        {
          "name": "外贸经理",
          "id": "10524"
        },
        {
          "name": "采购员",
          "id": "12193"
        },
        {
          "name": "采购助理",
          "id": "24538"
        },
        {
          "name": "采购经理",
          "id": "12192"
        },
        {
          "name": "报关员",
          "id": "10527"
        },
        {
          "name": "商务专员",
          "id": "10530"
        },
        {
          "name": "买手",
          "id": "12194"
        },
        {
          "name": "供应商开发",
          "id": "60325"
        }
      ]
    },
    {
      "name": "汽车制造\/服务",
      "id": "13923",
      "subList": [
        {
          "name": "全部",
          "id": "13923"
        },
        {
          "name": "汽车修理",
          "id": "9855"
        },
        {
          "name": "汽车美容",
          "id": "9770"
        },
        {
          "name": "洗车工",
          "id": "28715"
        },
        {
          "name": "轮胎工",
          "id": "36514"
        },
        {
          "name": "汽车设计",
          "id": "23198"
        },
        {
          "name": "装配工艺",
          "id": "23200"
        },
        {
          "name": "机械工程师",
          "id": "23202"
        },
        {
          "name": "电子工程师",
          "id": "23204"
        },
        {
          "name": "4S店管理",
          "id": "10760"
        },
        {
          "name": "汽车检验",
          "id": "23206"
        },
        {
          "name": "二手车评估",
          "id": "10766"
        },
        {
          "name": "总装工程师",
          "id": "24541"
        },
        {
          "name": "安全性能",
          "id": "24545"
        },
        {
          "name": "理赔专员",
          "id": "24549"
        },
        {
          "name": "停车管理员",
          "id": "28717"
        },
        {
          "name": "加油站员工",
          "id": "28719"
        },
        {
          "name": "零配件销售",
          "id": "61145"
        },
        {
          "name": "汽车修理工",
          "id": "67733"
        }
      ]
    },
    {
      "name": "淘宝职位",
      "id": "38658",
      "subList": [
        {
          "name": "全部",
          "id": "38658"
        },
        {
          "name": "淘宝客服",
          "id": "38660"
        },
        {
          "name": "淘宝美工",
          "id": "38661"
        },
        {
          "name": "店长",
          "id": "38659"
        },
        {
          "name": "店铺编辑",
          "id": "38662"
        },
        {
          "name": "网店运营",
          "id": "38663"
        },
        {
          "name": "活动策划",
          "id": "38664"
        }
      ]
    },
    {
      "name": "美术\/设计\/创意",
      "id": "38676",
      "subList": [
        {
          "name": "全部",
          "id": "38676"
        },
        {
          "name": "服装设计",
          "id": "10662"
        },
        {
          "name": "平面设计",
          "id": "10666"
        },
        {
          "name": "美编",
          "id": "24438"
        },
        {
          "name": "家居设计",
          "id": "10665"
        },
        {
          "name": "美术指导",
          "id": "10680"
        },
        {
          "name": "店面设计",
          "id": "12223"
        },
        {
          "name": "珠宝设计",
          "id": "23134"
        },
        {
          "name": "动画设计",
          "id": "23138"
        },
        {
          "name": "包装设计",
          "id": "24442"
        },
        {
          "name": "室内设计",
          "id": "12214"
        },
        {
          "name": "CAD制图",
          "id": "24444"
        },
        {
          "name": "舞台美术",
          "id": "61121"
        },
        {
          "name": "3D设计",
          "id": "61111"
        }
      ]
    },
    {
      "name": "化工",
      "id": "67370",
      "subList": [
        {
          "name": "全部",
          "id": "67370"
        },
        {
          "name": "化工工程师",
          "id": "67559"
        },
        {
          "name": "化工研发",
          "id": "67560"
        },
        {
          "name": "化学分析",
          "id": "67561"
        },
        {
          "name": "化学应用",
          "id": "67562"
        },
        {
          "name": "化学操作",
          "id": "67563"
        },
        {
          "name": "化工管理",
          "id": "67564"
        },
        {
          "name": "涂料研发",
          "id": "67742"
        },
        {
          "name": "配色技术员",
          "id": "67743"
        },
        {
          "name": "塑料工程师",
          "id": "67744"
        },
        {
          "name": "化妆品研发",
          "id": "67745"
        },
        {
          "name": "造纸研发",
          "id": "67746"
        }
      ]
    },
    {
      "name": "市场\/媒介\/公关",
      "id": "13905",
      "subList": [
        {
          "name": "全部",
          "id": "13905"
        },
        {
          "name": "市场专员",
          "id": "10366"
        },
        {
          "name": "市场经理",
          "id": "23140"
        },
        {
          "name": "公关员",
          "id": "24430"
        },
        {
          "name": "市场拓展",
          "id": "10367"
        },
        {
          "name": "市场调研",
          "id": "10368"
        },
        {
          "name": "市场策划",
          "id": "10369"
        },
        {
          "name": "媒介专员",
          "id": "12144"
        },
        {
          "name": "媒介经理",
          "id": "24428"
        },
        {
          "name": "会展专员",
          "id": "12146"
        },
        {
          "name": "品牌经理",
          "id": "9872"
        },
        {
          "name": "公关经理",
          "id": "24432"
        },
        {
          "name": "企划经理",
          "id": "24434"
        },
        {
          "name": "市场营销",
          "id": "59994"
        },
        {
          "name": "政府事务",
          "id": "59996"
        }
      ]
    },
    {
      "name": "广告\/会展\/咨询",
      "id": "13918",
      "subList": [
        {
          "name": "全部",
          "id": "13918"
        },
        {
          "name": "咨询顾问",
          "id": "10413"
        },
        {
          "name": "广告设计",
          "id": "10667"
        },
        {
          "name": "广告文案",
          "id": "10681"
        },
        {
          "name": "广告创意",
          "id": "12225"
        },
        {
          "name": "创意总监",
          "id": "24436"
        },
        {
          "name": "会展策划",
          "id": "24440"
        },
        {
          "name": "客户主管",
          "id": "38709"
        },
        {
          "name": "企业策划",
          "id": "38710"
        },
        {
          "name": "媒介策划",
          "id": "38711"
        },
        {
          "name": "婚礼策划",
          "id": "38712"
        },
        {
          "name": "咨询经理",
          "id": "24446"
        },
        {
          "name": "制作执行",
          "id": "61108"
        },
        {
          "name": "留学咨询",
          "id": "61109"
        }
      ]
    },
    {
      "name": "娱乐\/休闲",
      "id": "13924",
      "subList": [
        {
          "name": "全部",
          "id": "13924"
        },
        {
          "name": "礼仪",
          "id": "12266"
        },
        {
          "name": "调酒师",
          "id": "9655"
        },
        {
          "name": "摄影师",
          "id": "10774"
        },
        {
          "name": "酒吧服务员",
          "id": "9660"
        },
        {
          "name": "歌厅服务员",
          "id": "28870"
        },
        {
          "name": "主持人",
          "id": "10773"
        },
        {
          "name": "音效师",
          "id": "10775"
        },
        {
          "name": "后期制作",
          "id": "10768"
        },
        {
          "name": "配音员",
          "id": "24528"
        },
        {
          "name": "放映员",
          "id": "24530"
        },
        {
          "name": "灯光师",
          "id": "28731"
        }
      ]
    },
    {
      "name": "教育培训",
      "id": "13926",
      "subList": [
        {
          "name": "全部",
          "id": "13926"
        },
        {
          "name": "教师\/助教",
          "id": "10808"
        },
        {
          "name": "家教",
          "id": "23110"
        },
        {
          "name": "培训师",
          "id": "10814"
        },
        {
          "name": "幼教",
          "id": "10811"
        },
        {
          "name": "培训策划",
          "id": "24490"
        },
        {
          "name": "培训助理",
          "id": "24494"
        },
        {
          "name": "教务管理",
          "id": "10810"
        },
        {
          "name": "教具开发",
          "id": "23111"
        },
        {
          "name": "学术研究",
          "id": "10816"
        },
        {
          "name": "课程顾问",
          "id": "24496"
        },
        {
          "name": "校长",
          "id": "24500"
        },
        {
          "name": "拓展训练师",
          "id": "28878"
        },
        {
          "name": "音体美教师",
          "id": "61170"
        },
        {
          "name": "公务员培训",
          "id": "61174"
        }
      ]
    },
    {
      "name": "财务\/审计\/统计",
      "id": "13907",
      "subList": [
        {
          "name": "全部",
          "id": "13907"
        },
        {
          "name": "财务经理",
          "id": "24455"
        },
        {
          "name": "会计",
          "id": "10398"
        },
        {
          "name": "出纳",
          "id": "10404"
        },
        {
          "name": "会计助理",
          "id": "10397"
        },
        {
          "name": "财务总监",
          "id": "10395"
        },
        {
          "name": "审计专员",
          "id": "10401"
        },
        {
          "name": "审计经理",
          "id": "24460"
        },
        {
          "name": "统计员",
          "id": "23180"
        },
        {
          "name": "税务专员",
          "id": "23175"
        },
        {
          "name": "税务经理",
          "id": "24470"
        },
        {
          "name": "财务分析员",
          "id": "10399"
        },
        {
          "name": "成本管理员",
          "id": "38681"
        },
        {
          "name": "财务顾问",
          "id": "60341"
        },
        {
          "name": "资产管理",
          "id": "60206"
        }
      ]
    },
    {
      "name": "法律",
      "id": "13908",
      "subList": [
        {
          "name": "全部",
          "id": "13908"
        },
        {
          "name": "律师助理",
          "id": "24473"
        },
        {
          "name": "法务专员",
          "id": "12158"
        },
        {
          "name": "律师",
          "id": "12157"
        },
        {
          "name": "专利顾问",
          "id": "23182"
        },
        {
          "name": "合规管理",
          "id": "23184"
        }
      ]
    },
    {
      "name": "翻译",
      "id": "23196",
      "subList": [
        {
          "name": "全部",
          "id": "23196"
        },
        {
          "name": "英语",
          "id": "10813"
        },
        {
          "name": "日语",
          "id": "10815"
        },
        {
          "name": "俄语",
          "id": "12268"
        },
        {
          "name": "韩语",
          "id": "22438"
        },
        {
          "name": "法语",
          "id": "23208"
        },
        {
          "name": "德语",
          "id": "23210"
        },
        {
          "name": "西班牙语",
          "id": "24479"
        },
        {
          "name": "意大利语",
          "id": "24481"
        },
        {
          "name": "葡萄牙语",
          "id": "24483"
        },
        {
          "name": "阿拉伯语",
          "id": "24486"
        },
        {
          "name": "小语种",
          "id": "12269"
        }
      ]
    },
    {
      "name": "编辑\/出版\/印刷",
      "id": "13925",
      "subList": [
        {
          "name": "全部",
          "id": "13925"
        },
        {
          "name": "编辑",
          "id": "10781"
        },
        {
          "name": "记者",
          "id": "24448"
        },
        {
          "name": "总编辑",
          "id": "10779"
        },
        {
          "name": "出版发行",
          "id": "10786"
        },
        {
          "name": "排版设计",
          "id": "10788"
        },
        {
          "name": "印刷操作",
          "id": "24450"
        },
        {
          "name": "装订烫金",
          "id": "23121"
        },
        {
          "name": "录入\/校对",
          "id": "61146"
        },
        {
          "name": "数码\/菲林",
          "id": "61147"
        },
        {
          "name": "文编\/组稿",
          "id": "61148"
        },
        {
          "name": "调墨技师",
          "id": "67734"
        },
        {
          "name": "印刷机长",
          "id": "67735"
        }
      ]
    },
    {
      "name": "计算机\/互联网\/通信",
      "id": "13909",
      "subList": [
        {
          "name": "全部",
          "id": "13909"
        },
        {
          "name": "网页设计",
          "id": "12164"
        },
        {
          "name": "网站编辑",
          "id": "10462"
        },
        {
          "name": "程序员",
          "id": "23542"
        },
        {
          "name": "技术专员",
          "id": "12169"
        },
        {
          "name": "软件工程师",
          "id": "12162"
        },
        {
          "name": "技术支持",
          "id": "12165"
        },
        {
          "name": "技术经理",
          "id": "12160"
        },
        {
          "name": "硬件工程师",
          "id": "12161"
        },
        {
          "name": "质量工程师",
          "id": "23186"
        },
        {
          "name": "测试工程师",
          "id": "12170"
        },
        {
          "name": "系统架构师",
          "id": "12166"
        },
        {
          "name": "DBA",
          "id": "12163"
        },
        {
          "name": "游戏设计",
          "id": "23188"
        },
        {
          "name": "视频设计",
          "id": "12167"
        },
        {
          "name": "项目经理",
          "id": "12139"
        },
        {
          "name": "产品经理",
          "id": "10461"
        },
        {
          "name": "网站运营",
          "id": "23190"
        },
        {
          "name": "网站策划",
          "id": "24565"
        },
        {
          "name": "网络管理员",
          "id": "12168"
        },
        {
          "name": "信息安全",
          "id": "23192"
        },
        {
          "name": "通信工程师",
          "id": "12172"
        },
        {
          "name": "实施工程师",
          "id": "28725"
        },
        {
          "name": "算法工程师",
          "id": "60219"
        },
        {
          "name": "手机软件",
          "id": "60221"
        },
        {
          "name": "UI设计",
          "id": "60222"
        },
        {
          "name": "WEB开发",
          "id": "60223"
        },
        {
          "name": "需求分析师",
          "id": "60226"
        },
        {
          "name": "脚本开发",
          "id": "60230"
        },
        {
          "name": "游戏策划",
          "id": "60232"
        },
        {
          "name": "游戏原画",
          "id": "60234"
        },
        {
          "name": "新媒体运营",
          "id": "60342"
        },
        {
          "name": "界面设计师",
          "id": "67710"
        },
        {
          "name": "Flash设计",
          "id": "67711"
        },
        {
          "name": "特效设计师",
          "id": "67712"
        },
        {
          "name": "SEO优化",
          "id": "67715"
        },
        {
          "name": "电子商务",
          "id": "67716"
        },
        {
          "name": "网络推广",
          "id": "67717"
        },
        {
          "name": "有线传输",
          "id": "67701"
        },
        {
          "name": "无线通信",
          "id": "67702"
        },
        {
          "name": "电信交换",
          "id": "67703"
        },
        {
          "name": "数据通信",
          "id": "67704"
        },
        {
          "name": "移动通信",
          "id": "67705"
        },
        {
          "name": "电信网络",
          "id": "67706"
        },
        {
          "name": "通信电源",
          "id": "67707"
        },
        {
          "name": "仿真应用",
          "id": "67695"
        },
        {
          "name": "网站架构",
          "id": "67699"
        },
        {
          "name": "系统集成",
          "id": "67700"
        }
      ]
    },
    {
      "name": "电子\/电气",
      "id": "13922",
      "subList": [
        {
          "name": "全部",
          "id": "13922"
        },
        {
          "name": "电子电气",
          "id": "12173"
        },
        {
          "name": "自动化",
          "id": "23124"
        },
        {
          "name": "电路工程师",
          "id": "10554"
        },
        {
          "name": "无线电",
          "id": "24619"
        },
        {
          "name": "测试工程师",
          "id": "24621"
        },
        {
          "name": "产品工艺",
          "id": "24623"
        },
        {
          "name": "音频\/视频",
          "id": "24627"
        },
        {
          "name": "灯光照明",
          "id": "24629"
        },
        {
          "name": "研发工程师",
          "id": "24631"
        },
        {
          "name": "电子维修",
          "id": "24633"
        },
        {
          "name": "磁电工程师",
          "id": "61125"
        },
        {
          "name": "IC验证师",
          "id": "61126"
        },
        {
          "name": "集成电路工",
          "id": "61127"
        },
        {
          "name": "半导体技术",
          "id": "67725"
        },
        {
          "name": "电子软件",
          "id": "67726"
        },
        {
          "name": "嵌入式软件",
          "id": "67727"
        },
        {
          "name": "嵌入式硬件",
          "id": "67728"
        },
        {
          "name": "FAE工程师",
          "id": "67729"
        },
        {
          "name": "激光技术",
          "id": "67730"
        },
        {
          "name": "光伏系统",
          "id": "67731"
        }
      ]
    },
    {
      "name": "机械\/仪器仪表",
      "id": "38678",
      "subList": [
        {
          "name": "全部",
          "id": "38678"
        },
        {
          "name": "机械工程",
          "id": "38713"
        },
        {
          "name": "仪器仪表",
          "id": "10741"
        },
        {
          "name": "机电",
          "id": "10736"
        },
        {
          "name": "版图设计",
          "id": "24625"
        },
        {
          "name": "研发工程师",
          "id": "38714"
        },
        {
          "name": "测试工程师",
          "id": "38715"
        },
        {
          "name": "气动工程师",
          "id": "67352"
        },
        {
          "name": "CNC\/数控",
          "id": "67353"
        },
        {
          "name": "机械维修",
          "id": "67354"
        },
        {
          "name": "飞机设计",
          "id": "67355"
        },
        {
          "name": "飞机维修",
          "id": "67356"
        },
        {
          "name": "列车设计",
          "id": "67357"
        },
        {
          "name": "列车维修",
          "id": "67358"
        },
        {
          "name": "船舶设计",
          "id": "67359"
        },
        {
          "name": "船舶维修",
          "id": "67360"
        },
        {
          "name": "装配技师",
          "id": "67732"
        }
      ]
    },
    {
      "name": "金融\/银行\/证券\/投资",
      "id": "23194",
      "subList": [
        {
          "name": "全部",
          "id": "23194"
        },
        {
          "name": "理财顾问",
          "id": "12184"
        },
        {
          "name": "证券分析",
          "id": "24582"
        },
        {
          "name": "柜员",
          "id": "23222"
        },
        {
          "name": "证券经纪人",
          "id": "10492"
        },
        {
          "name": "证券经理",
          "id": "23212"
        },
        {
          "name": "信用卡业务",
          "id": "24584"
        },
        {
          "name": "银行经理",
          "id": "23217"
        },
        {
          "name": "信贷管理",
          "id": "12185"
        },
        {
          "name": "资产评估",
          "id": "24588"
        },
        {
          "name": "担保典当",
          "id": "24600"
        },
        {
          "name": "拍卖师",
          "id": "24602"
        },
        {
          "name": "外汇经理人",
          "id": "23214"
        },
        {
          "name": "融资专员",
          "id": "24604"
        },
        {
          "name": "融资经理",
          "id": "23216"
        },
        {
          "name": "风险管理",
          "id": "23219"
        },
        {
          "name": "操盘手",
          "id": "24606"
        },
        {
          "name": "进出口结算",
          "id": "67740"
        }
      ]
    },
    {
      "name": "保险",
      "id": "9250",
      "subList": [
        {
          "name": "全部",
          "id": "9250"
        },
        {
          "name": "保险顾问",
          "id": "23160"
        },
        {
          "name": "储备经理",
          "id": "23174"
        },
        {
          "name": "经纪人",
          "id": "12190"
        },
        {
          "name": "保险内勤",
          "id": "23164"
        },
        {
          "name": "项目经理",
          "id": "23158"
        },
        {
          "name": "车险专员",
          "id": "23162"
        },
        {
          "name": "保险精算师",
          "id": "12187"
        },
        {
          "name": "产品开发",
          "id": "12188"
        },
        {
          "name": "保险客服",
          "id": "23166"
        },
        {
          "name": "保险培训师",
          "id": "23170"
        },
        {
          "name": "契约管理",
          "id": "23178"
        },
        {
          "name": "核保理赔",
          "id": "60344"
        },
        {
          "name": "续期管理",
          "id": "67718"
        },
        {
          "name": "产品开发",
          "id": "67719"
        }
      ]
    },
    {
      "name": "医院\/医疗\/护理",
      "id": "13919",
      "subList": [
        {
          "name": "全部",
          "id": "13919"
        },
        {
          "name": "医生",
          "id": "10687"
        },
        {
          "name": "护士",
          "id": "10697"
        },
        {
          "name": "药剂师",
          "id": "10693"
        },
        {
          "name": "保健医生",
          "id": "28729"
        },
        {
          "name": "心理医生",
          "id": "10691"
        },
        {
          "name": "导医",
          "id": "28727"
        },
        {
          "name": "护士长",
          "id": "24609"
        },
        {
          "name": "理疗师",
          "id": "10689"
        },
        {
          "name": "医药质检",
          "id": "10694"
        },
        {
          "name": "医疗管理",
          "id": "10685"
        },
        {
          "name": "美容整形师",
          "id": "10688"
        },
        {
          "name": "验光师",
          "id": "23126"
        },
        {
          "name": "营养师",
          "id": "10692"
        },
        {
          "name": "宠物医生",
          "id": "10698"
        },
        {
          "name": "产科医生",
          "id": "61122"
        },
        {
          "name": "麻醉师",
          "id": "61123"
        },
        {
          "name": "医学检验",
          "id": "61124"
        },
        {
          "name": "疾病控制",
          "id": "67724"
        }
      ]
    },
    {
      "name": "服装\/纺织\/食品",
      "id": "24580",
      "subList": [
        {
          "name": "全部",
          "id": "24580"
        },
        {
          "name": "服装设计师",
          "id": "24636"
        },
        {
          "name": "打样制版",
          "id": "24637"
        },
        {
          "name": "样衣工",
          "id": "24639"
        },
        {
          "name": "生产管理",
          "id": "24638"
        },
        {
          "name": "食品研发",
          "id": "24640"
        },
        {
          "name": "板房出格师",
          "id": "24641"
        },
        {
          "name": "电脑放码员",
          "id": "24642"
        },
        {
          "name": "纸样师",
          "id": "24643"
        },
        {
          "name": "纺织品设计",
          "id": "28721"
        },
        {
          "name": "裁剪工",
          "id": "61209"
        },
        {
          "name": "食品制作工",
          "id": "61210"
        }
      ]
    },
    {
      "name": "环保\/能源",
      "id": "24513",
      "subList": [
        {
          "name": "全部",
          "id": "24513"
        },
        {
          "name": "污染物处理",
          "id": "24540"
        },
        {
          "name": "环保检测",
          "id": "24561"
        },
        {
          "name": "工程师",
          "id": "24544"
        },
        {
          "name": "环境管理",
          "id": "24548"
        },
        {
          "name": "环保技术",
          "id": "24552"
        },
        {
          "name": "EHS管理",
          "id": "24554"
        },
        {
          "name": "环保工程师",
          "id": "24557"
        },
        {
          "name": "水质检测员",
          "id": "24568"
        },
        {
          "name": "环境绿化",
          "id": "28862"
        },
        {
          "name": "核力\/火电",
          "id": "61204"
        },
        {
          "name": "空调\/热能",
          "id": "61208"
        },
        {
          "name": "石油天然气",
          "id": "61206"
        },
        {
          "name": "地质勘查",
          "id": "61207"
        }
      ]
    },
    {
      "name": "制药\/生物工程",
      "id": "38677",
      "subList": [
        {
          "name": "全部",
          "id": "38677"
        },
        {
          "name": "临床研究",
          "id": "24611"
        },
        {
          "name": "医药研发",
          "id": "23132"
        },
        {
          "name": "生工",
          "id": "24613"
        },
        {
          "name": "器械研发",
          "id": "23129"
        },
        {
          "name": "器械注册",
          "id": "67756"
        },
        {
          "name": "化学测试员",
          "id": "67757"
        },
        {
          "name": "临床分析员",
          "id": "67758"
        },
        {
          "name": "医药招商",
          "id": "67759"
        }
      ]
    },
    {
      "name": "质控\/安防",
      "id": "24570",
      "subList": [
        {
          "name": "全部",
          "id": "24570"
        },
        {
          "name": "质量管理",
          "id": "24586"
        },
        {
          "name": "安全消防",
          "id": "24594"
        },
        {
          "name": "质检",
          "id": "24589"
        },
        {
          "name": "测试工程师",
          "id": "24592"
        },
        {
          "name": "认证工程师",
          "id": "24596"
        },
        {
          "name": "安全管理",
          "id": "24598"
        },
        {
          "name": "体系工程师",
          "id": "67747"
        },
        {
          "name": "故障分析",
          "id": "67748"
        }
      ]
    },
    {
      "name": "高级管理",
      "id": "13893",
      "subList": [
        {
          "name": "全部",
          "id": "13893"
        },
        {
          "name": "总监",
          "id": "24657"
        },
        {
          "name": "总裁助理",
          "id": "13895"
        },
        {
          "name": "副总裁",
          "id": "24656"
        },
        {
          "name": "分公司经理",
          "id": "24658"
        },
        {
          "name": "首席执行官",
          "id": "24652"
        },
        {
          "name": "首席运营官",
          "id": "24653"
        },
        {
          "name": "首席财务官",
          "id": "24654"
        },
        {
          "name": "首席技术官",
          "id": "24655"
        },
        {
          "name": "合伙人",
          "id": "24659"
        },
        {
          "name": "投资者关系",
          "id": "67739"
        }
      ]
    },
    {
      "name": "农\/林\/牧\/渔业",
      "id": "24466",
      "subList": [
        {
          "name": "全部",
          "id": "24466"
        },
        {
          "name": "养殖人员",
          "id": "24487"
        },
        {
          "name": "饲料业务",
          "id": "24472"
        },
        {
          "name": "农艺师",
          "id": "24491"
        },
        {
          "name": "畜牧师",
          "id": "24497"
        },
        {
          "name": "场长",
          "id": "24501"
        },
        {
          "name": "养殖部主管",
          "id": "24504"
        },
        {
          "name": "饲料研发",
          "id": "24506"
        }
      ]
    },
    {
      "name": "政府\/非营利机构",
      "id": "67749",
      "subList": [
        {
          "name": "全部",
          "id": "67749"
        },
        {
          "name": "科研管理",
          "id": "67750"
        },
        {
          "name": "科研人员",
          "id": "67751"
        },
        {
          "name": "公务员",
          "id": "67752"
        },
        {
          "name": "航空航天",
          "id": "67753"
        },
        {
          "name": "气象",
          "id": "67754"
        },
        {
          "name": "人文科学",
          "id": "67755"
        }
      ]
    },
    {
      "name": "其他职位",
      "id": "12265",
      "subList": [
        {
          "name": "全部",
          "id": "12265"
        }
      ]
    }
  ]
}