{
  "infocode": "000000",
  "result": [{
    "citylist": [{
      "dirname": "gllosangeles",
      "id": "20643",
      "name": "洛杉矶"
    }, {
      "dirname": "glsanfrancisco",
      "id": "20645",
      "name": "旧金山"
    }, {
      "dirname": "glnewyork",
      "id": "20673",
      "name": "纽约"
    }, {
      "dirname": "glchicago",
      "id": "20677",
      "name": "芝加哥"
    }, {
      "dirname": "glwashingtondc",
      "id": "23863",
      "name": "华盛顿"
    }, {
      "dirname": "glseattle",
      "id": "23864",
      "name": "西雅图"
    }, {
      "dirname": "glhouston",
      "id": "23865",
      "name": "休斯顿"
    }, {
      "dirname": "glphiladelphia",
      "id": "23866",
      "name": "费城"
    }, {
      "dirname": "glboston",
      "id": "23867",
      "name": "波士顿"
    }, {
      "dirname": "glsandiego",
      "id": "20678",
      "name": "圣地亚哥"
    }, {
      "dirname": "glhonolulu",
      "id": "23862",
      "name": "檀香山"
    }, {
      "dirname": "glorlando",
      "id": "26015",
      "name": "奥兰多"
    }, {
      "dirname": "gledisontownship",
      "id": "26023",
      "name": "爱迪生"
    }, {
      "dirname": "gllasvegas",
      "id": "20679",
      "name": "拉斯维加斯"
    }, {
      "dirname": "glportland",
      "id": "26424",
      "name": "波特兰"
    }, {
      "dirname": "glmemphis",
      "id": "26432",
      "name": "孟菲斯"
    }, {
      "dirname": "gldenver",
      "id": "25994",
      "name": "丹佛"
    }, {
      "dirname": "gldallasus",
      "id": "26667",
      "name": "达拉斯"
    }, {
      "dirname": "glatlanta",
      "id": "25995",
      "name": "亚特兰大"
    }, {
      "dirname": "glmiami",
      "id": "26666",
      "name": "迈阿密"
    }, {
      "dirname": "glnashville",
      "id": "26443",
      "name": "纳什维尔"
    }, {
      "dirname": "glsouthbay",
      "id": "26942",
      "name": "南湾"
    }],
    "countrycn": "美国",
    "countryid": 0,
    "countryname": "America"
  }, {
    "citylist": [{
      "dirname": "gltoronto",
      "id": "20680",
      "name": "多伦多"
    }, {
      "dirname": "glvancouver",
      "id": "20681",
      "name": "温哥华"
    }, {
      "dirname": "glmontreal",
      "id": "20682",
      "name": "蒙特利尔"
    }, {
      "dirname": "glottawa",
      "id": "23381",
      "name": "渥太华"
    }, {
      "dirname": "glcalgary",
      "id": "23868",
      "name": "卡尔加里"
    }, {
      "dirname": "glvictoria1",
      "id": "25997",
      "name": "温哥华岛"
    }, {
      "dirname": "glwinnipeg",
      "id": "26430",
      "name": "温尼伯"
    }, {
      "dirname": "gledmonton1",
      "id": "26431",
      "name": "埃德蒙顿"
    }, {
      "dirname": "glprinceedwardisland",
      "id": "26668",
      "name": "爱德华王子岛"
    }, {
      "dirname": "glsaskatoon",
      "id": "26672",
      "name": "萨斯卡通"
    }, {
      "dirname": "glhalifax",
      "id": "26674",
      "name": "哈利法克斯"
    }, {
      "dirname": "glsydneyca",
      "id": "26722",
      "name": "悉尼"
    }, {
      "dirname": "glhamilton1",
      "id": "26472",
      "name": "汉密尔顿"
    }, {
      "dirname": "gllondon",
      "id": "26473",
      "name": "伦敦"
    }, {
      "dirname": "glwaterloo2",
      "id": "26471",
      "name": "滑铁卢"
    }, {
      "dirname": "glregina",
      "id": "26721",
      "name": "里贾纳"
    }],
    "countrycn": "加拿大",
    "countryid": 0,
    "countryname": "Canada"
  }, {
    "citylist": [{
      "dirname": "glmexico",
      "id": "26658",
      "name": "墨西哥"
    }],
    "countrycn": "墨西哥",
    "countryid": 0,
    "countryname": "mexico"
  }, {
    "citylist": [{
      "dirname": "glgreaterlondon",
      "id": "22584",
      "name": "伦敦"
    }, {
      "dirname": "glbirmingham",
      "id": "25993",
      "name": "伯明翰"
    }, {
      "dirname": "glglasgow",
      "id": "26464",
      "name": "格拉斯哥"
    }, {
      "dirname": "glleeds",
      "id": "26439",
      "name": "利兹"
    }, {
      "dirname": "glmanchester",
      "id": "26485",
      "name": "曼彻斯特"
    }, {
      "dirname": "gledinburgh",
      "id": "26486",
      "name": "爱丁堡"
    }, {
      "dirname": "glliverpool1",
      "id": "26484",
      "name": "利物浦"
    }, {
      "dirname": "glcoventry",
      "id": "26937",
      "name": "考文垂"
    }],
    "countrycn": "英国",
    "countryid": 0,
    "countryname": "England"
  }, {
    "citylist": [{
      "dirname": "glparis",
      "id": "23869",
      "name": "巴黎"
    }, {
      "dirname": "glpoitiers",
      "id": "26481",
      "name": "普瓦捷"
    }],
    "countrycn": "法国",
    "countryid": 0,
    "countryname": "France"
  }, {
    "citylist": [{
      "dirname": "glmilan",
      "id": "23870",
      "name": "米兰"
    }, {
      "dirname": "glflorence",
      "id": "26469",
      "name": "佛罗伦萨"
    }],
    "countrycn": "意大利",
    "countryid": 0,
    "countryname": "Italy"
  }, {
    "citylist": [{
      "dirname": "glberlin",
      "id": "23871",
      "name": "柏林"
    }, {
      "dirname": "glfrankfurt",
      "id": "26433",
      "name": "法兰克福"
    }, {
      "dirname": "glmunich",
      "id": "26483",
      "name": "慕尼黑"
    }, {
      "dirname": "glduesseldorf",
      "id": "26448",
      "name": "杜塞尔多夫"
    }, {
      "dirname": "glhamburg",
      "id": "26457",
      "name": "汉堡"
    }, {
      "dirname": "glcologne",
      "id": "26462",
      "name": "科隆"
    }],
    "countrycn": "德国",
    "countryid": 0,
    "countryname": "Germany"
  }, {
    "citylist": [{
      "dirname": "glbarcelona",
      "id": "23872",
      "name": "巴塞罗那"
    }, {
      "dirname": "glmadrid",
      "id": "23873",
      "name": "马德里"
    }, {
      "dirname": "glvalencia",
      "id": "26027",
      "name": "瓦伦西亚"
    }, {
      "dirname": "glandalucia",
      "id": "26458",
      "name": "安达卢西亚"
    }, {
      "dirname": "glelpaisvasco",
      "id": "26459",
      "name": "巴斯克"
    }],
    "countrycn": "西班牙",
    "countryid": 0,
    "countryname": "Spain"
  }, {
    "citylist": [{
      "dirname": "glmoscow",
      "id": "23874",
      "name": "莫斯科"
    }, {
      "dirname": "glsaintpetersburg",
      "id": "26444",
      "name": "圣彼得堡"
    }, {
      "dirname": "glirkutsk",
      "id": "26654",
      "name": "伊尔库茨克"
    }, {
      "dirname": "glyekaterinburg1",
      "id": "26718",
      "name": "叶卡捷琳堡"
    }, {
      "dirname": "glulamuhde",
      "id": "26732",
      "name": "乌兰乌德"
    }],
    "countrycn": "俄罗斯",
    "countryid": 0,
    "countryname": "Russia"
  }, {
    "citylist": [{
      "dirname": "glwarsaw",
      "id": "26482",
      "name": "华沙"
    }],
    "countrycn": "波兰",
    "countryid": 0,
    "countryname": "Poland"
  }, {
    "citylist": [{
      "dirname": "glvienna",
      "id": "26924",
      "name": "维也纳"
    }],
    "countrycn": "奥地利",
    "countryid": 0,
    "countryname": "Austria"
  }, {
    "citylist": [{
      "dirname": "glprague",
      "id": "26623",
      "name": "布拉格"
    }],
    "countrycn": "捷克",
    "countryid": 0,
    "countryname": "ceska"
  }, {
    "citylist": [{
      "dirname": "glbudapest",
      "id": "26620",
      "name": "布达佩斯"
    }],
    "countrycn": "匈牙利",
    "countryid": 0,
    "countryname": "Magyarorszag"
  }, {
    "citylist": [{
      "dirname": "glamsterdam",
      "id": "25991",
      "name": "阿姆斯特丹"
    }, {
      "dirname": "glrotterdam",
      "id": "26618",
      "name": "鹿特丹"
    }, {
      "dirname": "glutrecht",
      "id": "26619",
      "name": "乌特勒支"
    }, {
      "dirname": "glhague",
      "id": "26617",
      "name": "海牙"
    }],
    "countrycn": "荷兰",
    "countryid": 0,
    "countryname": "Holland"
  }, {
    "citylist": [{
      "dirname": "glkyiv",
      "id": "26894",
      "name": "基辅"
    }, {
      "dirname": "glodessa",
      "id": "26934",
      "name": "敖德萨"
    }],
    "countrycn": "乌克兰",
    "countryid": 0,
    "countryname": "Ukraine"
  }, {
    "citylist": [{
      "dirname": "glbrussels",
      "id": "26895",
      "name": "布鲁塞尔"
    }],
    "countrycn": "比利时",
    "countryid": 0,
    "countryname": "Belgien"
  }, {
    "citylist": [{
      "dirname": "gltokyo",
      "id": "23275",
      "name": "东京"
    }, {
      "dirname": "glnagoya",
      "id": "25976",
      "name": "名古屋"
    }, {
      "dirname": "glosaka",
      "id": "25975",
      "name": "大阪"
    }, {
      "dirname": "glkyoto",
      "id": "26020",
      "name": "京都"
    }, {
      "dirname": "glyokohama",
      "id": "26731",
      "name": "横滨"
    }],
    "countrycn": "日本",
    "countryid": 0,
    "countryname": "Japan"
  }, {
    "citylist": [{
      "dirname": "glseoul",
      "id": "23301",
      "name": "首尔"
    }, {
      "dirname": "glgyeonggido",
      "id": "25996",
      "name": "京畿道"
    }, {
      "dirname": "glpushan",
      "id": "25958",
      "name": "釜山"
    }, {
      "dirname": "glincheon",
      "id": "26011",
      "name": "仁川"
    }, {
      "dirname": "gljejuisland",
      "id": "25959",
      "name": "济州岛"
    }, {
      "dirname": "glgyeongsangnamdo",
      "id": "26929",
      "name": "庆尚南道"
    }],
    "countrycn": "韩国",
    "countryid": 0,
    "countryname": "Korean"
  }, {
    "citylist": [{
      "dirname": "glkualalumpurfed",
      "id": "20648",
      "name": "吉隆坡"
    }, {
      "dirname": "glsarawak",
      "id": "27690",
      "name": "砂拉越"
    }, {
      "dirname": "glpenang",
      "id": "25990",
      "name": "槟城"
    }, {
      "dirname": "gljohorbahru",
      "id": "26440",
      "name": "新山"
    }, {
      "dirname": "glsabah",
      "id": "26447",
      "name": "沙巴"
    }, {
      "dirname": "glipoh",
      "id": "26715",
      "name": "怡保"
    }],
    "countrycn": "马来西亚",
    "countryid": 0,
    "countryname": "Malaysia"
  }, {
    "citylist": [{
      "dirname": "glsingapore",
      "id": "20672",
      "name": "新加坡"
    }],
    "countrycn": "新加坡",
    "countryid": 0,
    "countryname": "Singapore"
  }, {
    "citylist": [{
      "dirname": "glbangkok",
      "id": "20674",
      "name": "曼谷"
    }, {
      "dirname": "glchiangmai",
      "id": "24510",
      "name": "清迈"
    }, {
      "dirname": "glpattaya",
      "id": "25980",
      "name": "芭堤雅"
    }, {
      "dirname": "glphuket",
      "id": "25957",
      "name": "普吉岛"
    }],
    "countrycn": "泰国",
    "countryid": 0,
    "countryname": "Thailand"
  }, {
    "citylist": [{
      "dirname": "glvientiane",
      "id": "25981",
      "name": "万象"
    }],
    "countrycn": "老挝",
    "countryid": 0,
    "countryname": "Laos"
  }, {
    "citylist": [{
      "dirname": "glhanoi",
      "id": "25960",
      "name": "河内"
    }, {
      "dirname": "glhochiminh",
      "id": "25979",
      "name": "胡志明"
    }, {
      "dirname": "gldanang",
      "id": "26713",
      "name": "岘港"
    }, {
      "dirname": "glbacgiang",
      "id": "26435",
      "name": "北江"
    }],
    "countrycn": "越南",
    "countryid": 0,
    "countryname": "Vietnam"
  }, {
    "citylist": [{
      "dirname": "glphnompenh",
      "id": "25986",
      "name": "金边"
    }, {
      "dirname": "glsihanoukville",
      "id": "26446",
      "name": "西哈努克港"
    }, {
      "dirname": "glsiemreap",
      "id": "26479",
      "name": "暹粒"
    }],
    "countrycn": "柬埔寨",
    "countryid": 0,
    "countryname": "Cambodia"
  }, {
    "citylist": [{
      "dirname": "gldjakarta",
      "id": "25987",
      "name": "雅加达"
    }, {
      "dirname": "glsurabaya",
      "id": "27395",
      "name": "泗水"
    }],
    "countrycn": "印度尼西亚",
    "countryid": 0,
    "countryname": "Republik Indonesia"
  }, {
    "citylist": [{
      "dirname": "glmanila",
      "id": "25988",
      "name": "马尼拉"
    }, {
      "dirname": "gldavao",
      "id": "26628",
      "name": "达沃"
    }],
    "countrycn": "菲律宾",
    "countryid": 0,
    "countryname": "Republika ng Pilipinas"
  }, {
    "citylist": [{
      "dirname": "gldubai",
      "id": "24650",
      "name": "迪拜"
    }, {
      "dirname": "glabudhabi",
      "id": "26631",
      "name": "阿布扎比"
    }],
    "countrycn": "阿联酋",
    "countryid": 0,
    "countryname": "TheUnitedArabEmirates"
  }, {
    "citylist": [{
      "dirname": "glgeorgia",
      "id": "26652",
      "name": "格鲁吉亚"
    }],
    "countrycn": "格鲁吉亚",
    "countryid": 0,
    "countryname": "Georgia"
  }, {
    "citylist": [{
      "dirname": "glrangoon",
      "id": "25989",
      "name": "仰光"
    }],
    "countrycn": "缅甸",
    "countryid": 0,
    "countryname": "Burma"
  }, {
    "citylist": [{
      "dirname": "glulaanbaatar",
      "id": "26930",
      "name": "乌兰巴托"
    }],
    "countrycn": "蒙古",
    "countryid": 0,
    "countryname": "Mongolia"
  }, {
    "citylist": [{
      "dirname": "glmuscat",
      "id": "26965",
      "name": "马斯喀特"
    }],
    "countrycn": "阿曼",
    "countryid": 0,
    "countryname": "Sultanate of Oman"
  }, {
    "citylist": [{
      "dirname": "glalmaty",
      "id": "26717",
      "name": "阿拉木图"
    }],
    "countrycn": "哈萨克斯坦",
    "countryid": 0,
    "countryname": "Kazakhstan"
  }, {
    "citylist": [{
      "dirname": "glnewdelhi",
      "id": "25984",
      "name": "新德里"
    }],
    "countrycn": "印度",
    "countryid": 0,
    "countryname": "The Republic of India"
  }, {
    "citylist": [{
      "dirname": "glkatchmandu",
      "id": "26474",
      "name": "加德满都"
    }],
    "countrycn": "尼泊尔",
    "countryid": 0,
    "countryname": "Nepal"
  }, {
    "citylist": [{
      "dirname": "glsydney",
      "id": "20675",
      "name": "悉尼"
    }, {
      "dirname": "glmelbourne",
      "id": "20676",
      "name": "墨尔本"
    }, {
      "dirname": "glcanberra",
      "id": "23875",
      "name": "堪培拉"
    }, {
      "dirname": "glbrisbane1",
      "id": "23876",
      "name": "布里斯班"
    }, {
      "dirname": "glperth1",
      "id": "26429",
      "name": "珀斯"
    }, {
      "dirname": "gladelaide",
      "id": "26488",
      "name": "阿德莱德"
    }, {
      "dirname": "gltasmania",
      "id": "26616",
      "name": "塔斯马尼亚"
    }],
    "countrycn": "澳大利亚",
    "countryid": 0,
    "countryname": "Australia"
  }, {
    "citylist": [{
      "dirname": "glauckland",
      "id": "23878",
      "name": "奥克兰"
    }, {
      "dirname": "glwellington1",
      "id": "23877",
      "name": "惠灵顿"
    }, {
      "dirname": "glchristchurch",
      "id": "26451",
      "name": "基督城"
    }, {
      "dirname": "glpalmerstonnorth",
      "id": "27689",
      "name": "北帕莫斯顿"
    }],
    "countrycn": "新西兰",
    "countryid": 0,
    "countryname": "New Zealand"
  }, {
    "citylist": [{
      "dirname": "gljohannesburg",
      "id": "26456",
      "name": "约翰内斯堡"
    }],
    "countrycn": "南非",
    "countryid": 0,
    "countryname": "South Africa"
  }, {
    "citylist": [{
      "dirname": "glegypt",
      "id": "26487",
      "name": "埃及"
    }],
    "countrycn": "埃及",
    "countryid": 0,
    "countryname": "The Arab Republic of Egypt"
  }, {
    "citylist": [{
      "dirname": "glivorycoast",
      "id": "26716",
      "name": "科特迪瓦"
    }],
    "countrycn": "科特迪瓦",
    "countryid": 0,
    "countryname": "Ivory Coast"
  }, {
    "citylist": [{
      "dirname": "glcasablanca",
      "id": "26940",
      "name": "卡萨布兰卡"
    }],
    "countrycn": "摩洛哥",
    "countryid": 0,
    "countryname": "Morocco"
  }, {
    "citylist": [{
      "dirname": "gldaressalaam",
      "id": "27653",
      "name": "达累斯萨拉姆"
    }],
    "countrycn": "坦桑尼亚",
    "countryid": 0,
    "countryname": "The United Republic of Tanzania"
  }, {
    "citylist": [{
      "dirname": "gllusaka",
      "id": "26963",
      "name": "卢萨卡"
    }],
    "countrycn": "赞比亚",
    "countryid": 0,
    "countryname": "The Republic of Zambia"
  }, {
    "citylist": [{
      "dirname": "glsudan",
      "id": "26728",
      "name": "苏丹"
    }],
    "countrycn": "苏丹",
    "countryid": 0,
    "countryname": "Republic of the Sudan"
  }, {
    "citylist": [{
      "dirname": "glnairobi",
      "id": "27692",
      "name": "内罗毕"
    }],
    "countrycn": "肯尼亚",
    "countryid": 0,
    "countryname": "Kenya"
  }],
  "version": "21"
}