{
	"code": 580200,
	"indexver": "",
	"data": [{
		"section_primary_group": [{
			"icon": "https://pic3.58cdn.com.cn/nowater/homepage_new/n_v2629d7a27e6e04fbbaa014321e4a512b0.png",
			"action": "wbmain://jump/job/fullTimeCate?params=%7B%22title%22%3A%22%E5%85%A8%E8%81%8C%E6%8B%9B%E8%81%98%22%2C%22showsift%22%3Atrue%2C%22list_name%22%3A%22job%22%2C%22url%22%3A%22https%3A%2F%2Fzprecommend.58.com%2Fapi%2Fjobindex%22%7D&ABMark=null&needLogin=false",
			"cate_id": "9224",
			"list_name": "job",
			"icon_id": 48,
			"title": "全职招聘",
			"type": "normal",
			"mark": "超职季"
		}, {
			"icon": "https://pic8.58cdn.com.cn/nowater/homepage_new/n_v2261f6059c8c24280875c20971e55ee5f.png",
			"action": "wbmain://jump/job/partTimeCate?params=%7B%22title%22%3A%22%E5%85%BC%E8%81%8C%22%2C%22showsift%22%3Atrue%2C%22list_name%22%3A%22jianzhi%22%2C%22url%22%3A%22https%3A%2F%2Fapp.58.com%2Fapi%2Flist%2Fjianzhi%22%7D&ABMark=null&needLogin=false",
			"cate_id": "13941",
			"list_name": "jianzhi",
			"icon_id": 50,
			"title": "兼职",
			"type": "normal",
			"mark": ""
		}, {
			"icon": "https://pic7.58cdn.com.cn/nowater/homepage_new/n_v2a622a17b4a3941af83b9f4f174a85fd0.png",
			"action": "wbmain://jump/house/houseCategory?params=%7B%22cateid%22%3A%221%22%2C%22title%22%3A%22%E7%A7%9F%E6%88%BF%22%2C%22list_name%22%3A%22zufang%22%2C%22params%22%3A%7B%7D%2C%22url%22%3A%22https%3A%2F%2Fhouserentapp.58.com%2Fhouse%2FApi_get_tab_config%22%7D&ABMark=null&needLogin=false",
			"cate_id": "1",
			"list_name": "zufang",
			"icon_id": 75,
			"title": "租房",
			"type": "normal",
			"mark": ""
		}, {
			"icon": "https://pic4.58cdn.com.cn/nowater/homepage_new/n_v2c76e6af2986741c2aa2fc6cdc56ff429.png",
			"action": "wbmain://jump/houseajk/houseCategory?params=%7B%22title%22%3A%22%E4%BA%8C%E6%89%8B%E6%88%BF%22%2C%22showsift%22%3Atrue%2C%22list_name%22%3A%22ershoufang%22%2C%22showpub%22%3Atrue%2C%22url%22%3A%22https%3A%2F%2Fappfang.58.com%2Fapp%2Fershoufang%2FgetTabConfig%22%7D&ABMark=null&needLogin=false",
			"cate_id": "1",
			"list_name": "house",
			"icon_id": 238,
			"title": "二手房",
			"type": "normal",
			"mark": ""
		}, {
			"icon": "https://pic1.58cdn.com.cn/nowater/homepage_new/n_v22520265e276a4cac81e41d150aef6323.png",
			"action": "wbmain://jump/core/common?params=%7B%22url%22%3A%22https%3A%2F%2Fapp.58.com%2Fweb%2Flist%2F%40local%40%2Fsale.shtml%22%2C%22title%22%3A%22%22%2C%22list_name%22%3A%22sale%22%2C%22pagetype%22%3A%22common%22%2C%22categoryid%22%3A%22%22%2C%22loadingtype%22%3A%220%22%2C%22backtoroot%22%3A%22false%22%2C%22domainTips%22%3A%22%22%2C%22backprotocal%22%3A%22%22%2C%22webType%22%3A%22%22%2C%22save_step%22%3Afalse%2C%22pullRefresh%22%3Afalse%2C%22settings%22%3A%7B%22hide_title_panel%22%3Afalse%2C%22contain_status_bar%22%3Afalse%2C%22status_bar_mode%22%3A%22%22%2C%22status_bar_color%22%3A%22%22%7D%7D",
			"cate_id": "5",
			"list_name": "sale",
			"icon_id": 249,
			"title": "二手物品",
			"type": "normal",
			"mark": ""
		}, {
			"icon": "https://pic5.58cdn.com.cn/nowater/homepage_new/n_v2a68a82e70184452daf2b10c1ed7e05ef.png",
			"action": "wbmain://jump/car/usedCarTab?ABMark=null&needLogin=false&params=%7B%22cate%22%3A%7B%22title%22%3A%22%E4%BA%8C%E6%89%8B%E8%BD%A6%22%2C%22list_name%22%3A%22car%22%2C%22showpub%22%3Atrue%2C%22tabtitle%22%3A%22%E4%BA%8C%E6%89%8B%E8%BD%A6%22%2C%22url%22%3A%22https%3A%2F%2Fapp.58.com%2Fweb%2Flist%2F%40local%40%2Fershouche%3F-20%3Desccate%26showtab%3Dtrue%22%2C%22search_title%22%3A%22%E5%93%81%E7%89%8C%E6%88%96%E8%BD%A6%E7%B3%BB%22%7D%2C%22action%22%3A%22pagetrans%22%2C%22service%22%3A%7B%22title%22%3A%22%E6%9C%8D%E5%8A%A1%22%2C%22loadingtype%22%3A2%2C%22tabtitle%22%3A%22%E6%9C%8D%E5%8A%A1%22%2C%22url%22%3A%22https%3A%2F%2Fapp.58.com%2Fweb%2Flist%2F%40local%40%2Fershouche%3F-30%3Descservice%22%7D%2C%22list%22%3A%7B%22cateid%22%3A%2229%22%2C%22item_tpl%22%3A%22ershouche%22%2C%22use_cache%22%3Afalse%2C%22show_sift%22%3Atrue%2C%22meta_url%22%3A%22https%3A%2F%2Fapp.58.com%2Fapi%2Flist%22%2C%22recovery%22%3Afalse%2C%22data_url%22%3A%22https%3A%2F%2Fwireless.58.com%2Fapi%2Flist%22%2C%22show_publish_btn%22%3Atrue%2C%22show_search_btn%22%3Atrue%2C%22title%22%3A%22%E4%BA%8C%E6%89%8B%E8%BD%A6%22%2C%22local_name%22%3A%22%22%2C%22show_thumb%22%3Atrue%2C%22list_name%22%3A%22ershouche%22%2C%22filterparams%22%3A%7B%7D%2C%22cate_fullpath%22%3A%224%2C29%22%2C%22tabtitle%22%3A%22%E4%B9%B0%E8%BD%A6%22%2C%22search_title%22%3A%22%E5%93%81%E7%89%8C%E6%88%96%E8%BD%A6%E7%B3%BB%22%7D%2C%22publish%22%3A%7B%22title%22%3A%22%E5%8D%96%E8%BD%A6%22%2C%22loadingtype%22%3A2%2C%22tabtitle%22%3A%22%E5%8D%96%E8%BD%A6%22%2C%22url%22%3A%22https%3A%2F%2Fj1.58cdn.com.cn%2Fm58%2Fm3%2Fhtml%2Fcar%2Fappcate%2Fpublishcar.html%22%7D%7D",
			"cate_id": "29",
			"list_name": "car",
			"icon_id": 184,
			"title": "二手车",
			"type": "normal",
			"mark": ""
		}, {
			"icon": "https://pic7.58cdn.com.cn/nowater/homepage_new/n_v249178d6af3d04077b478b83ec69cb9e3.png",
			"action": "wbmain://jump/core/common?params=%7B%22url%22%3A%22https%3A%2F%2Fapp.58.com%2Fweb%2Flist%2F%40local%40%2Fhyshangjie.shtml%22%2C%22title%22%3A%22%22%2C%22list_name%22%3A%22bendifuwu%22%2C%22pagetype%22%3A%22common%22%2C%22categoryid%22%3A%22%22%2C%22loadingtype%22%3A%220%22%2C%22backtoroot%22%3A%22false%22%2C%22domainTips%22%3A%22%22%2C%22backprotocal%22%3A%22%22%2C%22webType%22%3A%22%22%2C%22save_step%22%3Afalse%2C%22pullRefresh%22%3Afalse%2C%22settings%22%3A%7B%22hide_title_panel%22%3Atrue%2C%22contain_status_bar%22%3Afalse%2C%22status_bar_mode%22%3A%22%22%2C%22status_bar_color%22%3A%22%22%7D%7D",
			"cate_id": "8512",
			"list_name": "shangjie",
			"icon_id": 201,
			"title": "本地服务",
			"type": "normal",
			"mark": ""
		}, {
			"icon": "https://pic5.58cdn.com.cn/nowater/homepage_new/n_v2f79d52996f4a4f91863caa1cd6ad20bd.png",
			"action": "wbmain://jump/core/common?params=%7B%22url%22%3A%22https%3A%2F%2Fapp.58.com%2Fweb%2Flist%2F%40local%40%2Fjiazheng.shtml%22%2C%22title%22%3A%22%22%2C%22list_name%22%3A%22shenghuo%22%2C%22pagetype%22%3A%22common%22%2C%22categoryid%22%3A%22%22%2C%22loadingtype%22%3A%220%22%2C%22backtoroot%22%3A%22false%22%2C%22domainTips%22%3A%22%22%2C%22backprotocal%22%3A%22%22%2C%22webType%22%3A%22%22%2C%22save_step%22%3Afalse%2C%22pullRefresh%22%3Afalse%2C%22settings%22%3A%7B%22hide_title_panel%22%3Atrue%2C%22contain_status_bar%22%3Afalse%2C%22status_bar_mode%22%3A%22%22%2C%22status_bar_color%22%3A%22%22%7D%7D",
			"cate_id": "8512",
			"list_name": "shenghuo",
			"icon_id": 163,
			"title": "家政",
			"type": "normal",
			"mark": ""
		}, {
			"icon": "https://pic7.58cdn.com.cn/nowater/homepage_new/n_v25cc64dd8357943b8a7704c20fa1a364f.png",
			"action": "wbmain://jump/core/common?params=%7B%22url%22%3A%22https%3A%2F%2Fapp.58.com%2Fweb%2Flist%2F%40local%40%2Fshangwu.shtml%23%2FcategoryPage%2Fshangwu%22%2C%22title%22%3A%22%22%2C%22list_name%22%3A%22bendifuwu%22%2C%22pagetype%22%3A%22common%22%2C%22categoryid%22%3A%22%22%2C%22loadingtype%22%3A%220%22%2C%22backtoroot%22%3A%22false%22%2C%22domainTips%22%3A%22%22%2C%22backprotocal%22%3A%22%22%2C%22webType%22%3A%22%22%2C%22save_step%22%3Afalse%2C%22pullRefresh%22%3Afalse%2C%22settings%22%3A%7B%22hide_title_panel%22%3Afalse%2C%22contain_status_bar%22%3Atrue%2C%22status_bar_mode%22%3A%22%22%2C%22status_bar_color%22%3A%22%22%7D%7D",
			"cate_id": "8512",
			"list_name": "shangwu",
			"icon_id": 263,
			"title": "商务服务",
			"type": "backup",
			"mark": ""
		}, {
			"icon": "https://pic5.58cdn.com.cn/nowater/homepage_new/n_v2871987982a3148cd9eb50a10904b510f.png",
			"action": "wbmain://jump/house/houseCategory?params=%7B%22cateid%22%3A%221%22%2C%22title%22%3A%22%E5%95%86%E9%93%BA%22%2C%22list_name%22%3A%22shangpu%22%2C%22url%22%3A%22https%3A%2F%2Fappbusiness.58.com%2Fapp%2Fbusiness%2FgetTabConfig%22%7D&ABMark=null&needLogin=false",
			"cate_id": "1",
			"list_name": "shangpu",
			"icon_id": 79,
			"title": "商铺写字楼",
			"type": "normal",
			"mark": ""
		}]
	}, {
		"section_secondary_group": [{
			"icon": "https://pic2.58cdn.com.cn/nowater/homepage_new/n_v20e1839483b9e4c0ebc387dcd394b0cf2.png",
			"action": "wbmain://jump/core/common?params=%7B%22url%22%3A%22https%3A%2F%2Fjzt.daojia.com%2Fhome%2Findex%3Fhmsr%3D58_app_shouye_home%26channel%3D58_app_shouye_home%22%7D",
			"cate_id": "1",
			"list_name": "daojia",
			"icon_id": 104,
			"title": "58到家",
			"type": "normal",
			"mark": ""
		}, {
			"icon": "https://pic5.58cdn.com.cn/nowater/homepage_new/n_v20938c19194ee4db98351f69fc6e18cbf.png",
			"action": "wbmain://jump/core/common?params=%7B%22url%22%3A%22https%3A%2F%2Fdaikuan.58.com%3Ffrom%3D58_app_index_new%22%2C%22title%22%3A%2258%E8%B4%B7%E6%AC%BE%22%7D",
			"cate_id": "3242",
			"list_name": "jinrong",
			"icon_id": 189,
			"title": "58借钱",
			"type": "normal",
			"mark": ""
		}, {
			"icon": "https://pic3.58cdn.com.cn/nowater/homepage_new/n_v27be4c3be9793401787627606b5ba0c58.png",
			"action": "wbmain://jump/newhouse/building_home_page?params=%7b%7d",
			"cate_id": "37288",
			"list_name": "xinfang",
			"icon_id": 242,
			"title": "新房",
			"type": "normal",
			"mark": ""
		}, {
			"icon": "https://pic2.58cdn.com.cn/nowater/homepage_new/n_v2bd4b2a377d9342ac8f4374ad55be0347.png",
			"action": "wbmain://jump/core/common?params=%7B%22url%22%3A%22https%3A%2F%2Fappsm.58che.com%2F58%2Findex.html%3Ffrom%3D58tc.001106%22%7D",
			"cate_id": "12049",
			"list_name": "xinchebx",
			"icon_id": 168,
			"title": "新车",
			"type": "backup",
			"mark": ""
		}, {
			"icon": "https://pic5.58cdn.com.cn/nowater/homepage_new/n_v2d30842a66fed4df581a93d0420f94e55.png",
			"action": "wbmain://jump/RN/RN?params=%7B%22backtoroot%22%3A%22false%22%2C%22title%22%3A%22%E6%9B%B4%E5%A4%9A%22%2C%22bundleid%22%3A%22280%22%2C%22params%22%3A%7B%22cateId%22%3A%22%22%2C%22infoId%22%3A%22%22%2C%22hideBar%22%3A%220%22%2C%22pageType%22%3A%22%22%2C%22title%22%3A%22%E6%9B%B4%E5%A4%9A%22%2C%22logParams%22%3A%5B%5D%7D%7D",
			"cate_id": "1",
			"list_name": "more",
			"icon_id": 248,
			"title": "更多",
			"type": "normal",
			"mark": ""
		}]
	}, {
		"section_news": {
			"notificationUrl": "https://app.58.com/api/home/inform/carousel",
			"notifications": [],
			"hot_news": {
				"red_dot": 1,
				"list": [{
					"neirong_flag": "neirong,tribe_all,ry",
					"targetAction": "wbmain://jump/RN/RN?params=%7B%22flg%22%3A%220-topic-tc.all.gbdt.lr-1568876555228%22%2C%22abrecomparam%22%3A%22%257B%2522seqno%2522%253A%25227cc48d37872e5218e0bda2595eeac692%2522%252C%2522webviewno%2522%253A%2522%2522%252C%2522entityid%2522%253A%252295358060%2522%252C%2522params%2522%253A%257B%2522recalltype%2522%253A%2522topic%2522%257D%252C%2522version%2522%253A%25221.0%2522%252C%2522scene%2522%253A%2522roll%2522%252C%2522showscene%2522%253A%2522default%2522%252C%2522filter%2522%253A%2522231%2522%252C%2522recoparam%2522%253A%25220%2522%252C%2522viewno%2522%253A%2522Default%2522%252C%2522ruleno%2522%253A%252293%2522%252C%2522recall%2522%253A%252291%2522%252C%2522entitytype2%2522%253A%25220%2522%252C%2522entitytype1%2522%253A0%252C%2522recname%2522%253A%2522roll_c_0%2522%252C%2522algo%2522%253A%252292%2522%257D%22%2C%22bundleid%22%3A%22166%22%2C%22index%22%3A1%2C%22backtoroot%22%3A%22false%22%2C%22extraParams%22%3A%7B%22referrer%22%3A%2218%22%2C%22nid%22%3A%22%22%2C%22from%22%3A%22toutiao%22%2C%22id%22%3A%2295358060%22%7D%2C%22id%22%3A95358060%2C%22title%22%3A%22%E5%90%8C%E5%9F%8E%E5%A4%B4%E6%9D%A1%22%2C%22params%22%3A%7B%22referrer%22%3A%2218%22%2C%22hideBar%22%3A%221%22%2C%22buluo%22%3A%22true%22%2C%22from%22%3A%22toutiao%22%7D%7D",
					"label": "",
					"title": "女主人被大型犬扑到在地无法动弹，接下来发生的一幕，尴尬极了！"
				}, {
					"neirong_flag": "neirong,tribe_all,ry",
					"targetAction": "wbmain://jump/RN/RN?params=%7B%22flg%22%3A%220-topic-tc.all.gbdt.lr-1568876555228%22%2C%22abrecomparam%22%3A%22%257B%2522seqno%2522%253A%25227cc48d37872e5218e0bda2595eeac692%2522%252C%2522webviewno%2522%253A%2522%2522%252C%2522entityid%2522%253A%252295278342%2522%252C%2522params%2522%253A%257B%2522recalltype%2522%253A%2522topic%2522%257D%252C%2522version%2522%253A%25221.0%2522%252C%2522scene%2522%253A%2522roll%2522%252C%2522showscene%2522%253A%2522default%2522%252C%2522filter%2522%253A%2522231%2522%252C%2522recoparam%2522%253A%25220%2522%252C%2522viewno%2522%253A%2522Default%2522%252C%2522ruleno%2522%253A%252293%2522%252C%2522recall%2522%253A%252291%2522%252C%2522entitytype2%2522%253A%25220%2522%252C%2522entitytype1%2522%253A0%252C%2522recname%2522%253A%2522roll_c_0%2522%252C%2522algo%2522%253A%252292%2522%257D%22%2C%22bundleid%22%3A%22166%22%2C%22index%22%3A2%2C%22backtoroot%22%3A%22false%22%2C%22extraParams%22%3A%7B%22referrer%22%3A%2218%22%2C%22nid%22%3A%22%22%2C%22from%22%3A%22toutiao%22%2C%22id%22%3A%2295278342%22%7D%2C%22id%22%3A95278342%2C%22title%22%3A%22%E5%90%8C%E5%9F%8E%E5%A4%B4%E6%9D%A1%22%2C%22params%22%3A%7B%22referrer%22%3A%2218%22%2C%22hideBar%22%3A%221%22%2C%22buluo%22%3A%22true%22%2C%22from%22%3A%22toutiao%22%7D%7D",
					"label": "",
					"title": "恩爱时，传出类似放屁的“卟卟”声，是怎么回事？"
				}, {
					"neirong_flag": "neirong,tribe_all,ry",
					"targetAction": "wbmain://jump/RN/RN?params=%7B%22flg%22%3A%220-topic-tc.all.gbdt.lr-1568876555228%22%2C%22abrecomparam%22%3A%22%257B%2522seqno%2522%253A%25227cc48d37872e5218e0bda2595eeac692%2522%252C%2522webviewno%2522%253A%2522%2522%252C%2522entityid%2522%253A%252295276137%2522%252C%2522params%2522%253A%257B%2522recalltype%2522%253A%2522topic%2522%257D%252C%2522version%2522%253A%25221.0%2522%252C%2522scene%2522%253A%2522roll%2522%252C%2522showscene%2522%253A%2522default%2522%252C%2522filter%2522%253A%2522231%2522%252C%2522recoparam%2522%253A%25220%2522%252C%2522viewno%2522%253A%2522Default%2522%252C%2522ruleno%2522%253A%252293%2522%252C%2522recall%2522%253A%252291%2522%252C%2522entitytype2%2522%253A%25220%2522%252C%2522entitytype1%2522%253A0%252C%2522recname%2522%253A%2522roll_c_0%2522%252C%2522algo%2522%253A%252292%2522%257D%22%2C%22bundleid%22%3A%22166%22%2C%22index%22%3A3%2C%22backtoroot%22%3A%22false%22%2C%22extraParams%22%3A%7B%22referrer%22%3A%2218%22%2C%22nid%22%3A%22%22%2C%22from%22%3A%22toutiao%22%2C%22id%22%3A%2295276137%22%7D%2C%22id%22%3A95276137%2C%22title%22%3A%22%E5%90%8C%E5%9F%8E%E5%A4%B4%E6%9D%A1%22%2C%22params%22%3A%7B%22referrer%22%3A%2218%22%2C%22hideBar%22%3A%221%22%2C%22buluo%22%3A%22true%22%2C%22from%22%3A%22toutiao%22%7D%7D",
					"label": "",
					"title": "单身女教师恋上12岁学生，每晚单独为该学生补习至深夜，父母：孩子每晚都说累"
				}, {
					"neirong_flag": "neirong,tribe_all,ry",
					"targetAction": "wbmain://jump/RN/RN?params=%7B%22flg%22%3A%220-topic-tc.all.gbdt.lr-1568876555228%22%2C%22abrecomparam%22%3A%22%257B%2522seqno%2522%253A%25227cc48d37872e5218e0bda2595eeac692%2522%252C%2522webviewno%2522%253A%2522%2522%252C%2522entityid%2522%253A%252295381907%2522%252C%2522params%2522%253A%257B%2522recalltype%2522%253A%2522topic%2522%257D%252C%2522version%2522%253A%25221.0%2522%252C%2522scene%2522%253A%2522roll%2522%252C%2522showscene%2522%253A%2522default%2522%252C%2522filter%2522%253A%2522231%2522%252C%2522recoparam%2522%253A%25220%2522%252C%2522viewno%2522%253A%2522Default%2522%252C%2522ruleno%2522%253A%252293%2522%252C%2522recall%2522%253A%252291%2522%252C%2522entitytype2%2522%253A%25220%2522%252C%2522entitytype1%2522%253A0%252C%2522recname%2522%253A%2522roll_c_0%2522%252C%2522algo%2522%253A%252292%2522%257D%22%2C%22bundleid%22%3A%22166%22%2C%22index%22%3A4%2C%22backtoroot%22%3A%22false%22%2C%22extraParams%22%3A%7B%22referrer%22%3A%2218%22%2C%22nid%22%3A%22%22%2C%22from%22%3A%22toutiao%22%2C%22id%22%3A%2295381907%22%7D%2C%22id%22%3A95381907%2C%22title%22%3A%22%E5%90%8C%E5%9F%8E%E5%A4%B4%E6%9D%A1%22%2C%22params%22%3A%7B%22referrer%22%3A%2218%22%2C%22hideBar%22%3A%221%22%2C%22buluo%22%3A%22true%22%2C%22from%22%3A%22toutiao%22%7D%7D",
					"label": "",
					"title": "“校园贷”为什么多挑女大学生下手，男生却很少，内行道出实情"
				}, {
					"neirong_flag": "neirong,tribe_all,ry",
					"targetAction": "wbmain://jump/RN/RN?params=%7B%22flg%22%3A%220-ta-tc.all.gbdt.lr-1568876555228%22%2C%22abrecomparam%22%3A%22%257B%2522seqno%2522%253A%25227cc48d37872e5218e0bda2595eeac692%2522%252C%2522webviewno%2522%253A%2522%2522%252C%2522entityid%2522%253A%252295302298%2522%252C%2522params%2522%253A%257B%2522recalltype%2522%253A%2522ta%2522%257D%252C%2522version%2522%253A%25221.0%2522%252C%2522scene%2522%253A%2522roll%2522%252C%2522showscene%2522%253A%2522default%2522%252C%2522filter%2522%253A%2522231%2522%252C%2522recoparam%2522%253A%25220%2522%252C%2522viewno%2522%253A%2522Default%2522%252C%2522ruleno%2522%253A%252293%2522%252C%2522recall%2522%253A%252291%2522%252C%2522entitytype2%2522%253A%25220%2522%252C%2522entitytype1%2522%253A0%252C%2522recname%2522%253A%2522roll_c_0%2522%252C%2522algo%2522%253A%252292%2522%257D%22%2C%22bundleid%22%3A%22166%22%2C%22index%22%3A5%2C%22backtoroot%22%3A%22false%22%2C%22extraParams%22%3A%7B%22referrer%22%3A%2218%22%2C%22nid%22%3A%22%22%2C%22from%22%3A%22toutiao%22%2C%22id%22%3A%2295302298%22%7D%2C%22id%22%3A95302298%2C%22title%22%3A%22%E5%90%8C%E5%9F%8E%E5%A4%B4%E6%9D%A1%22%2C%22params%22%3A%7B%22referrer%22%3A%2218%22%2C%22hideBar%22%3A%221%22%2C%22buluo%22%3A%22true%22%2C%22from%22%3A%22toutiao%22%7D%7D",
					"label": "",
					"title": "7种让人汗毛竖起的海鲜，哪一种你无法接受？"
				}, {
					"neirong_flag": "neirong,tribe_all,ry",
					"targetAction": "wbmain://jump/RN/RN?params=%7B%22flg%22%3A%220-keyword-tc.all.gbdt.lr-1568876555228%22%2C%22abrecomparam%22%3A%22%257B%2522seqno%2522%253A%25227cc48d37872e5218e0bda2595eeac692%2522%252C%2522webviewno%2522%253A%2522%2522%252C%2522entityid%2522%253A%252295436868%2522%252C%2522params%2522%253A%257B%2522recalltype%2522%253A%2522keyword%2522%257D%252C%2522version%2522%253A%25221.0%2522%252C%2522scene%2522%253A%2522roll%2522%252C%2522showscene%2522%253A%2522default%2522%252C%2522filter%2522%253A%2522231%2522%252C%2522recoparam%2522%253A%25220%2522%252C%2522viewno%2522%253A%2522Default%2522%252C%2522ruleno%2522%253A%252293%2522%252C%2522recall%2522%253A%252291%2522%252C%2522entitytype2%2522%253A%25220%2522%252C%2522entitytype1%2522%253A0%252C%2522recname%2522%253A%2522roll_c_0%2522%252C%2522algo%2522%253A%252292%2522%257D%22%2C%22bundleid%22%3A%22166%22%2C%22index%22%3A6%2C%22backtoroot%22%3A%22false%22%2C%22extraParams%22%3A%7B%22referrer%22%3A%2218%22%2C%22nid%22%3A%22%22%2C%22from%22%3A%22toutiao%22%2C%22id%22%3A%2295436868%22%7D%2C%22id%22%3A95436868%2C%22title%22%3A%22%E5%90%8C%E5%9F%8E%E5%A4%B4%E6%9D%A1%22%2C%22params%22%3A%7B%22referrer%22%3A%2218%22%2C%22hideBar%22%3A%221%22%2C%22buluo%22%3A%22true%22%2C%22from%22%3A%22toutiao%22%7D%7D",
					"label": "",
					"title": "男子父亲住院6天，账单吸氧288个小时，工作人员：每天吸氧48个小时没问题呀！"
				}, {
					"neirong_flag": "neirong,tribe_all,ry",
					"targetAction": "wbmain://jump/RN/RN?params=%7B%22flg%22%3A%220-ta-tc.all.gbdt.lr-1568876555228%22%2C%22abrecomparam%22%3A%22%257B%2522seqno%2522%253A%25227cc48d37872e5218e0bda2595eeac692%2522%252C%2522webviewno%2522%253A%2522%2522%252C%2522entityid%2522%253A%252295708322%2522%252C%2522params%2522%253A%257B%2522recalltype%2522%253A%2522ta%2522%257D%252C%2522version%2522%253A%25221.0%2522%252C%2522scene%2522%253A%2522roll%2522%252C%2522showscene%2522%253A%2522default%2522%252C%2522filter%2522%253A%2522231%2522%252C%2522recoparam%2522%253A%25220%2522%252C%2522viewno%2522%253A%2522Default%2522%252C%2522ruleno%2522%253A%252293%2522%252C%2522recall%2522%253A%252291%2522%252C%2522entitytype2%2522%253A%25220%2522%252C%2522entitytype1%2522%253A0%252C%2522recname%2522%253A%2522roll_c_0%2522%252C%2522algo%2522%253A%252292%2522%257D%22%2C%22bundleid%22%3A%22166%22%2C%22index%22%3A7%2C%22backtoroot%22%3A%22false%22%2C%22extraParams%22%3A%7B%22referrer%22%3A%2218%22%2C%22nid%22%3A%22%22%2C%22from%22%3A%22toutiao%22%2C%22id%22%3A%2295708322%22%7D%2C%22id%22%3A95708322%2C%22title%22%3A%22%E5%90%8C%E5%9F%8E%E5%A4%B4%E6%9D%A1%22%2C%22params%22%3A%7B%22referrer%22%3A%2218%22%2C%22hideBar%22%3A%221%22%2C%22buluo%22%3A%22true%22%2C%22from%22%3A%22toutiao%22%7D%7D",
					"label": "",
					"title": "成都外卖小哥撞上劳斯莱斯幻影，车牌有4个8，车主身份被扒"
				}, {
					"neirong_flag": "neirong,tribe_all,ry",
					"targetAction": "wbmain://jump/RN/RN?params=%7B%22flg%22%3A%220-topic-tc.all.gbdt.lr-1568876555228%22%2C%22abrecomparam%22%3A%22%257B%2522seqno%2522%253A%25227cc48d37872e5218e0bda2595eeac692%2522%252C%2522webviewno%2522%253A%2522%2522%252C%2522entityid%2522%253A%252295433251%2522%252C%2522params%2522%253A%257B%2522recalltype%2522%253A%2522topic%2522%257D%252C%2522version%2522%253A%25221.0%2522%252C%2522scene%2522%253A%2522roll%2522%252C%2522showscene%2522%253A%2522default%2522%252C%2522filter%2522%253A%2522231%2522%252C%2522recoparam%2522%253A%25220%2522%252C%2522viewno%2522%253A%2522Default%2522%252C%2522ruleno%2522%253A%252293%2522%252C%2522recall%2522%253A%252291%2522%252C%2522entitytype2%2522%253A%25220%2522%252C%2522entitytype1%2522%253A0%252C%2522recname%2522%253A%2522roll_c_0%2522%252C%2522algo%2522%253A%252292%2522%257D%22%2C%22bundleid%22%3A%22166%22%2C%22index%22%3A8%2C%22backtoroot%22%3A%22false%22%2C%22extraParams%22%3A%7B%22referrer%22%3A%2218%22%2C%22nid%22%3A%22%22%2C%22from%22%3A%22toutiao%22%2C%22id%22%3A%2295433251%22%7D%2C%22id%22%3A95433251%2C%22title%22%3A%22%E5%90%8C%E5%9F%8E%E5%A4%B4%E6%9D%A1%22%2C%22params%22%3A%7B%22referrer%22%3A%2218%22%2C%22hideBar%22%3A%221%22%2C%22buluo%22%3A%22true%22%2C%22from%22%3A%22toutiao%22%7D%7D",
					"label": "",
					"title": "小奶狗依偎着去世的妈妈不愿离开，网友走近时，它的眼睛却湿润了"
				}, {
					"neirong_flag": "neirong,tribe_all,ry",
					"targetAction": "wbmain://jump/RN/RN?params=%7B%22flg%22%3A%220-keyword-tc.all.gbdt.lr-1568876555228%22%2C%22abrecomparam%22%3A%22%257B%2522seqno%2522%253A%25227cc48d37872e5218e0bda2595eeac692%2522%252C%2522webviewno%2522%253A%2522%2522%252C%2522entityid%2522%253A%252295544175%2522%252C%2522params%2522%253A%257B%2522recalltype%2522%253A%2522keyword%2522%257D%252C%2522version%2522%253A%25221.0%2522%252C%2522scene%2522%253A%2522roll%2522%252C%2522showscene%2522%253A%2522default%2522%252C%2522filter%2522%253A%2522231%2522%252C%2522recoparam%2522%253A%25220%2522%252C%2522viewno%2522%253A%2522Default%2522%252C%2522ruleno%2522%253A%252293%2522%252C%2522recall%2522%253A%252291%2522%252C%2522entitytype2%2522%253A%25220%2522%252C%2522entitytype1%2522%253A0%252C%2522recname%2522%253A%2522roll_c_0%2522%252C%2522algo%2522%253A%252292%2522%257D%22%2C%22bundleid%22%3A%22166%22%2C%22index%22%3A9%2C%22backtoroot%22%3A%22false%22%2C%22extraParams%22%3A%7B%22referrer%22%3A%2218%22%2C%22nid%22%3A%22%22%2C%22from%22%3A%22toutiao%22%2C%22id%22%3A%2295544175%22%7D%2C%22id%22%3A95544175%2C%22title%22%3A%22%E5%90%8C%E5%9F%8E%E5%A4%B4%E6%9D%A1%22%2C%22params%22%3A%7B%22referrer%22%3A%2218%22%2C%22hideBar%22%3A%221%22%2C%22buluo%22%3A%22true%22%2C%22from%22%3A%22toutiao%22%7D%7D",
					"label": "",
					"title": "视频：三年级上册语文8《卖火柴的小女孩》字词学习"
				}, {
					"neirong_flag": "neirong,tribe_all,ry",
					"targetAction": "wbmain://jump/RN/RN?params=%7B%22flg%22%3A%220-topic-tc.all.gbdt.lr-1568876555228%22%2C%22abrecomparam%22%3A%22%257B%2522seqno%2522%253A%25227cc48d37872e5218e0bda2595eeac692%2522%252C%2522webviewno%2522%253A%2522%2522%252C%2522entityid%2522%253A%252295536389%2522%252C%2522params%2522%253A%257B%2522recalltype%2522%253A%2522topic%2522%257D%252C%2522version%2522%253A%25221.0%2522%252C%2522scene%2522%253A%2522roll%2522%252C%2522showscene%2522%253A%2522default%2522%252C%2522filter%2522%253A%2522231%2522%252C%2522recoparam%2522%253A%25220%2522%252C%2522viewno%2522%253A%2522Default%2522%252C%2522ruleno%2522%253A%252293%2522%252C%2522recall%2522%253A%252291%2522%252C%2522entitytype2%2522%253A%25220%2522%252C%2522entitytype1%2522%253A0%252C%2522recname%2522%253A%2522roll_c_0%2522%252C%2522algo%2522%253A%252292%2522%257D%22%2C%22bundleid%22%3A%22166%22%2C%22index%22%3A10%2C%22backtoroot%22%3A%22false%22%2C%22extraParams%22%3A%7B%22referrer%22%3A%2218%22%2C%22nid%22%3A%22%22%2C%22from%22%3A%22toutiao%22%2C%22id%22%3A%2295536389%22%7D%2C%22id%22%3A95536389%2C%22title%22%3A%22%E5%90%8C%E5%9F%8E%E5%A4%B4%E6%9D%A1%22%2C%22params%22%3A%7B%22referrer%22%3A%2218%22%2C%22hideBar%22%3A%221%22%2C%22buluo%22%3A%22true%22%2C%22from%22%3A%22toutiao%22%7D%7D",
					"label": "",
					"title": "女孩模仿自制爆米花爆炸身亡，涉事网红与家属和解：补偿数目保密"
				}],
				"loop_time": 5000
			}
		}
	}, {
		"section_recommend_new": [{
			"abrecomparam": "{\"seqno\":\"3f42200832f3c2971d43b0eb702160ef\",\"webviewno\":\"\",\"entityid\":\"1\",\"params\":{\"recalltype\":\"appHomepageKaPianDefault\"},\"version\":\"2.0\",\"scene\":\"tc_apphome\",\"filter\":\"null\",\"rectime\":\"1571136376845\",\"viewno\":\"null\",\"ruleno\":\"332\",\"recall\":\"371\",\"entitytype2\":\"\",\"entitytype1\":30,\"position\":\"1\",\"recname\":33,\"algo\":\"331\"}",
			"action": "wbmain://jump/core/common?params=%7B%22url%22%3A%22https%3A%2F%2Fftoy.m.58.com%2Factive%2F1545120100852%22%2C%22title%22%3A%22%E6%88%BF%E4%B8%9C%E7%9B%B4%E7%A7%9F%22%2C%22list_name%22%3A%22%22%2C%22pagetype%22%3A%22common%22%2C%22categoryid%22%3A%22%22%2C%22loadingtype%22%3A%220%22%2C%22backtoroot%22%3A%22false%22%2C%22domainTips%22%3A%22%22%2C%22backprotocal%22%3A%22%22%2C%22webType%22%3A%22%22%2C%22save_step%22%3Afalse%2C%22pullRefresh%22%3Afalse%2C%22settings%22%3A%7B%22hide_title_panel%22%3A%22%22%2C%22contain_status_bar%22%3A%22%22%2C%22status_bar_mode%22%3A%22%22%2C%22status_bar_color%22%3A%22%22%7D%7D",
			"icon": "https://a.58cdn.com.cn/app58/icons/fangchan22@3x.png",
			"listId": 1,
			"logKey": {
				"listid": 1,
				"businessid": 2,
				"sequenceid": 0
			},
			"subtitle": "免收中介费",
			"title": "房东直租"
		}, {
			"abrecomparam": "{\"seqno\":\"374f37c03daeb1d60d0ef5051aa42e80\",\"webviewno\":\"\",\"entityid\":\"15\",\"params\":{\"recalltype\":\"appHomepageKaPianRanodm\"},\"version\":\"2.0\",\"scene\":\"tc_apphome\",\"filter\":\"null\",\"rectime\":\"1574903627025\",\"viewno\":\"null\",\"ruleno\":\"426\",\"recall\":\"417\",\"entitytype2\":\"\",\"entitytype1\":30,\"position\":\"2\",\"recname\":33,\"algo\":\"331\"}",
			"action": "wbmain://jump/job/shipping?params=%7B%22action%22%3A%22pagetrans%22%2C%22content%22%3A%7B%22pagetype%22%3A%22shipping%22%2C%22title%22%3A%22%E9%99%84%E8%BF%91%E8%81%8C%E4%BD%8D%22%2C%22showsift%22%3A%22true%22%2C%22url%22%3A%22https%3A%5C%2F%5C%2Fzprecommend.58.com%5C%2Fapi%5C%2Fabtest%3Fptype%3Dappnearbydispcatelist%22%7D%2C%22title%22%3A%22%E9%99%84%E8%BF%91%E8%81%8C%E4%BD%8D%22%2C%22pagetype%22%3A%22shipping%22%2C%22tradeline%22%3A%22job%22%2C%22showsift%22%3A%22true%22%2C%22url%22%3A%22https%3A%5C%2F%5C%2Fzprecommend.58.com%5C%2Fapi%5C%2Fabtest%3Fptype%3Dappnearbydispcatelist%22%7D",
			"icon": "https://a.58cdn.com.cn/app58/icons/ic_scene_job@3x.png",
			"listId": 15,
			"logKey": {
				"listid": 15,
				"businessid": 1,
				"sequenceid": 1
			},
			"subtitle": "通勤30分钟",
			"title": "附近职位"
		}, {
			"abrecomparam": "{\"seqno\":\"400c7b4f00071b79f6ab64d3c3f69963\",\"webviewno\":\"\",\"entityid\":\"19\",\"params\":{\"recalltype\":\"appHomepageKaPianDefault\"},\"version\":\"2.0\",\"scene\":\"tc_apphome\",\"filter\":\"null\",\"rectime\":\"1574855243139\",\"viewno\":\"null\",\"ruleno\":\"426\",\"recall\":\"417\",\"entitytype2\":\"\",\"entitytype1\":30,\"position\":\"5\",\"recname\":33,\"algo\":\"331\"}",
			"action": "wbmain://jump/core/common?params=%7B%22url%22%3A%22https%3A%2F%2Fapp.58.com%2Fapi%2Fcommunity%2Fhomepage%2Fentry%3Fcbd%3D1157400003%26referrer%3D10%22%7D",
			"icon": "https://a.58cdn.com.cn/app58/icons/buluo1@3x.png",
			"listId": 19,
			"logKey": {
				"listid": 19,
				"bl_business": "1",
				"businessid": 3,
				"bl_tribeid": "1157400003",
				"sequenceid": 2
			},
			"subtitle": "打工者的生活",
			"title": "打工生活"
		}, {
			"abrecomparam": "{\"seqno\":\"4ff55eba73d426ef6878a6e646090d02\",\"webviewno\":\"\",\"entityid\":\"24\",\"params\":{\"recalltype\":\"appHomepageKaPianDefault\"},\"version\":\"2.0\",\"scene\":\"tc_apphome\",\"filter\":\"null\",\"rectime\":\"1574903173163\",\"viewno\":\"null\",\"ruleno\":\"426\",\"recall\":\"417\",\"entitytype2\":\"\",\"entitytype1\":30,\"position\":\"4\",\"recname\":33,\"algo\":\"331\"}",
			"action": "wbmain://jump/core/common?params=%7B%22url%22%3A%22https%3A%2F%2Fapp.58.com%2Fapi%2Fcommunity%2Fhomepage%2Fentry%3Fcbd%3D400000003%26referrer%3D10%22%7D",
			"icon": "https://a.58cdn.com.cn/app58/icons/buluo2@3x.png",
			"listId": 24,
			"logKey": {
				"listid": 24,
				"bl_business": "4",
				"businessid": 3,
				"bl_tribeid": "400000005",
				"sequenceid": 3
			},
			"subtitle": "每天进步一点",
			"title": "励志圈"
		},{
			"abrecomparam": "{\"seqno\":\"4ff55eba73d426ef6878a6e646090d02\",\"webviewno\":\"\",\"entityid\":\"21\",\"params\":{\"recalltype\":\"appHomepageKaPianDefault\"},\"version\":\"2.0\",\"scene\":\"tc_apphome\",\"filter\":\"null\",\"rectime\":\"1574903173163\",\"viewno\":\"null\",\"ruleno\":\"426\",\"recall\":\"417\",\"entitytype2\":\"\",\"entitytype1\":30,\"position\":\"5\",\"recname\":33,\"algo\":\"331\"}",
			"action": "wbmain://jump/core/common?params=%7B%22url%22%3A%22https%3A%2F%2Fapp.58.com%2Fapi%2Fcommunity%2Fhomepage%2Fentry%3Fcbd%3D400000005%26referrer%3D10%22%7D",
			"icon": "https://a.58cdn.com.cn/app58/icons/buluo3@3x.png",
			"listId": 21,
			"logKey": {
				"listid": 21,
				"bl_business": "4",
				"businessid": 3,
				"bl_tribeid": "400000003",
				"sequenceid": 4
			},
			"subtitle": "分享美好生活",
			"title": "晒自拍"
		}, {
			"abrecomparam": "{\"seqno\":\"19f2ecbde574ea6380afe18712113f11\",\"webviewno\":\"\",\"entityid\":\"26\",\"params\":{\"recalltype\":\"appHomepageKaPianDefault\"},\"version\":\"2.0\",\"scene\":\"tc_apphome\",\"filter\":\"null\",\"rectime\":\"1574903365301\",\"viewno\":\"null\",\"ruleno\":\"426\",\"recall\":\"417\",\"entitytype2\":\"\",\"entitytype1\":30,\"position\":\"6\",\"recname\":33,\"algo\":\"331\"}",
			"action": "wbmain://jump/core/common?params=%7B%22url%22%3A%22https%3A%2F%2Fapp.58.com%2Fapi%2Fcommunity%2Fhomepage%2Fentry%3Fcbd%3D1157400023%26referrer%3D10%22%7D",
			"icon": "https://a.58cdn.com.cn/app58/icons/buluo4@3x.png",
			"listId": 26,
			"logKey": {
				"listid": 26,
				"bl_business": "1",
				"businessid": 3,
				"bl_tribeid": "1157400023",
				"sequenceid": 5
			},
			"subtitle": "晒工资晒幸福",
			"title": "晒工资"
		}]
	},

		{
			"controller_tab": [{
				"id": "1",
				"feedtitle": "推荐",
				"key": "tuijian",
				"url": "https://app.58.com/api/home/feed/recommend"
			}, {
				"id": "2",
				"feedtitle": "部落",
				"key": "buluo",
				"url": "https://app.58.com/api/home/feed/tribe"
			}, {
				"id": "3",
				"feedtitle": "热议",
				"key": "reyi",
				"url": "https://app.58.com/api/home/feed/hotpost"
			}, {
				"id": "4",
				"feedtitle": "家乡",
				"key": "jiaxiang",
				"url": "https://hometown.58.com/information/homepage"
			}]
		}, {
			"section_buried_point": {
				"userface": "A_LT"
			}
		}]
}