{
  "json_version": "2.2.0.0",
  "resource": {},
  "timeline": {
    "type": "circular",
    "cycle_length": 4000
  },
  "actions": {
    "video_actions": [
      {
        "name": "BeautyAction",
        "id": "1",
        "timeline": {
          "base": "timeline",
          "from_end": false,
          "start_point": "0%",
          "length": "100%"
        },
        "blur_size": 3,
        "brightness": 1.0,
        "smooth_degree": 0.9,
        "bilateral_factor": 1.0,
        "saturation": 1.0
      }
    ]
  }
}
