{
  "status": 0,
  "msg": "OK",
  "result": {
    "infoList": [
      {
        "type": "container-oneColumn",
        "style": {
          "margin": [
            80,
            0,
            0,
            0
          ],
          "bgColor": "#FFFFFF"
        },
        "items": [
          {
            "type": "houseSkeletonLoading"
          }
        ]
      }
    ],
    "others": {
      "navi_config": {
        "back_img": "https://pic1.58cdn.com.cn/nowater/fangfe/n_v21e07b8745cf5430e853c09fa29e0df6c.png?w=1007&h=250&ss=1&crop=1&cpos=south",
        "back_color": "#FF552E",
        "search_text": "请搜索小区/商圈/地址",
        "search_right_icon": "https://pic5.58cdn.com.cn/nowater/fangfe/n_v208e920a7ec2844958ccd186785eb2931.png",
        "search_right_action": {
          "action": "pagetrans",
          "tradeline": "house",
          "content": {
            "meta_url": "https://app.58.com/api/list",
            "action": "pagetrans",
            "tradeline": "house",
            "title": "地图找房",
            "pagetype": "houseMap",
            "id": "map",
            "nostep": "1",
            "list_name": "chuzu",
            "cateid": "37031",
            "params": {
              "list_from": "index|mapbut",
              "jumpto": "houseonmap",
              "cate_full_path": "1,37031",
              "local_full_path": 1
            },
            "is_backtomain": false,
            "full_path": "1,37031,map",
            "local_name": "bj",
            "lon": "116.511963",
            "lat": "39.993542"
          }
        },
        "search_right_click_log": "200000001705000100000010",
        "search_click_log": "200000000495000100000010",
        "custom_search_dict": {
          "hot_word_url": "https://fangstone.58.com/api/search/getHotWords",
          "suggest_search_url": "https://houserentapp.58.com/home/api_get_intelligent_remind",
          "get_jump_action_url": "https://houserentapp.58.com/home/api_list_action",
          "search_cate_name": "chuzu",
          "search_placeholder_words": "请搜索小区/商圈/地址"
        }
      }
    },
    "sidDict": {
      "zf_source": "daleiye"
    }
  }
}