{
  "code": 0,
  "message": "",
  "data": {
    "getTabData": {
      "tab_data": [
        {
          "tab_name": "租房",
          "tab_key": "home",
          "tab_icon_normal_url": "",
          "tab_icon_selected_url": "",
          "isLogin": false,
          "isJumpOut": false,
          "target": {
            "protocol": {
              "useCache": true,
              "title": "租房",
              "pagetype": "house_top_refresh_zoom_category",
              "pullRefresh": true,
              "logParam": {
                "webRefresh": "zfindex"
              },
              "showsift": true,
              "list_name": "zufang",
              "showpub": false,
              "url": "https://houserentapp.58.com/home/api_zufang_vue_v2?params=%7B%7D",
              "cate_id": 37031,
              "cate_fullpath": "1,37031",
              "searchTitle": "请搜索地址/小区/地铁"
            },
            "showim": true,
            "pagetype": "house_top_refresh_zoom_category"
          }
        },
        {
          "tab_name": "发房源",
          "tab_key": "publish",
          "tab_icon_normal_url": "",
          "tab_icon_selected_url": "",
          "isLogin": false,
          "isJumpOut": false,
          "target": {
            "protocol": {
              "title": "选择发布类别",
              "pagetype": "tabpublish",
              "list_name": "zufang",
              "showpub": false,
              "url": "https://syfang.58.com/post/firstLevel?formatsource=topcate&formatcate=zufang&activityId="
            },
            "pagetype": "tabpublish"
          }
        },
        {
          "tab_name": "我的",
          "tab_key": "personal",
          "tab_icon_normal_url": "",
          "tab_icon_selected_url": "",
          "isLogin": false,
          "isJumpOut": false,
          "target": {
            "protocol": {
              "title": "我是租客",
              "pagetype": "tabguest",
              "list_name": "zufang",
              "url": "https://houserentapp.58.com/centerv2/api_center?userType=1"
            },
            "top_right_show": true,
            "showim": true,
            "top_right_text": "我是房东",
            "pagetype": "tabguest",
            "tab_notice_url": "https://houserentapp.58.com/center/api_get_notice_point?userType=2"
          },
          "host_tab": {
            "target": {
              "protocol": {
                "title": "我是房东",
                "pagetype": "tabhost",
                "list_name": "zufang",
                "url": "https://houserentapp.58.com/center/api_center?userType=2"
              },
              "top_right_show": true,
              "isLogin": true,
              "showim": true,
              "top_right_text": "我是租客",
              "pagetype": "tabhost",
              "tab_notice_url": "https://houserentapp.58.com/center/api_get_notice_point?userType=1"
            },
            "isLogin": true
          }
        }
      ],
      "tab_firstshow_key": "home",
      "tab_notice_url": "https://houserentapp.58.com/center/api_get_notice_point",
      "cate_fullpath": "1,37031"
    }
  }
}