{
  "json_version": "2.2.0.0",
  "resource": {},
  "timeline": {
    "type": "momentary"
  },
  "actions": {
    "video_actions": [
      {
        "name": "LayoutAction",
        "id": "1",
        "blend_func":"overflow",
        "timeline": {
          "base": "timeline",
          "from_end": false,
          "start_point": "0%",
          "length": "100%"
        },
        "inputs": [
          {
            "scale_width":1,
            "scale_height":1,
            "x":0,
            "y":0
          },
          {
            "scale_width": 1.5,
            "scale_height": 1.5,
            "alpha": 0.5
          }
        ]
      }
    ]
  }
}