<?xml version="1.0" encoding="UTF-8" standalone="yes"?>
<props>
	<hot c="餐饮,服务员" id="9640" p="fuwuyuan" t="服务员"></hot>
    	<hot c="百货/零售,店员/营业员" id="13810" p="yingyeyuan" t="营业员"></hot>
    	<hot c="客服,客服专员/助理" id="9672" p="kefu" t="客服"></hot>
    	<hot c="销售,销售代表" id="9546" p="xiaoshoudaibiao" t="销售代表"></hot>
    	<hot c="百货/零售,促销/导购员" id="13805" p="cuxiaoyuan" t="促销员"></hot>
    	<hot c="人事/行政/后勤,文员" id="12152" p="yingyeyuan" t="文员"></hot>
    	<hot c="餐饮,迎宾/接待" id="10624" p="yingbin" t="迎宾"></hot>
    	<hot c="人事/行政/后勤,前台/总机/接待" id="10390" p="qiantai" t="前台"></hot>
    	<hot c="百货/零售,收银员" id="13804" p="shouyinyuan" t="收银员"></hot>
    	<hot c="家政保洁/安保,保安" id="13815" p="baoan" t="保安"></hot>
	<item t="服务员" id="9640" c="餐饮,服务员" p="fuwuyuan"/>
	<item t="传菜员" id="9643" c="餐饮,传菜员" p="chuancaiyuan"/>
	<item t="厨师" id="9644" c="餐饮,厨师/厨师长" p="chushi"/>
	<item t="面点师" id="9645" c="餐饮,面点师" p="miandianshi"/>
	<item t="洗碗工" id="9646" c="餐饮,洗碗工" p="xiwangong"/>
	<item t="后厨" id="9651" c="餐饮,后厨" p="houchu"/>
	<item t="配菜打荷" id="9656" c="餐饮,配菜/打荷" p="peicaidahe"/>
	<item t="餐饮管理" id="10619" c="餐饮,餐饮管理" p="canyinguanli"/>
	<item t="大堂经理" id="10622" c="餐饮,大堂经理/领班" p="datangjingli"/>
	<item t="迎宾" id="10624" c="餐饮,迎宾/接待" p="yingbin"/>
	<item t="茶艺师" id="24522" c="餐饮,茶艺师" p="chayishi"/>
	<item t="送餐员" id="36513" c="餐饮,送餐员" p="songcanyuan"/>
	<item t="学徒" id="38689" c="餐饮,学徒" p="xuetu"/>
	<item t="杂工" id="38690" c="餐饮,杂工" p="zagong"/>
	<item t="咖啡师" id="38691" c="餐饮,咖啡师" p="kafeishi"/>
	<item t="预订员" id="38692" c="餐饮,预订员" p="yudingyuan"/>
	<item t="发型师" id="9784" c="美容/美发,发型师" p="faxingshi"/>
	<item t="美容师" id="9785" c="美容/美发,美容师" p="meirongshi"/>
	<item t="化妆师" id="9788" c="美容/美发,化妆师" p="huazhuangshi"/>
	<item t="瘦身顾问" id="9790" c="美容/美发,美容/瘦身顾问" p="shoushenguwen"/>
	<item t="洗头工" id="9792" c="美容/美发,洗头工" p="xitougong"/>
	<item t="美发助理" id="9793" c="美容/美发,美发助理/学徒" p="meifazhuli"/>
	<item t="美甲师" id="9795" c="美容/美发,美甲师" p="meijiashi"/>
	<item t="美容店长" id="9797" c="美容/美发,美容店长" p="meirongdianzhang"/>
	<item t="美容助理" id="12277" c="美容/美发,美容助理/学徒" p="meirongzhuli"/>
	<item t="宠物护理" id="12284" c="美容/美发,宠物美容/护理" p="chongwuhuli"/>
	<item t="彩妆培训师" id="24520" c="美容/美发,彩妆培训师" p="caizhuangpeixunshi"/>
	<item t="美容导师" id="39106" c="美容/美发,美容导师" p="meirongdaoshi"/>
	<item t="美体师" id="39107" c="美容/美发,美体师" p="meitishi"/>
	<item t="形象设计师" id="61186" c="美容/美发,形象设计师" p="xingxiangshejishi"/>
	<item t="收银员" id="13804" c="百货/零售,收银员" p="shouyinyuan"/>
	<item t="促销员" id="13805" c="百货/零售,促销/导购员" p="cuxiaodaogou"/>
	<item t="营业员" id="13810" c="百货/零售,店员/营业员" p="yingyeyuan"/>
	<item t="店长" id="13814" c="百货/零售,店长/卖场经理" p="dianzhang"/>
	<item t="理货员" id="13821" c="百货/零售,理货员/陈列员" p="lihuoyuan"/>
	<item t="防损员" id="23108" c="百货/零售,防损员/内保" p="fangsunyuan"/>
	<item t="招商经理" id="23109" c="百货/零售,招商经理/主管" p="zhaoshangjingli"/>
	<item t="奢侈品业务" id="24556" c="百货/零售,奢侈品业务" p="shechipinyewu"/>
	<item t="品类管理" id="24560" c="百货/零售,品类管理" p="pinleiguanli"/>
	<item t="食品加工" id="24563" c="百货/零售,食品加工/处理" p="shipinjiagong"/>
	<item t="督导" id="38738" c="百货/零售,督导" p="dudao"/>
	<item t="洗衣工" id="9648" c="家政保洁/安保,洗衣工" p="xiyigong"/>
	<item t="保洁" id="9719" c="家政保洁/安保,保洁" p="baojie"/>
	<item t="保姆" id="9720" c="家政保洁/安保,保姆" p="baomu"/>
	<item t="月嫂" id="9722" c="家政保洁/安保,月嫂" p="yuesao"/>
	<item t="钟点工" id="9835" c="家政保洁/安保,钟点工" p="zhongdiangong"/>
	<item t="保安" id="13815" c="家政保洁/安保,保安" p="baoan"/>
	<item t="育婴师" id="22440" c="家政保洁/安保,育婴师/保育员" p="yuyingshi"/>
	<item t="护工" id="28713" c="家政保洁/安保,护工" p="hugong"/>
	<item t="送水工" id="36515" c="家政保洁/安保,送水工" p="songshuigong"/>
	<item t="销售代表" id="9546" c="销售,销售代表" p="xiaoshoudaibiao"/>
	<item t="销售助理" id="9553" c="销售,销售助理" p="xiaoshouzhuli"/>
	<item t="销售支持" id="9560" c="销售,销售支持" p="xiaoshouzhichi"/>
	<item t="电话销售" id="9562" c="销售,电话销售" p="dianhuaxiaoshou"/>
	<item t="区域销售" id="9565" c="销售,区域销售" p="quyuxiaoshou"/>
	<item t="渠道专员" id="9584" c="销售,渠道专员" p="qudaozhuanyuan"/>
	<item t="客户经理" id="9593" c="销售,客户经理/主管" p="kehujingli"/>
	<item t="销售经理" id="9666" c="销售,销售经理/主管" p="xiaoshoujingli"/>
	<item t="医药代表" id="10724" c="销售,医药代表" p="yiyaodaibiao"/>
	<item t="汽车销售" id="23114" c="销售,汽车销售" p="qichexiaoshou"/>
	<item t="医疗器械销售" id="23118" c="销售,医疗器械销售" p="yiliaoqixiexiaoshou"/>
	<item t="网络销售" id="23120" c="销售,网络销售" p="wangluozongjian"/>
	<item t="销售总监" id="23128" c="销售,销售总监" p="xiaoshouzongjian"/>
	<item t="渠道经理" id="24411" c="销售,渠道经理/总监" p="qudaojingli"/>
	<item t="大客户经理" id="24414" c="销售,大客户经理" p="dakehujingli"/>
	<item t="团购业务员" id="24415" c="销售,团购业务员/经理" p="tuangouyewuyuan"/>
	<item t="会籍顾问" id="28711" c="销售,会籍顾问" p="huijiguwen"/>
	<item t="销售培训师" id="59985" c="销售,销售培训师/讲师" p="xiaoshoupeixunshi"/>
	<item t="销售数据分析" id="59984" c="销售,销售数据分析" p="xiaoshoushujufenxi"/>
	<item t="客服" id="9672" c="客服,客服专员/助理" p="kefu"/>
	<item t="客服经理" id="9671" c="客服,客服经理/主管" p="kefujingli"/>
	<item t="客服总监" id="9668" c="客服,客服总监" p="kefuzongjian"/>
	<item t="售后服务" id="9680" c="客服,售前/售后服务" p="shouhoufuwu"/>
	<item t="电话客服" id="9676" c="客服,电话客服" p="dianhuakefu"/>
	<item t="客户关系管理" id="9675" c="客服,客户关系管理" p="kehuguanxiguanli"/>
	<item t="网络客服" id="59989" c="客服,网络/在线客服" p="wangluokefu"/>
	<item t="投诉专员" id="67688" c="客服,投诉专员" p="tousuzhuanyuan"/>
	<item t="VIP专员" id="67689" c="客服,VIP专员" p="VIPzhuanyuan"/>
	<item t="品牌专员" id="9872" c="市场/媒介/公关,品牌专员/经理" p="pinpaizhuanyuan"/>
	<item t="市场专员" id="10366" c="市场/媒介/公关,市场专员/助理" p="shichangzhuanyuan"/>
	<item t="市场拓展" id="10367" c="市场/媒介/公关,市场拓展" p="shichangtuozhan"/>
	<item t="市场调研" id="10368" c="市场/媒介/公关,市场调研" p="shichangdiaoyan"/>
	<item t="市场策划" id="10369" c="市场/媒介/公关,市场策划" p="shichangcehua"/>
	<item t="媒介专员" id="12144" c="市场/媒介/公关,媒介专员/助理" p="meijiezhuanyuan"/>
	<item t="会务会展专员" id="12146" c="市场/媒介/公关,会务会展专员/经理" p="huiwuhuizhanzhuanyuan"/>
	<item t="市场经理" id="23140" c="市场/媒介/公关,市场经理/总监" p="shichangjingli"/>
	<item t="媒介经理" id="24428" c="市场/媒介/公关,媒介经理/主管" p="meijiejingli"/>
	<item t="公关专员" id="24430" c="市场/媒介/公关,公关专员/助理" p="gongguanzhuanyuan"/>
	<item t="公关经理" id="24432" c="市场/媒介/公关,公关经理/主管" p="gongguanjingli"/>
	<item t="企划经理" id="24434" c="市场/媒介/公关,企划经理/主管" p="qihuajingli"/>
	<item t="市场营销" id="59994" c="市场/媒介/公关,市场营销" p="shichangyingxiao"/>
	<item t="政府事务管理" id="59996" c="市场/媒介/公关,政府事务管理" p="zhengfshiwuguanli"/>
	<item t="人事经理" id="10386" c="人事/行政/后勤,人事经理/主管" p="renshijingli"/>
	<item t="人事专员" id="10387" c="人事/行政/后勤,人事专员/助理" p="renshizhuanyuan"/>
	<item t="薪酬绩效专员" id="10389" c="人事/行政/后勤,薪酬/绩效/员工关系" p="xinchoujixiaozhuanyuan"/>
	<item t="前台" id="10390" c="人事/行政/后勤,前台/总机/接待" p="qiantai"/>
	<item t="后勤" id="10392" c="人事/行政/后勤,后勤" p="houqin"/>
	<item t="文员" id="12152" c="人事/行政/后勤,文员" p="wenyuan"/>
	<item t="经理助理" id="12153" c="人事/行政/后勤,经理助理/秘书" p="jinglizhuli"/>
	<item t="猎头顾问" id="23144" c="人事/行政/后勤,猎头顾问" p="lietouguwen"/>
	<item t="文秘" id="23167" c="人事/行政/后勤,行政专员/助理" p="wenmi"/>
	<item t="行政专员" id="23167" c="人事/行政/后勤,行政专员/助理" p="xingzhengzhuanyuan"/>
	<item t="行政经理" id="23171" c="人事/行政/后勤,行政经理/主管" p="xingzhengjingli"/>
	<item t="人事总监" id="24417" c="人事/行政/后勤,人事总监" p="renshizongjian"/>
	<item t="行政总监" id="24419" c="人事/行政/后勤,行政总监" p="xingzhengzongjian"/>
	<item t="培训专员" id="24421" c="人事/行政/后勤,培训专员/助理" p="peixunzhuanyuan"/>
	<item t="培训经理" id="24423" c="人事/行政/后勤,培训经理/主管" p="peixunjingli"/>
	<item t="招聘专员" id="24425" c="人事/行政/后勤,招聘专员/助理" p="zhaopinzhuanyuan"/>
	<item t="招聘经理" id="24427" c="人事/行政/后勤,招聘经理/主管" p="zhaopinjingli"/>
	<item t="调酒师" id="9655" c="娱乐/休闲,调酒师" p="tiaojiushi"/>
	<item t="酒吧服务员" id="9660" c="娱乐/休闲,酒吧服务员" p="jiubafuwuyuan"/>
	<item t="影视后期制作" id="10768" c="娱乐/休闲,影视/后期制作" p="yingshihouqizhizuo"/>
	<item t="主持人" id="10773" c="娱乐/休闲,主持人" p="zhuchiren"/>
	<item t="摄影师" id="10774" c="娱乐/休闲,摄影师/摄像师" p="sheyingshi"/>
	<item t="音效师" id="10775" c="娱乐/休闲,音效师" p="yinxiaoshi"/>
	<item t="礼仪" id="12266" c="娱乐/休闲,礼仪/迎宾" p="liyi"/>
	<item t="配音员" id="24528" c="娱乐/休闲,配音员" p="peiyinyuan"/>
	<item t="放映员" id="24530" c="娱乐/休闲,放映员" p="fangyingyuan"/>
	<item t="灯光师" id="28731" c="娱乐/休闲,灯光师" p="dengguangshi"/>
	<item t="娱乐厅服务员" id="28870" c="娱乐/休闲,娱乐厅服务员" p="yuletingfuwuyuan"/>
	<item t="财务总监" id="10395" c="财务/审计,财务总监" p="caiwuzongjian"/>
	<item t="财务" id="10397" c="财务/审计,财务/会计助理" p="caiwu"/>
	<item t="会计" id="10398" c="财务/审计,会计/会计师" p="kuaiji"/>
	<item t="财务分析员" id="10399" c="财务/审计,财务分析员" p="caiwufenxiyuan"/>
	<item t="审计专员" id="10401" c="财务/审计,审计专员/助理" p="shenjizhuanyuan"/>
	<item t="出纳" id="10404" c="财务/审计,出纳" p="chuna"/>
	<item t="税务专员" id="23175" c="财务/审计,税务专员/助理" p="shuiwuzhuanyuan"/>
	<item t="统计员" id="23180" c="财务/审计,统计员" p="tongjiyuan"/>
	<item t="财务经理" id="24455" c="财务/审计,财务经理/主管" p="caiwujingli"/>
	<item t="审计经理" id="24460" c="财务/审计,审计经理/主管" p="shenjijingli"/>
	<item t="税务经理" id="24470" c="财务/审计,税务经理/主管" p="shuiwujingli"/>
	<item t="成本管理员" id="38681" c="财务/审计,成本管理员" p="chengbenguanliyuan"/>
	<item t="财务顾问" id="60341" c="财务/审计,财务顾问" p="caiwuguwen"/>
	<item t="资产管理" id="60206" c="财务/审计,资产/资金管理" p="zichanguanli"/>
	<item t="网店店长" id="38659" c="淘宝职位,网店店长" p="wangdiandianzhang"/>
	<item t="淘宝客服" id="38660" c="淘宝职位,淘宝客服" p="taobaokefu"/>
	<item t="淘宝美工" id="38661" c="淘宝职位,淘宝美工" p="taobaomeigong"/>
	<item t="店铺文案编辑" id="38662" c="淘宝职位,店铺文案编辑" p="dianpuwenanbianji"/>
	<item t="网店运营" id="38663" c="淘宝职位,网店运营" p="wangdianyunying"/>
	<item t="活动策划" id="38664" c="淘宝职位,活动策划" p="huodongcehua"/>
	<item t="健身教练" id="12282" c="运动健身,健身教练" p="jianshenjiaolian"/>
	<item t="瑜伽教练" id="12283" c="运动健身,瑜伽教练" p="yujiajiaolian"/>
	<item t="舞蹈老师" id="38734" c="运动健身,舞蹈老师" p="wudaolaoshi"/>
	<item t="游泳教练" id="38735" c="运动健身,游泳教练" p="youyongjiaolian"/>
	<item t="台球教练" id="38736" c="运动健身,台球教练" p="taiqiujiaolian"/>
	<item t="高尔夫球助理" id="38737" c="运动健身,高尔夫球助理" p="gaoerfuqiuzhuli"/>
	<item t="物流专员" id="10434" c="物流/仓储,物流专员/助理" p="wuliuzhuanyuan"/>
	<item t="物流经理" id="10433" c="物流/仓储,物流经理/主管" p="wuliujingli"/>
	<item t="物流总监" id="24534" c="物流/仓储,物流总监" p="wuliuzongjian"/>
	<item t="调度员" id="22434" c="物流/仓储,调度员" p="diaoduyuan"/>
	<item t="快递员" id="10443" c="物流/仓储,快递员" p="kuaidiyuan"/>
	<item t="仓库管理员" id="10437" c="物流/仓储,仓库管理员" p="cangkuguanliyuan"/>
	<item t="仓库经理" id="24536" c="物流/仓储,仓库经理/主管" p="cangkujingli"/>
	<item t="搬运工" id="9758" c="物流/仓储,装卸/搬运工" p="banyungong"/>
	<item t="供应链管理" id="23152" c="物流/仓储,供应链管理" p="gongyinglianguanli"/>
	<item t="单证员" id="23154" c="物流/仓储,单证员" p="danzhengyuan"/>
	<item t="国际货运操作" id="28850" c="物流/仓储,国际货运" p="guojihuoyuncaozuo"/>
	<item t="分拣员" id="60215" c="物流/仓储,分拣员" p="fenjianyuan"/>
	<item t="物料管理员" id="67690" c="物流/仓储,物料管理" p="wuliaoguanliyuan"/>
	<item t="货运代理" id="67691" c="物流/仓储,货运代理" p="huoyundaili"/>
	<item t="集装箱业务员" id="67692" c="物流/仓储,集装箱业务" p="jizhuangxiangyewuyuan"/>
	<item t="报关报检员" id="67693" c="物流/仓储,海关事务管理" p="baoguanbaojianyuan"/>
	<item t="保险经纪人" id="12190" c="保险,保险经纪人" p="baoxianjingjiren"/>
	<item t="保险精算师" id="12187" c="保险,保险精算师" p="baoxianjingsuanshi"/>
	<item t="保险客户经理" id="12188" c="保险,保险客户经理" p="baoxiankehujingli"/>
	<item t="保险项目经理" id="23158" c="保险,保险项目经理" p="baoxianxiangmujingli"/>
	<item t="保险顾问" id="23160" c="保险,保险顾问" p="baoxianguwen"/>
	<item t="车险专员" id="23162" c="保险,车险专员" p="chexianzhuanyuan"/>
	<item t="保险内勤" id="23164" c="保险,保险内勤" p="baoxianneiqin"/>
	<item t="保险客服" id="23166" c="保险,保险客服" p="baoxiankefu"/>
	<item t="保险培训师" id="23170" c="保险,保险培训师" p="baoxianpeixunshi"/>
	<item t="储备经理人" id="23174" c="保险,储备经理人" p="chubeijingliren"/>
	<item t="保险核保理赔" id="60344" c="保险,保险核保/理赔" p="baoxianhebaolipei"/>
	<item t="续期管理员" id="67718" c="保险,续期管理" p="xuqiguanliyuan"/>
	<item t="保险产品开发" id="67719" c="保险,保险产品开发" p="baoxianchanpinkaifa"/>
	<item t="保险代理人" id="23178" c="保险,保险其他职位" p="baoxiandailiren"/>
	<item t="按摩师" id="9794" c="保健按摩,按摩师" p="anmoshi"/>
	<item t="足疗师" id="12281" c="保健按摩,足疗师" p="zuliaoshi"/>
	<item t="针灸推拿师" id="38732" c="保健按摩,针灸推拿" p="zhenjiutuinashi"/>
	<item t="搓澡工" id="38733" c="保健按摩,搓澡工" p="cuozaogong"/>
	<item t="商务司机" id="9475" c="司机/交通服务,商务司机" p="shangwusiji"/>
	<item t="出租车司机" id="9476" c="司机/交通服务,出租车司机" p="chuzuchesiji"/>
	<item t="班车司机" id="9477" c="司机/交通服务,班车司机" p="banchesiji"/>
	<item t="货运司机" id="9495" c="司机/交通服务,货运司机" p="huoyunsiji"/>
	<item t="特种车司机" id="9531" c="司机/交通服务,特种车司机" p="tezhongchesiji"/>
	<item t="客运司机" id="9541" c="司机/交通服务,客运司机" p="keyunsiji"/>
	<item t="驾校教练" id="9558" c="司机/交通服务,驾校教练/陪练" p="jiaxiaojiaolian"/>
	<item t="代驾司机" id="61181" c="司机/交通服务,代驾司机" p="daijiasiji"/>
	<item t="列车驾驶员" id="67361" c="司机/交通服务,列车驾驶/操作" p="liechejiashiyuan"/>
	<item t="船舶驾驶员" id="67362" c="司机/交通服务,船舶驾驶/操作" p="chuanbojiashiyuan"/>
	<item t="飞机驾驶员" id="67363" c="司机/交通服务,飞机驾驶/操作" p="feijijiashiyuan"/>
	<item t="乘务员" id="67364" c="司机/交通服务,公交/地铁乘务" p="chengwuyuan"/>
	<item t="列车乘务员" id="67365" c="司机/交通服务,列车乘务" p="liechechengwuyuan"/>
	<item t="船舶乘务员" id="67366" c="司机/交通服务,船舶乘务" p="chuanbochengwuyuan"/>
	<item t="船员" id="67367" c="司机/交通服务,船员/水手" p="chuanyuan"/>
	<item t="航空乘务员" id="67368" c="司机/交通服务,航空乘务" p="hangkongchengwuyuan"/>
	<item t="地勤人员" id="67369" c="司机/交通服务,地勤人员" p="diqinrenyuan"/>
	<item t="木工" id="9704" c="普工/技工,木工" p="mugong"/>
	<item t="油漆工" id="9706" c="普工/技工,油漆工" p="youqigong"/>
	<item t="普工" id="9753" c="普工/技工,普工" p="pugong"/>
	<item t="电工" id="9761" c="普工/技工,电工" p="diangong"/>
	<item t="钳工" id="9763" c="普工/技工,钳工" p="qiangong"/>
	<item t="焊工" id="9764" c="普工/技工,切割/焊工" p="hangong"/>
	<item t="钣金工" id="9765" c="普工/技工,钣金工" p="banjingong"/>
	<item t="车工" id="9767" c="普工/技工,车工/铣工" p="chegong"/>
	<item t="缝纫工" id="9768" c="普工/技工,缝纫工" p="fengrengong"/>
	<item t="锅炉工" id="9769" c="普工/技工,锅炉工" p="guolugong"/>
	<item t="制冷水暖工" id="9772" c="普工/技工,制冷/水暖工" p="zhilengshuinuangong"/>
	<item t="综合维修工" id="12221" c="普工/技工,综合维修工" p="zongheweixiugong"/>
	<item t="铲车叉车工" id="23142" c="普工/技工,铲车/叉车工" p="chanchechachegong"/>
	<item t="模具工" id="23146" c="普工/技工,铸造/注塑/模具工" p="mujugong"/>
	<item t="手机维修" id="28723" c="普工/技工,手机维修" p="shoujiweixiu"/>
	<item t="电梯工" id="28856" c="普工/技工,电梯工" p="diantigong"/>
	<item t="操作工" id="10649" c="普工/技工,操作工" p="caozuogong"/>
	<item t="包装工" id="24516" c="普工/技工,包装工" p="baozhuanggong"/>
	<item t="水泥工" id="38699" c="普工/技工,水泥工" p="shuinigong"/>
	<item t="钢筋工" id="38700" c="普工/技工,钢筋工" p="gangjingong"/>
	<item t="管道工" id="38701" c="普工/技工,管道工" p="guandaogong"/>
	<item t="瓦工" id="38702" c="普工/技工,瓦工" p="wagong"/>
	<item t="组装工" id="38703" c="普工/技工,组装工" p="zuzhuanggong"/>
	<item t="样衣工" id="38704" c="普工/技工,样衣工" p="yangyigong"/>
	<item t="染工" id="38705" c="普工/技工,染工" p="rangong"/>
	<item t="纺织工" id="38706" c="普工/技工,纺织工" p="fangzhigong"/>
	<item t="印花工" id="38707" c="普工/技工,印花工" p="yinhuagong"/>
	<item t="压熨工" id="38708" c="普工/技工,压熨工" p="yayungong"/>
	<item t="磨工" id="61107" c="普工/技工,磨工/冲压工" p="mogong"/>
	<item t="学徒工" id="67723" c="普工/技工,学徒工" p="xuetugong"/>
	<item t="外贸经理" id="10524" c="贸易/采购,外贸经理/主管" p="waimaojingli"/>
	<item t="外贸专员" id="10525" c="贸易/采购,外贸专员/助理" p="waimaozhuanyuan"/>
	<item t="报关员" id="10527" c="贸易/采购,报关员" p="baoguanyuan"/>
	<item t="商务专员" id="10530" c="贸易/采购,商务专员/经理" p="shangwuzhuanyuan"/>
	<item t="采购经理" id="12192" c="贸易/采购,采购经理/总监" p="caigoujingli"/>
	<item t="采购员" id="12193" c="贸易/采购,采购员" p="caigouyuan"/>
	<item t="买手" id="12194" c="贸易/采购,买手" p="maishou"/>
	<item t="采购助理" id="24538" c="贸易/采购,采购助理" p="caigouzhuli"/>
	<item t="供应商开发工程师" id="60325" c="贸易/采购,供应商开发" p="gongyingshangkaifagongchengshi"/>
	<item t="教师" id="10808" c="教育培训,教师/助教" p="jiaoshi"/>
	<item t="教务管理" id="10810" c="教育培训,教学/教务管理" p="jiaowuguanli"/>
	<item t="幼教" id="10811" c="教育培训,幼教" p="youjiao"/>
	<item t="培训师" id="10814" c="教育培训,培训师/讲师" p="peixunshi"/>
	<item t="学术研究员" id="10816" c="教育培训,学术研究/科研" p="xueshuyanjiuyuan"/>
	<item t="家教" id="23110" c="教育培训,家教" p="jiajiao"/>
	<item t="教育产品开发员" id="23111" c="教育培训,教育产品开发" p="jiaoyuchanpinkaifayuan"/>
	<item t="培训策划" id="24490" c="教育培训,培训策划" p="peixuncehua"/>
	<item t="培训助理" id="24494" c="教育培训,培训助理" p="peixunzhuli"/>
	<item t="招生老师" id="24496" c="教育培训,招生/课程顾问" p="zhaoshenglaoshi"/>
	<item t="校长" id="24500" c="教育培训,校长" p="xiaozhang"/>
	<item t="野外拓展训练师" id="28878" c="教育培训,野外拓展训练师" p="yewaituozhanxunlianshi"/>
	<item t="音乐教师" id="61170" c="教育培训,音乐/美术教师" p="yinyuejiaoshi"/>
	<item t="考研/公务员培训讲师" id="61174" c="教育培训,考研/公务员培训讲师" p="kaoyangongwuyuanpeixunjiangshi"/>
	<item t="律师" id="12157" c="法律,律师/法律顾问" p="lvshi"/>
	<item t="法务专员" id="12158" c="法律,法务专员/主管" p="fawuzhuanyuan"/>
	<item t="产权顾问" id="23182" c="法律,产权/专利顾问" p="chanquanguwen"/>
	<item t="合规管理" id="23184" c="法律,合规管理" p="heguiguanli"/>
	<item t="律师助理" id="24473" c="法律,律师助理" p="lvshizhuli"/>
	<item t="法务经理" id="24475" c="法律,法务经理/主管" p="fawujingli"/>
	<item t="技术总监" id="12160" c="计算机/互联网/通信,技术总监/经理" p="jishuzongjian"/>
	<item t="技术支持" id="12165" c="网络/通信,技术支持/维护" p="jishuzhichi"/>
	<item t="技术专员" id="12169" c="网络/通信,技术专员/助理" p="jishuzhuanyuan"/>
	<item t="软件工程师" id="12162" c="网络/通信,软件工程师" p="ruanjiangongchengshi"/>
	<item t="仿真应用工程师" id="67695" c="网络/通信,仿真应用工程师" p="fangzhenyingyonggongchengshi"/>
	<item t="程序员" id="23542" c="网络/通信,程序员" p="chengxuyuan"/>
	<item t="硬件工程师" id="12161" c="网络/通信,硬件工程师" p="yingjiangongchengshi"/>
	<item t="质量工程师" id="23186" c="网络/通信,质量工程师" p="zhilianggongchengshi"/>
	<item t="测试员" id="12170" c="网络/通信,测试员" p="ceshiyuan"/>
	<item t="网站架构设计师" id="67699" c="网络/通信,网站架构设计师" p="wangzhanjiagoushejishi"/>
	<item t="系统架构师" id="12166" c="网络/通信,系统架构师" p="xitongjiagoushi"/>
	<item t="系统集成工程师" id="67700" c="网络/通信,系统集成工程师" p="xitongjichenggongchengshi"/>
	<item t="数据库管理" id="12163" c="网络/通信,数据库管理/DBA" p="shujukuguanli"/>
	<item t="游戏设计" id="23188" c="网络/通信,游戏设计/开发" p="youxisheji"/>
	<item t="网页设计" id="12164" c="网络/通信,网页设计/制作" p="wangyesheji"/>
	<item t="视频后期" id="12167" c="网络/通信,语音/视频/图形" p="shipinhouqi"/>
	<item t="项目经理" id="12139" c="网络/通信,项目经理/主管" p="xiangmujingli"/>
	<item t="产品经理" id="10461" c="网络/通信,产品经理/专员" p="chanpinjingli"/>
	<item t="网站运营" id="23190" c="网络/通信,网站运营" p="wangzhanyunying"/>
	<item t="网站编辑" id="10462" c="网络/通信,网站编辑" p="wangzhanbianji"/>
	<item t="网站策划" id="24565" c="网络/通信,网站策划" p="wangzhancehua"/>
	<item t="网络管理员" id="12168" c="网络/通信,网络管理员" p="wangluoguanliyuan"/>
	<item t="网络与信息安全工程师" id="23192" c="网络/通信,网络与信息安全工程师" p="wangluoyuxinxianquangongchengshi"/>
	<item t="实施工程师" id="28725" c="网络/通信,实施工程师" p="shishigongchengshi"/>
	<item t="通信技术工程师" id="12172" c="网络/通信,通信技术工程师" p="tongxinjishugongchengshi"/>
	<item t="有线传输工程师" id="67701" c="网络/通信,有线传输工程师" p="youxianchuanshugongchengshi"/>
	<item t="无线通信工程师" id="67702" c="网络/通信,无线通信工程师" p="wuxiantongxingongchengshi"/>
	<item t="电信交换工程师" id="67703" c="网络/通信,电信交换工程师" p="dianxinjiaohuangongchengshi"/>
	<item t="数据通信工程师" id="67704" c="网络/通信,数据通信工程师" p="shujutongxingongchengshi"/>
	<item t="移动通信工程师" id="67705" c="网络/通信,移动通信工程师" p="yidongtongxingongchengshi"/>
	<item t="电信网络工程师" id="67706" c="网络/通信,电信网络工程师" p="dianxinwangluogongchengshi"/>
	<item t="通信电源工程师" id="67707" c="网络/通信,通信电源工程师" p="tongxindianyuangongchengshi"/>
	<item t="算法工程师" id="60219" c="网络/通信,算法工程师" p="suanfagongchengshi"/>
	<item t="手机软件开发工程师" id="60221" c="网络/通信,手机软件开发工程师" p="shoujiruanjiankaifagongchengshi"/>
	<item t="UI设计师" id="60222" c="网络/通信,UI/UE设计" p="UIshejishi"/>
	<item t="WEB前端开发工程师" id="60223" c="网络/通信,WEB前端开发" p="WEBqianduankaifagongchengshi"/>
	<item t="需求分析师" id="60226" c="网络/通信,需求分析师" p="xuqiufenxishi"/>
	<item t="脚本开发工程师" id="60230" c="网络/通信,脚本开发工程师" p="jiaobenkaifagongchengshi"/>
	<item t="游戏策划" id="60232" c="网络/通信,游戏策划" p="youxicehua"/>
	<item t="游戏原画设计师" id="60234" c="网络/通信,游戏原画" p="youxiyuanhuashejishi"/>
	<item t="游戏界面设计师" id="67710" c="网络/通信,游戏界面设计师" p="youxijiemianshejishi"/>
	<item t="Flash设计师" id="67711" c="网络/通信,Flash设计/开发" p="Flashshejishi"/>
	<item t="特效设计师" id="67712" c="网络/通信,特效设计师" p="texiaoshejishi"/>
	<item t="SEO优化师" id="67715" c="网络/通信,SEO优化" p="SEOyouhuashi"/>
	<item t="电子商务专员" id="67716" c="网络/通信,电子商务" p="dianzishangwuzhuanyuan"/>
	<item t="网络推广专员" id="67717" c="网络/通信,网络推广" p="wangluotuiguangzhuanyuan"/>
	<item t="新媒体运营" id="60342" c="网络/通信,新媒体运营" p="xinmeitiyunying"/>
	<item t="医疗管理" id="10685" c="医院/医疗/护理,医疗管理" p="yiliaoguanli"/>
	<item t="医生" id="10687" c="医疗/护理,医生" p="yisheng"/>
	<item t="美容整形师" id="10688" c="医疗/护理,美容整形师" p="meirongzhengxingshi"/>
	<item t="理疗师" id="10689" c="医疗/护理,理疗师" p="liliaoshi"/>
	<item t="心理医生" id="10691" c="医疗/护理,心理医生" p="xinliyisheng"/>
	<item t="营养师" id="10692" c="医疗/护理,营养师" p="yingyangshi"/>
	<item t="药剂师" id="10693" c="医疗/护理,药剂师" p="yaojishi"/>
	<item t="医药质检" id="10694" c="医疗/护理,医药质检" p="yiyaozhijian"/>
	<item t="护士" id="10697" c="医疗/护理,护士/护理" p="hushi"/>
	<item t="护士长" id="24609" c="医疗/护理,护理主任/护士长" p="hushizhang"/>
	<item t="宠物护理" id="10698" c="医疗/护理,宠物护理/兽医" p="chongwuhuli"/>
	<item t="验光师" id="23126" c="医疗/护理,验光师" p="yanguangshi"/>
	<item t="保健医生" id="28727" c="医疗/护理,保健医生" p="baojianyisheng"/>
	<item t="导医" id="28729" c="医疗/护理,导医" p="daoyi"/>
	<item t="妇产科医生" id="61122" c="医疗/护理,产科医生" p="fuchankeyishseng"/>
	<item t="麻醉师" id="61123" c="医疗/护理,麻醉师" p="mazuishi"/>
	<item t="医学检验员" id="61124" c="医疗/护理,医学化验/检验" p="yixuejianyanyuan"/>
	<item t="公共卫生科员" id="67724" c="医疗/护理,公共卫生/疾病控制" p="gonggongweishengkeyuan"/>
	<item t="质量管理工程师" id="10354" c="生产管理/研发,质量管理" p="zhiliangguanligongchengshi"/>
	<item t="总工程师" id="10632" c="生产管理/研发,总工程师/副总工程师" p="zonggongchengshi"/>
	<item t="设备管理维护" id="10636" c="生产管理/研发,设备管理维护" p="shebeiguanliweihu"/>
	<item t="工艺设计工程师" id="10639" c="生产管理/研发,工艺设计" p="gongyishejigongchengshi"/>
	<item t="生产主管" id="9756" c="生产管理/研发,生产主管/组长" p="shengchanzhuguan"/>
	<item t="车间主任" id="10643" c="生产管理/研发,车间主任" p="chejianzhuren"/>
	<item t="生产计划员" id="10646" c="生产管理/研发,生产计划" p="shengchanjihuayuan"/>
	<item t="化验员" id="23148" c="生产管理/研发,化验/检验" p="huayanyuan"/>
	<item t="厂长" id="23150" c="生产管理/研发,厂长/副厂长" p="changzhang"/>
	<item t="生产总监" id="24507" c="生产管理/研发,生产总监" p="shengchanzongjian"/>
	<item t="维修工程师" id="24510" c="生产管理/研发,维修工程师" p="weixiugongchengshi"/>
	<item t="工业工程师" id="24512" c="生产管理/研发,工业工程师" p="gongyegongchengshi"/>
	<item t="材料工程师" id="24518" c="生产管理/研发,材料工程师" p="cailiaogongchengshi"/>
	<item t="技术工程师" id="10633" c="生产管理/研发,技术工程师" p="jishugongchengshi"/>
	<item t="结构工程师" id="67738" c="生产管理/研发,结构工程师" p="jiegougongchengshi"/>
	<item t="广告设计" id="10667" c="广告/会展/咨询,广告设计" p="guanggaosheji"/>
	<item t="广告文案" id="10681" c="广告/会展/咨询,广告文案" p="guanggaowenan"/>
	<item t="广告创意" id="12225" c="广告/会展/咨询,广告创意" p="guanggaochuangyi"/>
	<item t="创意指导" id="24436" c="广告/会展/咨询,创意指导/总监" p="chuangyizhidao"/>
	<item t="会展策划" id="24440" c="广告/会展/咨询,会展策划/设计" p="huizhancehua"/>
	<item t="客户主管" id="38709" c="广告/会展/咨询,客户主管/专员" p="kehuzhuguan"/>
	<item t="企业策划" id="38710" c="广告/会展/咨询,企业策划" p="qiyecehua"/>
	<item t="媒介策划" id="38711" c="广告/会展/咨询,媒介策划/管理" p="meijiecehua"/>
	<item t="婚礼策划" id="38712" c="广告/会展/咨询,婚礼策划" p="hunlicehua"/>
	<item t="咨询顾问" id="10413" c="广告/会展/咨询,咨询顾问" p="zixunguwen"/>
	<item t="咨询经理" id="24446" c="广告/会展/咨询,咨询经理/主管" p="zixunjingli"/>
	<item t="制作执行" id="61108" c="广告/会展/咨询,制作执行" p="zhizuozhixing"/>
	<item t="留学咨询" id="61109" c="广告/会展/咨询,移民/留学咨询" p="liuxuezixun"/>
	<item t="美术设计师" id="24438" c="美术/设计/创意,美编/美术设计" p="meishushejishi"/>
	<item t="服装设计师" id="10662" c="美术/设计/创意,服装设计" p="fuzhuangshejishi"/>
	<item t="家具家居用品设计师" id="10665" c="美术/设计/创意,家具/家居用品设计" p="jiajujiajuyongpinshejishi"/>
	<item t="平面设计师" id="10666" c="美术/设计/创意,平面设计" p="pingmianshejishi"/>
	<item t="美术指导" id="10680" c="美术/设计/创意,美术指导" p="meishuzhidao"/>
	<item t="陈列" id="12223" c="美术/设计/创意,店面/陈列/展览设计" p="chenlie"/>
	<item t="珠宝设计师" id="23134" c="美术/设计/创意,工艺/珠宝设计" p="zhubaoshejishi"/>
	<item t="多媒体/动画设计" id="23138" c="美术/设计/创意,多媒体/动画设计" p="duomeitidonghuasheji"/>
	<item t="产品/包装设计" id="24442" c="美术/设计/创意,产品/包装设计" p="chanpinbaozhuangsheji"/>
	<item t="装修装潢设计" id="12214" c="美术/设计/创意,装修装潢设计" p="zhuangxiuzhuanghuangsheji"/>
	<item t="CAD设计/制图" id="24444" c="美术/设计/创意,CAD设计/制图" p="CADshejizhitu"/>
	<item t="舞台美术设计" id="61121" c="美术/设计/创意,舞台美术设计" p="wutaimeishusheji"/>
	<item t="3D建模设计师" id="61111" c="美术/设计/创意,三维/3D设计/制作" p="3Djianmoshejishi"/>
	<item t="医药研发" id="23132" c="制药/生物工程,医药研发/生产/注册" p="yiyaoyanfa"/>
	<item t="临床研究协调员" id="24611" c="制药/生物工程,临床研究/协调" p="linchuangyanjiuyanfaweixiu"/>
	<item t="生物制药" id="24613" c="制药/生物工程,生物工程/生物制药" p="shengwuzhiyao"/>
	<item t="医疗器械研发/维修" id="23129" c="制药/生物工程,医疗器械研发/维修" p="yiliaoqixieyanfaweixiu"/>
	<item t="医疗器械注册" id="67756" c="制药/生物工程,医疗器械注册" p="yiliaoqixiezhuce"/>
	<item t="化学分析测试员" id="67757" c="制药/生物工程,化学分析测试员" p="huaxuefenxiceshiyuan"/>
	<item t="临床数据分析员" id="67758" c="制药/生物工程,临床数据分析员" p="linchuangshujufenxiyuan"/>
	<item t="医药招商" id="67759" c="制药/生物工程,医药招商" p="yiyaozhaoshang"/>
	<item t="电路工程师" id="10554" c="电子/电气,电路工程师/技术员" p="dianlugongchengshi"/>
	<item t="电子/电气工程师" id="12173" c="电子/电气,电子/电气工程师" p="dianzidianqigongchengshi"/>
	<item t="自动化工程师" id="23124" c="电子/电气,自动化工程师" p="zidonghuagongchengshi"/>
	<item t="无线电工程师" id="24619" c="电子/电气,无线电工程师" p="wuxiandiangongchengshi"/>
	<item t="测试/可靠性工程师" id="24621" c="电子/电气,测试/可靠性工程师" p="ceshikekaoxinggongchengshi"/>
	<item t="产品工艺工程师" id="24623" c="电子/电气,产品工艺/规划工程师" p="chanpingongyigongchengshi"/>
	<item t="音频/视频工程师" id="24627" c="电子/电气,音频/视频工程师" p="yinpinshipingongchengshi"/>
	<item t="照明设计工程师" id="24629" c="电子/电气,灯光/照明设计工程师" p="zhaomingshejigongchengshi"/>
	<item t="研发工程师" id="24631" c="电子/电气,研发工程师" p="yanfagongchengshi"/>
	<item t="电子/电器维修" id="24633" c="电子/电气,电子/电器维修" p="dianzidianqiweixiu"/>
	<item t="变压器与磁电工程师" id="61125" c="电子/电气,变压器与磁电工程师" p="bianyaqihecidiangongchengshi"/>
	<item t="IC验证工程师" id="61126" c="电子/电气,IC验证工程师" p="Icyanzhenggongchengshi"/>
	<item t="集成电路设计工程师" id="61127" c="电子/电气,集成电路/应用工程" p="jichengdianlushejigongchengshi"/>
	<item t="半导体技术工程师" id="67725" c="电子/电气,半导体技术" p="bandaotijishugongchengshi"/>
	<item t="电子软件开发" id="67726" c="电子/电气,电子软件开发" p="dianziruanjiankaifa"/>
	<item t="嵌入式软件工程师" id="67727" c="电子/电气,嵌入式软件开发" p="qianrushiruanjiangongchengshi"/>
	<item t="嵌入式硬件工程师" id="67728" c="电子/电气,嵌入式硬件开发" p="qianrushiyingjiangongchengshi"/>
	<item t="FAE现场应用工程师" id="67729" c="电子/电气,FAE现场应用工程师" p="FAExianchangyingyonggongchengshi"/>
	<item t="激光应用工程师" id="67730" c="电子/电气,激光/光电子技术" p="jiguangyingyonggongchengshi"/>
	<item t="光伏系统工程师" id="67731" c="电子/电气,光伏系统工程师" p="guangfuxitonggongchengshi"/>
	<item t="机电工程师" id="10736" c="机械/仪器仪表,机电工程师" p="jidiangongchengshi"/>
	<item t="机械工程师" id="38713" c="机械/仪器仪表,机械工程师" p="jixiegongchengshi"/>
	<item t="仪器仪表组装" id="10741" c="机械/仪器仪表,仪器/仪表/计量" p="yiqiyibiaozuzhuang"/>
	<item t="版图设计工程师" id="24625" c="机械/仪器仪表,版图设计工程师" p="bantushejigongchengshi"/>
	<item t="机械研发工程师" id="38714" c="机械/仪器仪表,研发工程师" p="jixieyanfagongchengshi"/>
	<item t="可靠性测试工程师" id="38715" c="机械/仪器仪表,测试/可靠性工程师" p="kekaoxingceshigongchengshi"/>
	<item t="气动工程师" id="67352" c="机械/仪器仪表,气动工程师" p="qidonggongchengshi"/>
	<item t="CNC数控工程师" id="67353" c="机械/仪器仪表,CNC/数控工程师" p="CNCshukonggongchengshi"/>
	<item t="机械维修保养" id="67354" c="机械/仪器仪表,机械维修/保养" p="jixieweixiubaoyang"/>
	<item t="飞机结构设计工程师" id="67355" c="机械/仪器仪表,飞机设计与制造" p="feijijiegoushejigongchengshi"/>
	<item t="飞机维修保养" id="67356" c="机械/仪器仪表,飞机维修/保养" p="feijiweixiubaoyang"/>
	<item t="列车设计与制造" id="67357" c="机械/仪器仪表,列车设计与制造" p="liecheshejiyuzhizao"/>
	<item t="列车维修/保养" id="67358" c="机械/仪器仪表,列车维修/保养" p="liecheweixiubaoyang"/>
	<item t="船舶设计与制造" id="67359" c="机械/仪器仪表,船舶设计与制造" p="chuanboshejiyuzhizao"/>
	<item t="船舶维修/保养" id="67360" c="机械/仪器仪表,船舶维修/保养" p="chuanboweixiubaoyang"/>
	<item t="装配技师" id="67732" c="机械/仪器仪表,装配技师" p="zhuangpeijishi"/>
	<item t="汽车美容" id="9770" c="汽车制造/服务,汽车美容" p="qichemeirong"/>
	<item t="汽车/摩托车修理工" id="9855" c="汽车制造/服务,汽车/摩托车修理" p="qichemotuochexiuligong"/>
	<item t="4S店管理" id="10760" c="汽车制造/服务,4S店管理" p="4sdianguanli"/>
	<item t="二手车评估师" id="10766" c="汽车制造/服务,二手车评估师" p="ershouchepinggushi"/>
	<item t="汽车设计工程师" id="23198" c="汽车制造/服务,汽车设计工程师" p="qicheshejigongchengshi"/>
	<item t="装配工艺工程师" id="23200" c="汽车制造/服务,装配工艺工程师" p="zhuangpeigongyigongchengshi"/>
	<item t="汽车机械工程师" id="23202" c="汽车制造/服务,汽车机械工程师" p="qichejixiegongchengshi"/>
	<item t="汽车电子工程师" id="23204" c="汽车制造/服务,汽车电子工程师" p="qichedianzigongchengshi"/>
	<item t="汽车检验/检测" id="23206" c="汽车制造/服务,汽车检验/检测" p="qichejianyanjiance"/>
	<item t="发动机/总装工程师" id="24541" c="汽车制造/服务,发动机/总装工程师" p="fadongjizongzhuanggongchengshi"/>
	<item t="安全性能工程师" id="24545" c="汽车制造/服务,安全性能工程师" p="anquanxingnenggongchengshi"/>
	<item t="理赔专员/顾问" id="24549" c="汽车制造/服务,理赔专员/顾问" p="lipeizhuanyuanguwen"/>
	<item t="洗车工" id="28715" c="汽车制造/服务,洗车工" p="xichegong"/>
	<item t="停车管理员" id="28717" c="汽车制造/服务,停车管理员" p="tingcheguanliyuan"/>
	<item t="加油站工作员" id="28719" c="汽车制造/服务,加油站工作员" p="jiayouzhangongzuoyuan"/>
	<item t="轮胎工" id="36514" c="汽车制造/服务,轮胎工" p="luntaigong"/>
	<item t="零配件销售" id="61145" c="汽车制造/服务,零配件销售" p="lingpeijianxiaoshou"/>
	<item t="汽车修理工" id="67733" c="汽车制造/服务,汽车修理工" p="qichexiuligong"/>
	<item t="主编" id="10779" c="编辑/出版/印刷,总编/副总编/主编" p="zhubian"/>
	<item t="编辑" id="10781" c="编辑/出版/印刷,编辑/撰稿" p="bianji"/>
	<item t="发行专员" id="10786" c="编辑/出版/印刷,出版/发行" p="faxingzhuanyuan"/>
	<item t="排版设计" id="10788" c="编辑/出版/印刷,排版设计/制作" p="paibansheji"/>
	<item t="装订/烫金工" id="23121" c="编辑/出版/印刷,装订/烫金" p="zhuangdingtangjingong"/>
	<item t="记者/采编" id="24448" c="编辑/出版/印刷,记者/采编" p="jizhecaibian"/>
	<item t="印刷员" id="24450" c="编辑/出版/印刷,印刷操作" p="yinshuayuan"/>
	<item t="录入/校对员" id="61146" c="编辑/出版/印刷,录入/校对" p="lurujiaoduiyuan"/>
	<item t="数码直印/菲林输出" id="61147" c="编辑/出版/印刷,数码直印/菲林输出" p="shumazhiyinfeilinshuchu"/>
	<item t="文编/组稿" id="61148" c="编辑/出版/印刷,文编/组稿" p="wenbianzugao"/>
	<item t="调墨技师" id="67734" c="编辑/出版/印刷,调墨技师" p="tiaomojishi"/>
	<item t="印刷机械机长" id="67735" c="编辑/出版/印刷,印刷机械机长" p="yinshuajixiejizhang"/>
</props>