{
  "code": 580200,
  "data": {
    "list": [
      {
        "header_info": {
          "tribe_enter": [
            {
              "action": "wbmain://jump/core/RN?params=%7B%22bundleid%22%3A166%2C%22params%22%3A%7B%22referrer%22%3A9%2C%22tabName%22%3A%22follow%22%2C%22subTabName%22%3A%22%22%2C%22hideBar%22%3A%221%22%7D%7D&needLogin=false",
              "number": "--",
              "title": "关注"
            },
            {
              "action": "wbmain://jump/core/common?params=%7B%22title%22%3A%22%E6%88%91%E7%9A%84%E7%B2%89%E4%B8%9D%22%2C%22url%22%3A%22https%3A%2F%2Fapp.58.com%2Fapi%2Fcommunity%2Fpersonalpage%2Fsubscribed%2Fentry%3Ftargetuid%3D%26referrer%3D9%22%7D&needLogin=true",
              "number": "--",
              "title": "粉丝"
            },
            {
              "action": "wbmain://jump/core/common?params=%7B%22title%22%3A%22%E6%88%91%E7%9A%84%E4%B8%BB%E9%A1%B5%22%2C%22url%22%3A%22https%3A%2F%2Fapp.58.com%2Fapi%2Fcommunity%2Fpersonalpage%2Fhead%3Ftargetuid%3D%26referrer%3D9%22%7D&needLogin=true",
              "number": "--",
              "title": "动态"
            },
            {
              "action": "wbmain://jump/core/RN?params=%7B%22bundleid%22%3A166%2C%22params%22%3A%7B%22referrer%22%3A9%2C%22tabName%22%3A%22buluo%22%2C%22subTabName%22%3A%22%22%2C%22hideBar%22%3A%221%22%7D%7D&needLogin=false",
              "icon": "asset:///mycenter/icon/header_tribe_icon.png",
              "title": "部落热门"
            }
          ]
        }
      },
      {
        "business_enter": [
          {
            "icon": "asset:///mycenter/icon/icon_publish.png",
            "title": "我的发布",
            "action": "wbmain://jump/core/myPublish?needLogin=true&params=%7B%7D"
          },
          {
            "icon": "asset:///mycenter/icon/icon_collect.png",
            "title": "我的收藏",
            "action": "wbmain://jump/core/RN?isFinish=false&needLogin=true&params=%7B%22bundleid%22%3A%2277%22%2C%22title%22%3A%22%E5%8F%91%E7%8E%B0%22%2C%22isfinish%22%3Atrue%2C%22params%22%3A%7B%22url%22%3A%5B%22https%3A%5C%2F%5C%2Fapp.58.com%5C%2Fapi%5C%2Ffavorite%5C%2Ffavorite%3Fos%3Dandroid%26type%3Drn%22%2C%22https%3A%5C%2F%5C%2Fnews.58.com%5C%2Fview%5C%2Fcollection%5C%2Flist%3Fsize%3D40%22%5D%2C%22title%22%3A%5B%22%E5%B8%96%E5%AD%90%22%2C%22%E5%86%85%E5%AE%B9%22%5D%2C%22hideBar%22%3A1%2C%22action%22%3A%22pagetrans%22%2C%22tradeline%22%3A%22RN%22%2C%22pagetype%22%3A%22RN%22%7D%7D"
          },
          {
            "icon": "asset:///mycenter/icon/icon_history.png",
            "title": "历史记录",
            "action": "wbmain://jump/core/history?isFinish=false&needLogin=false¶ms=%7B%22historyrecordtype%22%3A%22%22%7D&ABMark=ucenter_history"
          },
          {
            "icon": "asset:///mycenter/icon/icon_desire.png",
            "title": "我的许愿",
            "action": "wbmain://jump/core/common?params=%7B%22url%22%3A%22https%3A%2F%2Fapp.58.com%2Fapi%2Fcommunity%2Fhomepage%2Fentry%3Fcbd%3D400000008%26referrer%3D28%22%7D"
          }
        ]
      },
      {
        "tool_service": {
          "title": "工具与服务",
          "list": [
            {
              "title": "城市合伙人",
              "icon": "asset:///mycenter/icon/icon_partner.png",
              "action": "wbmain://jump/core/common?needLogin=true&params=%7B%22url%22%3A%22https%3A%2F%2Ffacai.58.com%2Fcmthunter%2Fapproute%2Fhome%3Ffrom%3Dappgerenfuwu%22%2C%22title%22%3A%22%E4%BB%BB%E5%8A%A1%E5%A4%A7%E5%8E%85%22%2C%22pagetype%22%3A%22common%22%2C%22settings%22%3A%7B%22hide_title_panel%22%3Atrue%2C%22contain_status_bar%22%3Afalse%7D%2C%22webType%22%3A%22wkWebview%22%7D"
            },
            {
              "title": "服务中心",
              "icon": "asset:///mycenter/icon/icon_service.png",
              "action": "wbmain://jump/core/common?params=%7B%20%22url%22%3A%20%22https%3A%2F%2Fhelp.58.com%2Fmhelp%2Fapp%2Findex%22%2C%20%22pagetype%22%3A%20%22common%22%2C%20%22settings%22%3A%20%7B%20%22hide_title_panel%22%3A%20true%2C%20%22contain_status_bar%22%3A%20true%2C%20%22status_bar_mode%22%3A%20%22dark%22%20%7D%20%7D"
            },
            {
              "title": "免流量服务",
              "icon": "asset:///mycenter/icon/icon_freedata.png",
              "action": "wbmain://jump/core/common?params=%7B%22title%22%3A%22%E5%85%8D%E6%B5%81%E9%87%8F%E6%9C%8D%E5%8A%A1%22%2C%22categoryid%22%3A%22%22%2C%22loadingtype%22%3A%220%22%2C%22backprotocal%22%3A%22%22%2C%22url_comment%22%3A%22%E5%85%8D%E6%B5%81%E9%87%8F%E6%9C%8D%E5%8A%A1%22%2C%22backtoroot%22%3A%22false%22%2C%22list_name%22%3A%22%22%2C%22url%22%3A%22https%3A%2F%2Fm.10010.com%2Fscaffold-show%2F58tc%3Fchannel%3D90%26inapp%3Dtrue%22%2C%22domainTips%22%3A%22%22%7D&ABMark=null&needLogin=false"
            },
            {
              "title": "我的认证",
              "icon": "asset:///mycenter/icon/icon_authentification.png",
              "action": "wbmain://jump/core/link?params=%7B%22title%22%3A%22%E6%88%91%E7%9A%84%E8%AE%A4%E8%AF%81%22%2C%22top_right%22%3A%22hide%22%2C%22url%22%3A%22https%3A%2F%2Fauthlist.58.com%2Fauthlist%2Findex%3FpId%3D5%26appId%3DUry7MfpL%22%7D&ABMark=null&needLogin=true"
            },
            {
              "title": "资质查询",
              "icon": "asset:///mycenter/icon/icon_certification.png",
              "action": "wbmain://jump/core/common?params=%7B%22url%22%3A%22https%3A%2F%2Fdown.58.com%2Fhelpcenter%2Fquery_qualification.html%22%2C%22title%22%3A%22%E8%B5%84%E8%B4%A8%E6%9F%A5%E8%AF%A2%22%2C%22list_name%22%3A%22%22%2C%22pagetype%22%3A%22common%22%2C%22categoryid%22%3A%22%22%2C%22loadingtype%22%3A%220%22%2C%22backtoroot%22%3A%22false%22%2C%22domainTips%22%3A%22%22%2C%22backprotocal%22%3A%22%22%2C%22webType%22%3A%22%22%2C%22save_step%22%3Afalse%2C%22pullRefresh%22%3Afalse%2C%22settings%22%3A%7B%22hide_title_panel%22%3Afalse%2C%22contain_status_bar%22%3Atrue%2C%22status_bar_mode%22%3A%22%22%2C%22status_bar_color%22%3A%22%22%7D%7D"
            },
            {
              "title": "我的评价",
              "icon": "asset:///mycenter/icon/icon_evaluation.png",
              "action": "wbmain://jump/core/appointment?params=%7B%22title%22%3A%22%E6%88%91%E7%9A%84%E8%AF%84%E4%BB%B7%22%2C%22top_right%22%3A%22hide%22%2C%22url%22%3A%22https%3A%2F%2Fcomment.58.com%2Fpersoncenter%2Findex%22%7D&ABMark=null&needLogin=true"
            },
            {
              "title": "站长招募",
              "icon": "asset:///mycenter/icon/icon_recruitment.png",
              "action": "wbmain://jump/core/common?params=%7B%22url%22%3A%22https%3A%2F%2Fmtongzhen.58.com%2F%3Ffrom%3Dtcwd%22%2C%22title%22%3A%22%E5%90%8C%E9%95%87%E7%AB%99%E9%95%BF%E6%8B%9B%E5%8B%9F%22%2C%22pagetype%22%3A%22common%22%7D"
            }
          ]
        }
      }
    ]
  }
}