﻿{
	"code": "200",
	"head_info": {
		"bg_image_url": "https://a.58cdn.com.cn/app58/img/pmall/enter/spring.jpg",
		"head_image_url": ""
	},

	"data": [{
		"user_58service": {
			"title": "个人服务",
			"content": [{
				"title": "金币商城",
				"desc": "金币商城",
				"mark": "",
				"iconurl": "https://a.58cdn.com.cn/app58/icons/jinbishangcheng3.png",
				"action": "wbmain://jump/core/common?params=%7B%22title%22:%22%E9%87%91%E5%B8%81%E5%95%86%E5%9F%8E%22,%22url%22:%22https://pmall.58.com/pmall/index?signFrom=psign&comefrom=1%22%7D",
				"peerneedlogin": false,
				"type": "goldmall",
				"pagetype": "goldmall",
				"params": "goldmall"
			}, {
				"title": "邀请好友",
				"desc": "邀请好友",
				"mark": "",
				"iconurl": "https://a.58cdn.com.cn/app58/icons/yaoqinghaoyou3.png",
				"action": "wbmain://jump/core/common?params=%7B%22title%22%3A%22%E9%82%80%E8%AF%B7%E5%A5%BD%E5%8F%8B%22%2C%22url%22%3A%22https%3A%2F%2Finvite.58.com%2Finvite%2Fuserinviteinfoview%22%7D&ABMark=null&needLogin=false",
				"peerneedlogin": false,
				"type": "invitefriends",
				"pagetype": "invitefriends",
				"params": "invitefriends"
			}, {
				"title": "联系客服",
				"desc": "联系客服",
				"mark": "",
				"iconurl": "https://a.58cdn.com.cn/app58/icons/zhinengkefu3.png",
				"action": "wbmain://jump/core/common?params=%7B%22title%22:%22%E8%81%94%E7%B3%BB%E5%AE%A2%E6%9C%8D%22,%22url%22:%22https://ai.58.com/#/entry/business_type=58tongchengapp&joinfrom=usercenter&client_type=app%22%7D",
				"peerneedlogin": false,
				"type": "zhinengkefu",
				"pagetype": "zhinengkefu",
				"params": "zhinengkefu"
			}, {
				"title": "维权中心",
				"desc": "维权中心",
				"mark": "",
				"iconurl": "https://a.58cdn.com.cn/app58/icons/weiquanzhongxin3.png",
				"action": "wbmain://jump/core/link?params=%7B%22title%22%3A%22%E7%BB%B4%E6%9D%83%E4%B8%AD%E5%BF%83%22%2C%22top_right%22%3A%22hide%22%2C%22url%22%3A%22https%3A%2F%2Fweiquan.58.com%2Fcomplaint%2Findex%3Fterminal%3D2%22%7D&ABMark=null&needLogin=true",
				"peerneedlogin": false,
				"type": "weiquanzx",
				"pagetype": "weiquanzx",
				"params": "weiquanzx"
			}, {
				"title": "我的求职",
				"desc": "",
				"mark": "",
				"iconurl": "https://a.58cdn.com.cn/app58/icons/qiuzhi3.png",
				"action": "wbmain://jump/job/myJobCenter?params=%7B%22title%22:%22%E6%88%91%E7%9A%84%E6%B1%82%E8%81%8C%22,%22showsift%22:false%22%7D&needLogin=true",
				"peerneedlogin": false,
				"type": "mywork",
				"pagetype": "mywork",
				"params": "mywork"
			}, {
				"title": "我的租房",
				"desc": "我的租房",
				"mark": "",
				"iconurl": "https://a.58cdn.com.cn/app58/icons/zufang3.png",
				"action": "wbmain://jump/house/houseCategory?params=%7B%22title%22%3A%22%E6%88%91%E7%9A%84%E7%A7%9F%E6%88%BF%22%2C%22jumpTarget%22%3A%22personal%22%2C%22list_name%22%3A%22zufang%22%2C%22url%22%3A%22https%3A%2F%2Fhouserentapp.58.com%2Fhouse%2FApi_get_tab_config%22%7D&ABMark=null&needLogin=true",
				"peerneedlogin": false,
				"type": "myzufang",
				"pagetype": "myzufang",
				"params": "myzufang"
			}, {
				"title": "我的贷款",
				"desc": "贷款和信用卡管家",
				"mark": "",
				"iconurl": "https://a.58cdn.com.cn/app58/icons/daikuan3.png",
				"action": "wbmain://jump/core/link?params=%7B%22title%22%3A%22%E6%88%91%E7%9A%84%E8%B4%B7%E6%AC%BE%22%2C%22top_right%22%3A%22hide%22%2C%22url%22%3A%22https%3A%2F%2Fjinrong.58.com%2Fm%2Floan%2Fk%3Ffrom%3D58_app%22%7D&ABMark=ucenter_daikuan&needLogin=false",
				"pagetype": "daikuan",
				"params": "daikuan",
				"type": "daikuan",
				"peerneedlogin": false
			}, {
				"title": "我的财富",
				"desc": "本息有保障",
				"mark": "",
				"iconurl": "https://a.58cdn.com.cn/app58/icons/caifu3.png",
				"action": "wbmain://jump/core/link?params=%7B%22title%22%3A%22%E6%88%91%E7%9A%84%E8%B4%A2%E5%AF%8C%22%2C%22top_right%22%3A%22hide%22%2C%22backtype%22%3A%222%22%2C%22url%22%3A%22https%3A%2F%2Fqiangui.58.com%2Fcfconsumeraccount%2Fshowzichan%3Fsrc%3DB9551CD3D862F26FF8554293E4533C60%26referrer%3D58appCenter%22%7D&ABMark=ucenter_licai&needLogin=false",
				"pagetype": "licai",
				"params": "licai",
				"type": "licai",
				"peerneedlogin": false
			}, {
				"title": "免流量服务",
				"mark": "",
				"iconurl": "https://a.58cdn.com.cn/app58/icons/mllfw3.png",
				"action": "wbmain://jump/core/common?params=%7B%22title%22%3A%22%E5%85%8D%E6%B5%81%E9%87%8F%E6%9C%8D%E5%8A%A1%22%2C%22categoryid%22%3A%22%22%2C%22loadingtype%22%3A%220%22%2C%22backprotocal%22%3A%22%22%2C%22url_comment%22%3A%22%E5%85%8D%E6%B5%81%E9%87%8F%E6%9C%8D%E5%8A%A1%22%2C%22backtoroot%22%3A%22false%22%2C%22list_name%22%3A%22%22%2C%22url%22%3A%22https%3A%2F%2Fm.10010.com%2Fscaffold-show%2F58tc%3Fchannel%3D90%26inapp%3Dtrue%22%2C%22domainTips%22%3A%22%22%7D&ABMark=null&needLogin=false",
				"pagetype": "miangliuliang",
				"params": "mianliuliang",
				"type": "mianliuliang",
				"peerneedlogin": false
			}]
		}
	}],
	"new_user_business": {
		"protocol": "",
		"show": false
	}
}