{
  "message": "success",
  "result": {
    "up": [{
      "action": "wbmain://jump/core/common?params=%7B%22title%22%3A%22%E6%88%91%E7%9A%84%E5%8B%8B%E7%AB%A0%22%2C%22url%22%3A%22https%3A%2F%2Fpmalltest.58.com%2Fmedal%2FgetMedalWall%22%7D",
      "desc": "我的勋章",
      "descborder": false,
      "mark": "",
      "pagetype": "myxunzhang",
      "params": "logout",
      "title": "0枚",
      "type": "myxunzhang"
    }],
    "down": [{
      "action": "wbmain://jump/core/common?params=%7B%22title%22%3A%22%E7%A5%9E%E5%A5%87%E7%9F%BF%22%2C%22url%22%3A%22https%3A%2F%2Fmagicisland-test.58.com%2Fweb%2Fv%2Fhome%22%7D",
      "desc": "神奇矿(g)",
      "descborder": false,
      "mark": "瓜分百万大奖",
      "pagetype": "shenqikuang",
      "params": "logout",
      "title": "0.00",
      "type": "shenqikuang"
    }, {
      "action": "wbmain://jump/core/wallet?needLogin=true",
      "desc": "钱包(元)",
      "descborder": false,
      "mark": "",
      "pagetype": "wallet",
      "params": "logout",
      "title": "0.00",
      "type": "wallet"
    }]
  },
  "status": "0000"
}