{
  "infoListMap": {
    "record": false,
    "infoList": [
      {
        "action": {
          "title": "新车报价",
          "showsift": false,
          "isfinish": false,
          "action": "loadpage",
          "backtoroot": false,
          "pagetype": "link",
          "showpub": false,
          "showarea": false,
          "url": "https://apps.m.58che.com/58/2564/?from=58tc.000179&tocityname=@local@"
        },
        "callInfo": {},
        "desc": "8.5万公里 | 2003年上盘",
        "gifUrl": "http://wx3.sinaimg.cn/large/5d3dd8b7ly1fs8aygba7ag20b408c1co.gif",
        "infoLog": {},
        "p": "20",
        "picUrl": [],
        "shareInfo": {},
        "tag": [
          {
            "content": "放心车",
            "url": ""
          }
        ],
        "title": "大众 POLO 2014 款",
        "u": "万",
        "videoURL": ""
      }
    ],
    "next": true,
    "nInfoLog": {},
    "recordAction": {}
  },
  "code": "OK"
}