{
	"code":"200"
	,"icon_third_folder":{
			"version": "",
			"weather":"https://platform.58.com/indexweather/indexdata/",
			"title":"实用工具",			
			"data":[

									{"action": {"action": "pagetrans","tradeline":"thirdapps","content":{"list_name":"weizhang","title":"违章查询", "pagetype":"link","text":"违章信息一目了然","url":"https://weizhang.58.com/m/view?headpic=0&topban=0&buttomban=1&alertad=1&channelid=3&appsource=3&platform=2","url_format":true,"url_city":true,"zoom":false,"nostep":false,"backtype":"1","partner":true}}, "expand": false, "icon": "", "list_name": "weizhang", "name": "违章查询","position":"down","partner":true,"shortcut":true,"new":false,"discount":false,"hot":false,"cate_type":"1"},
								
												 
				

				{"action": {"action": "pagetrans","tradeline":"thirdapps","content":{"list_name":"qiangui","title":"百元理财","pagetype":"link","text":"点一点 钱生钱","url":"https://qiangui.58.com/cfloanmoney/show?src=B9551CD3D862F26FF8554293E4533C60","url_format":false,"url_city":false,"zoom":false,"nostep":false,"backtype":"2","partner":true}},"expand": false, "icon": "", "list_name": "qiangui", "name": "百元理财","position":"down","partner":true,"shortcut":true, "new":false,"discount":false,"hot":false,"cate_type":"1"} 
				
				,{"action": {"action": "pagetrans","tradeline":"thirdapps","content":{"list_name":"daikuan","title":"信用贷款", "pagetype":"link","text":"急你所急贷你想贷","url":"https://jinrong.58.com/m/loan/k?city=bj&from=58_app_index","url_format":true,"url_city":true,"backtype":"2","partner":true}},"expand": false, "icon": "", "list_name": "daikuan", "name":"信用贷款","position":"down","partner":true,"shortcut":true,"cityname":"", "new":false,"discount":false,"hot":false,"cate_type":"1"}

				,{"action": {"action": "pagetrans","tradeline":"thirdapps","content":{"list_name":"huochepiao","title":"交通出行", "pagetype":"link","text":"火车票 汽车票","url":"https://m.tieyou.com/jy/index.php?param=default/home.html&utm_source=58","url_format":true,"url_city":false,"zoom":false,"nostep":false,"backtype":"2","backtoroot":"false","partner":true}}, "expand": false, "icon": "", "list_name": "huochepiao", "name": "交通出行","position":"down","partner":true, "shortcut":true, "new":false,"discount":false,"hot":false,"cate_type":"1"}


                ,{"action": {"action": "pagetrans","tradeline":"thirdapps","content":{"list_name":"gongzijisuan","title":"工资计算", "pagetype":"link","text":"急你所急贷你想贷","url":"https://loan.rongba.com/Calculator/income","zoom":"true","url_format":true,"url_city":true,"backtype":"2","partner":true}},"expand": false, "icon": "https://a.58cdn.com.cn/app58/img/indexicon/gzjsq@3x.png", "list_name": "gongzijisuan", "name":"工资计算","position":"down","partner":true,"shortcut":true,"cityname":"", "new":false,"discount":false,"hot":false,"cate_type":"1"}

									,{"action": {"action": "pagetrans","tradeline":"thirdapps","content":{"list_name":"gongjiao","title":"实时公交", "pagetype":"link","text":"", "url":"https://web.chelaile.net.cn/wwd/index?src=webapps_58_Utilitytool","url_format":false,"url_city":false,"zoom":false,"nostep":false,"locate_demand":"2","backtype":"2","partner":true}},"expand": false, "icon": "https://a.58cdn.com.cn/app58/img/indexicon/bus@3x.png", "list_name": "gongjiao", "name": "实时公交","position":"down","partner":true,"shortcut":true,"new":false, "new":false,"discount":false,"hot":false,"cate_type":"1"}
								
				,{"action": {"action": "pagetrans","tradeline":"thirdapps","content":{"list_name":"fangdai","title":"房贷计算","text":"贷款明细了如指掌","url":"//app.58.com/api/windex/fangdai/calculator?cachevers=94&source=app_home","url_format":true,"url_city":false,"zoom":false,"nostep":false,"partner":true}}, "expand": false, "icon": "", "list_name": "fangdai", "name": "房贷计算","position":"down","partner":true,"shortcut":true, "new":false,"discount":false,"hot":false,"cate_type":"1"}

								,{"action": {"action": "pagetrans","tradeline":"thirdapps","content":{"list_name":"jiudianmitan","title":"酒店密探", "pagetype":"link","text":"酒店密探","url":"https://dataio.58.com/hotel_map.html","backtype":"2","url_format":false,"url_city":true,"nostep":false,"partner":true}}, "expand": false, "icon": "https://a.58cdn.com.cn/app58/img/indexicon/jdmt@3x.png", "list_name": "jiudianmitan", "name": "酒店密探","position":"down","partner":true, "shortcut":true, "new":true,"discount":false,"hot":false,"cate_type":"1"}
               			   
			   				,{"action": {"action": "pagetrans","tradeline":"thirdapps","content":{"list_name":"banzheng","title":"办证助手", "pagetype":"link","text":"办证助手","url":"https://bianmin.58.com/bj?source=app&from=app_home_gjbj","backtype":"2","url_format":false,"url_city":true,"nostep":false,"partner":true}}, "expand": false, "icon": "https://a.58cdn.com.cn/app58/img/indexicon/bzzn@3x.png", "list_name": "banzheng", "name": "办证助手","position":"down","partner":true, "shortcut":true, "new":false,"discount":false,"hot":false,"cate_type":"1"}
								
                				
								
                				
								
								,{"action": {"action": "pagetrans","tradeline":"thirdapps","content":{"list_name":"caipiao","title":"彩票", "pagetype":"link","text":"彩票","url":"https://caipiao.m.58.com/?from=58_app_index_sygj","backtype":"2","url_format":false,"url_city":true,"nostep":false,"partner":true}}, "expand": false, "icon": "https://pic2.58.com/m58/app58/m_static/img/index/caipiao3x.png", "list_name": "caipiao", "name": "彩票","position":"down","partner":true, "shortcut":true, "new":false,"discount":false,"hot":false,"cate_type":"1"}
			
				
				,{"action": {"action": "pagetrans","tradeline":"thirdapps","content":{"list_name":"yiliao","title":"医院挂号", "pagetype":"link","text":"精选酒店省钱省心", "url":"https://58.wy.guahao.com","url_format":false,"url_city":false,"zoom":false,"nostep":false,"locate_demand":"2","backtype":"2","partner":true}},"expand": false, "icon": "https://pic2.58.com/m58/app58/m_static/img/index/ylgh3x.png", "list_name": "yiliao", "name": "医院挂号","position":"down","partner":true,"shortcut":true,"new":false,"discount":false,"hot":false,"cate_type":"1"}


				,{"action": {"action": "pagetrans","tradeline":"thirdapps","content":{"list_name":"dianyingpiao","title":"电影票", "pagetype":"link","text":"在线选座天天折扣","url":"https://h5.m.taobao.com/app/movie/pages/index/index.html?from=58tc","url_format":false,"url_city":false,"zoom":false,"nostep":false,"backtype":"2","partner":true }},"expand": false, "icon": "", "list_name": "dianyingpiao", "name": "电影票","position":"down","partner":true, "shortcut":true,"new":false,"discount":false,"hot":false,"cate_type":"1"} 
									
			    ,{"action": {"action": "pagetrans","tradeline":"thirdapps","content":{"list_name":"huangdaojiri","title":"黄道吉日", "pagetype":"link","text":"黄道吉日","url":"https://platform.58.com/calendar/index","url_format":true,"url_city":true,"zoom":false,"nostep":false,"backtype":"1","partner":true}}, "expand": false, "icon": "https://pic2.58.com/m58/app58/m_static/img/index/3x/calendar@3x.png", "list_name": "huangdaojiri", "name":
				   "黄道吉日","position":"down","partner":true,"shortcut":true,"new":false,"discount":false,"hot":false,"cate_type":"1"} 			
							
				,{"action": {"action": "pagetrans","tradeline":"workrecord","content":{"list_name":"jijiaban", "pagetype":"thrid_main","showsift": false,"title":"记加班","text":"记加班","url":"//app.58.com/web/list/bj/piaowu.shtml?cachevers=16","partner":true}}, "child_list": [],"expand": false, "icon": "https://a.58cdn.com.cn/app58/img/indexicon/jjbbm@3x.png", "list_name": "jijiaban", "name": "记加班","cateid": "833","position":"down","cityname":"","partner":true, "shortcut":true,"new":false,"discount":false,"hot":false,"cate_type":"1"}

				,{"action": {"action": "pagetrans","tradeline":"thirdapps","content":{"list_name":"menpiao","title":"景点门票", "pagetype":"link", "text":"超值门票说走就走", "url":"https://m.ctrip.com/webapp/ticket/index?allianceid=17582&sid=443445&sourceid=2131","url_format":false,"url_city":false,"zoom":false,"nostep":false,"locate_demand":"2","backtype":"2","partner":true}},"expand": false, "icon": "", "list_name": "menpiao", "name": "景点门票","position":"down","cityname":"","partner":true,"shortcut":true,"new":false,"discount":false,"hot":false,"cate_type":"1"}
				
				,{"action": {"action": "pagetrans","tradeline":"thirdapps","content":{"list_name":"jiudian","title":"酒店预订", "pagetype":"link","text":"精选酒店省钱省心", "url":"https://u.ctrip.com/union/CtripRedirect.aspx?TypeID=636&sid=443445&allianceid=17582&ouid=","url_format":false,"url_city":false,"zoom":false,"nostep":false,"locate_demand":"2","backtype":"2","partner":true}},"expand": false, "icon": "", "list_name": "jiudian", "name": "酒店预订","position":"down","partner":true,"shortcut":true,"new":false, "new":false,"discount":false,"hot":false,"cate_type":"1"}
				
				,{"action": {"action": "pagetrans","tradeline":"thirdapps","content":{"list_name":"jiaxiao","title":"驾校一点通", "pagetype":"link","text":"驾校学车必备神器","url":"https://www.jxedt.com/api/tongji/?id=144969e2","url_format":false,"url_city":true,"backtype":"2","partner":true}},"expand": false, "icon": "", "list_name": "jiaxiao", "name":"驾考题库","position":"down","partner":true,"shortcut":true,"cityname":"", "new":false,"discount":false,"hot":false,"cate_type":"1"}

                ,{"action": {"action": "pagetrans","tradeline":"thirdapps","content":{"list_name":"jiaofei","title":"便民充值","text":"","url":"https://web.yiqianlian.com/mobile/mobileindex/58","nostep":false,"backtype":"2","partner":true}},   "expand": false, "icon": "", "list_name": "jiaofei", "name": "便民充值","position":"down","partner":true,"shortcut":true,"discount":false,"shortcut":true, "new":false,"discount":false,"hot":false,"cate_type":"1"}
				
				,{"action": {"action": "pagetrans","tradeline":"thirdapps","content":{"list_name":"aichegujia","title":"估车价", "pagetype":"link", "text":"精准估价 绝不吃亏", "url":"https://carprice.m.58.com?from=app_index_btn_aichegujia&clientsrc=301","url_format":false,"url_city":false,"zoom":false,"nostep":false,"locate_demand":"2","backtype":"2","partner":true}},"expand": false, "icon": "", "list_name": "aichegujia", "name": "爱车估价","position":"down","cityname":"","partner":true,"shortcut":true,"new":false,"discount":false,"hot":false,"cate_type":"1"}
			
                				
												
				,{"action": {"action": "pagetrans","tradeline":"thirdapps","content":{"list_name":"yanchu","title":"演出赛事", "pagetype":"link","text":"","url":"https://m.ypiao.com","url_format":true,"url_city":false,"zoom":false,"nostep":false,"backtype":"2","partner":true}}, "expand": false, "icon": "", "list_name": "yanchu", "name": "演出赛事","position":"down","partner":true,"shortcut":true,"new":false,"discount":false,"hot":false,"cate_type":"1"}
							
				
									,{"action": {"action":"pagetrans","tradeline":"thirdapps","content":{"list_name":"yaohao","title":"车辆摇号查询", "pagetype":"link", "text":"车辆摇号及时通知" ,"url":"https://pic2.58.com/m58/app58/yaohao/index_new.html?time=201412041758&t=20160226","url_format":true,"partner":true}}, "expand": false, "icon": "", "list_name": "yaohao", "name": "车辆摇号","position":"down","partner":true, "shortcut":true,"new":false,"discount":false,"hot":false,"cate_type":"1"}
								
			    ,{"action": {"action": "pagetrans","tradeline":"thirdapps","content":{"list_name":"xinyongka","title":"信用卡", "pagetype":"link","text":"信用卡","url":"https://xyk.58.com/?from=58_app_tool","url_format":true,"url_city":true,"zoom":false,"nostep":false,"backtype":"2","partner":true}}, "expand": false, "icon": "https://a.58cdn.com.cn/app58/img/indexicon/credit_card@3x.png", "list_name": "xinyongka", "name": "信用卡","position":"down","partner":true,"shortcut":true,"new":false,"discount":false,"hot":false,"cate_type":"1"}
						


			    ,{"action": {"action": "pagetrans","tradeline":"core","content":{"list_name":"shangcheng", "pagetype":"link","title":"金币商城","text":"精彩活动好礼不停","url":"https://pmall.58.com/pointsMall/mall","url_format":true,"url_city":false,"zoom":false,"nostep":false,"partner":true}},"expand": false, "icon": "", "list_name": "shangcheng", "name": "金币商城","position":"down","partner":true, "shortcut":true,"new":false,"discount":false,"hot":false,"cate_type":"1"}
			
								
							
		]}
}
