{
	"code": "200",
	"indexver": "",
	"data":[
					{
				"section_primary_group":[{"icon":"https://pic3.58cdn.com.cn/nowater/homepage_new/n_v2629d7a27e6e04fbbaa014321e4a512b0.png","action":"wbmain://jump/job/fullTimeCate?params=%7B%22title%22%3A%22%E5%85%A8%E8%81%8C%E6%8B%9B%E8%81%98%22%2C%22showsift%22%3Atrue%2C%22list_name%22%3A%22job%22%2C%22url%22%3A%22https%3A%2F%2Fzprecommend.58.com%2Fapi%2Fjobindex%22%7D&ABMark=null&needLogin=false","cate_id":"9224","list_name":"job","icon_id":48,"title":"全职招聘","type":"normal","mark":""},{"icon":"https://pic8.58cdn.com.cn/nowater/homepage_new/n_v2261f6059c8c24280875c20971e55ee5f.png","action":"wbmain://jump/job/partTimeCate?params=%7B%22title%22%3A%22%E5%85%BC%E8%81%8C%22%2C%22showsift%22%3Atrue%2C%22list_name%22%3A%22jianzhi%22%2C%22url%22%3A%22https%3A%2F%2Fapp.58.com%2Fapi%2Flist%2Fjianzhi%22%7D&ABMark=null&needLogin=false","cate_id":"13941","list_name":"jianzhi","icon_id":50,"title":"兼职","type":"normal","mark":""},{"icon":"https://pic7.58cdn.com.cn/nowater/homepage_new/n_v2a622a17b4a3941af83b9f4f174a85fd0.png","action":"wbmain://jump/house/houseCategory?params=%7B%22cateid%22%3A%221%22%2C%22title%22%3A%22%E7%A7%9F%E6%88%BF%22%2C%22list_name%22%3A%22zufang%22%2C%22params%22%3A%7B%7D%2C%22url%22%3A%22https%3A%2F%2Fhouserentapp.58.com%2Fhouse%2FApi_get_tab_config%22%7D&ABMark=null&needLogin=false","cate_id":"1","list_name":"zufang","icon_id":75,"title":"租房","type":"normal","mark":""},{"icon":"https://pic4.58cdn.com.cn/nowater/homepage_new/n_v2c76e6af2986741c2aa2fc6cdc56ff429.png","action":"wbmain://jump/houseajk/houseCategory?params=%7B%22title%22%3A%22%E4%BA%8C%E6%89%8B%E6%88%BF%22%2C%22showsift%22%3Atrue%2C%22list_name%22%3A%22ershoufang%22%2C%22showpub%22%3Atrue%2C%22url%22%3A%22https%3A%2F%2Fappfang.58.com%2Fapp%2Fershoufang%2FgetTabConfig%22%7D&ABMark=null&needLogin=false","cate_id":"1","list_name":"house","icon_id":238,"title":"二手房","type":"normal","mark":""},{"icon":"https://pic1.58cdn.com.cn/nowater/homepage_new/n_v22520265e276a4cac81e41d150aef6323.png","action":"wbmain://jump/core/common?params=%7B%22url%22%3A%22https%3A%2F%2Fapp.58.com%2Fweb%2Flist%2F%40local%40%2Fsale.shtml%22%2C%22title%22%3A%22%22%2C%22list_name%22%3A%22sale%22%2C%22pagetype%22%3A%22common%22%2C%22categoryid%22%3A%22%22%2C%22loadingtype%22%3A%220%22%2C%22backtoroot%22%3A%22false%22%2C%22domainTips%22%3A%22%22%2C%22backprotocal%22%3A%22%22%2C%22webType%22%3A%22%22%2C%22save_step%22%3Afalse%2C%22pullRefresh%22%3Afalse%2C%22settings%22%3A%7B%22hide_title_panel%22%3Afalse%2C%22contain_status_bar%22%3Afalse%2C%22status_bar_mode%22%3A%22%22%2C%22status_bar_color%22%3A%22%22%7D%7D","cate_id":"5","list_name":"sale","icon_id":249,"title":"二手物品","type":"normal","mark":""},{"icon":"https://pic5.58cdn.com.cn/nowater/homepage_new/n_v2a68a82e70184452daf2b10c1ed7e05ef.png","action":"wbmain://jump/car/usedCarTab?ABMark=null&needLogin=false&params=%7B%22cate%22%3A%7B%22title%22%3A%22%E4%BA%8C%E6%89%8B%E8%BD%A6%22%2C%22list_name%22%3A%22car%22%2C%22showpub%22%3Atrue%2C%22tabtitle%22%3A%22%E4%BA%8C%E6%89%8B%E8%BD%A6%22%2C%22url%22%3A%22https%3A%2F%2Fapp.58.com%2Fweb%2Flist%2F%40local%40%2Fershouche%3F-20%3Desccate%26showtab%3Dtrue%22%2C%22search_title%22%3A%22%E5%93%81%E7%89%8C%E6%88%96%E8%BD%A6%E7%B3%BB%22%7D%2C%22action%22%3A%22pagetrans%22%2C%22service%22%3A%7B%22title%22%3A%22%E6%9C%8D%E5%8A%A1%22%2C%22loadingtype%22%3A2%2C%22tabtitle%22%3A%22%E6%9C%8D%E5%8A%A1%22%2C%22url%22%3A%22https%3A%2F%2Fapp.58.com%2Fweb%2Flist%2F%40local%40%2Fershouche%3F-30%3Descservice%22%7D%2C%22list%22%3A%7B%22cateid%22%3A%2229%22%2C%22item_tpl%22%3A%22ershouche%22%2C%22use_cache%22%3Afalse%2C%22show_sift%22%3Atrue%2C%22meta_url%22%3A%22https%3A%2F%2Fapp.58.com%2Fapi%2Flist%22%2C%22recovery%22%3Afalse%2C%22data_url%22%3A%22https%3A%2F%2Fwireless.58.com%2Fapi%2Flist%22%2C%22show_publish_btn%22%3Atrue%2C%22show_search_btn%22%3Atrue%2C%22title%22%3A%22%E4%BA%8C%E6%89%8B%E8%BD%A6%22%2C%22local_name%22%3A%22%22%2C%22show_thumb%22%3Atrue%2C%22list_name%22%3A%22ershouche%22%2C%22filterparams%22%3A%7B%7D%2C%22cate_fullpath%22%3A%224%2C29%22%2C%22tabtitle%22%3A%22%E4%B9%B0%E8%BD%A6%22%2C%22search_title%22%3A%22%E5%93%81%E7%89%8C%E6%88%96%E8%BD%A6%E7%B3%BB%22%7D%2C%22publish%22%3A%7B%22title%22%3A%22%E5%8D%96%E8%BD%A6%22%2C%22loadingtype%22%3A2%2C%22tabtitle%22%3A%22%E5%8D%96%E8%BD%A6%22%2C%22url%22%3A%22https%3A%2F%2Fj1.58cdn.com.cn%2Fm58%2Fm3%2Fhtml%2Fcar%2Fappcate%2Fpublishcar.html%22%7D%7D","cate_id":"29","list_name":"car","icon_id":184,"title":"二手车","type":"normal","mark":""},{"icon":"https://pic7.58cdn.com.cn/nowater/homepage_new/n_v249178d6af3d04077b478b83ec69cb9e3.png","action":"wbmain://jump/core/common?params=%7B%22url%22%3A%22https%3A%2F%2Fapp.58.com%2Fweb%2Flist%2F%40local%40%2Fhyshangjie.shtml%22%2C%22title%22%3A%22%22%2C%22list_name%22%3A%22bendifuwu%22%2C%22pagetype%22%3A%22common%22%2C%22categoryid%22%3A%22%22%2C%22loadingtype%22%3A%220%22%2C%22backtoroot%22%3A%22false%22%2C%22domainTips%22%3A%22%22%2C%22backprotocal%22%3A%22%22%2C%22webType%22%3A%22%22%2C%22save_step%22%3Afalse%2C%22pullRefresh%22%3Afalse%2C%22settings%22%3A%7B%22hide_title_panel%22%3Atrue%2C%22contain_status_bar%22%3Afalse%2C%22status_bar_mode%22%3A%22%22%2C%22status_bar_color%22%3A%22%22%7D%7D","cate_id":"8512","list_name":"shangjie","icon_id":201,"title":"本地服务","type":"normal","mark":""},{"icon":"https://pic5.58cdn.com.cn/nowater/homepage_new/n_v2f79d52996f4a4f91863caa1cd6ad20bd.png","action":"wbmain://jump/core/common?params=%7B%22url%22%3A%22https%3A%2F%2Fapp.58.com%2Fweb%2Flist%2F%40local%40%2Fjiazheng.shtml%22%2C%22title%22%3A%22%22%2C%22list_name%22%3A%22shenghuo%22%2C%22pagetype%22%3A%22common%22%2C%22categoryid%22%3A%22%22%2C%22loadingtype%22%3A%220%22%2C%22backtoroot%22%3A%22false%22%2C%22domainTips%22%3A%22%22%2C%22backprotocal%22%3A%22%22%2C%22webType%22%3A%22%22%2C%22save_step%22%3Afalse%2C%22pullRefresh%22%3Afalse%2C%22settings%22%3A%7B%22hide_title_panel%22%3Atrue%2C%22contain_status_bar%22%3Afalse%2C%22status_bar_mode%22%3A%22%22%2C%22status_bar_color%22%3A%22%22%7D%7D","cate_id":"8512","list_name":"shenghuo","icon_id":163,"title":"家政","type":"normal","mark":""},{"icon":"https://pic7.58cdn.com.cn/nowater/homepage_new/n_v25cc64dd8357943b8a7704c20fa1a364f.png","action":"wbmain://jump/core/common?params=%7B%22url%22%3A%22https%3A%2F%2Fapp.58.com%2Fweb%2Flist%2F%40local%40%2Fshangwu.shtml%23%2FcategoryPage%2Fshangwu%22%2C%22title%22%3A%22%22%2C%22list_name%22%3A%22bendifuwu%22%2C%22pagetype%22%3A%22common%22%2C%22categoryid%22%3A%22%22%2C%22loadingtype%22%3A%220%22%2C%22backtoroot%22%3A%22false%22%2C%22domainTips%22%3A%22%22%2C%22backprotocal%22%3A%22%22%2C%22webType%22%3A%22%22%2C%22save_step%22%3Afalse%2C%22pullRefresh%22%3Afalse%2C%22settings%22%3A%7B%22hide_title_panel%22%3Afalse%2C%22contain_status_bar%22%3Atrue%2C%22status_bar_mode%22%3A%22%22%2C%22status_bar_color%22%3A%22%22%7D%7D","cate_id":"8512","list_name":"shangwu","icon_id":263,"title":"商务服务","type":"backup","mark":""},{"icon":"https://pic5.58cdn.com.cn/nowater/homepage_new/n_v2871987982a3148cd9eb50a10904b510f.png","action":"wbmain://jump/house/houseCategory?params=%7B%22cateid%22%3A%221%22%2C%22title%22%3A%22%E5%95%86%E9%93%BA%22%2C%22list_name%22%3A%22shangpu%22%2C%22url%22%3A%22https%3A%2F%2Fappbusiness.58.com%2Fapp%2Fbusiness%2FgetTabConfig%22%7D&ABMark=null&needLogin=false","cate_id":"1","list_name":"shangpu","icon_id":79,"title":"商铺写字楼","type":"normal","mark":""}]
			},
							{
				"section_secondary_group":[{"icon":"https://pic7.58cdn.com.cn/nowater/homepage_new/n_v2e41684dc164346f686536656ace1d8ab.png","action":"wbmain://jump/core/common?params=%7B%22url%22%3A%22https%3A%2F%2Fjzt.daojia.com%2Fhome%2Findex%3Fhmsr%3D58_app_shouye_home%26channel%3D58_app_shouye_home%22%7D","cate_id":"1","list_name":"daojia","icon_id":268,"title":"58到家","type":"normal","mark":""},{"icon":"https://pic7.58cdn.com.cn/nowater/homepage_new/n_v2d3a546b3104e4acaae470adbe2f6f39e.png","action":"wbmain://jump/core/common?params=%7B%22url%22%3A%22https%3A%2F%2Fdaikuan.58.com%3Ffrom%3D58_app_index_new%22%2C%22title%22%3A%2258%E8%B4%B7%E6%AC%BE%22%7D","cate_id":"3242","list_name":"jinrong","icon_id":267,"title":"58借钱","type":"normal","mark":""},{"icon":"https://pic4.58cdn.com.cn/nowater/homepage_new/n_v21597ddb66888486a9d1e1f4127244f81.png","action":"wbmain://jump/newhouse/building_home_page?params=%7b%7d","cate_id":"37288","list_name":"xinfang","icon_id":269,"title":"新房","type":"normal","mark":""},{"icon":"https://pic7.58cdn.com.cn/nowater/homepage_new/n_v21c32a605d8fe4c5bab8349250072bc87.png","action":"wbmain://jump/core/common?params=%7B%22url%22%3A%22https%3A%2F%2Fhrgbot.58.com%2Fmchat%22%2C%22title%22%3A%22%E6%99%BA%E8%83%BD%E6%B1%82%E8%81%8C%22%2C%22pagetype%22%3A%22common%22%7D","cate_id":"9999999","list_name":"zhinengqiuzhi","icon_id":236,"title":"智能求职","type":"backup","mark":""},{"icon":"https://pic3.58cdn.com.cn/nowater/homepage_new/n_v27fbabfe3cdf34633b42bdda556acb8e5.png","action":"wbmain://jump/RN/RN?params=%7B%22backtoroot%22%3A%22false%22%2C%22title%22%3A%22%E6%9B%B4%E5%A4%9A%22%2C%22bundleid%22%3A%22280%22%2C%22params%22%3A%7B%22cateId%22%3A%22%22%2C%22infoId%22%3A%22%22%2C%22hideBar%22%3A%220%22%2C%22pageType%22%3A%22%22%2C%22title%22%3A%22%E6%9B%B4%E5%A4%9A%22%2C%22logParams%22%3A%5B%5D%7D%7D","cate_id":"1","list_name":"more","icon_id":273,"title":"更多","type":"normal","mark":""}]
			},
							{
				"section_ugc":{"title_more_color":"","more":"更多","action":"wbmain://jump/core/RN?params=%7B%22bundleid%22%3A%22166%22%2C%22params%22%3A%7B%22referrer%22%3A%2210%22%2C%22tabName%22%3A%22buluo%22%2C%22hideBar%22%3A%221%22%2C%22tabIndex%22%3A1%2C%22subTabIndex%22%3A1%7D%7D","title":"58部落","show_more":true,"items":[{"rightlabel":"","logParam":"","log_param":"1,1000000000,1057400607,0,kong2,1,from10,near","subtitle":"208条新帖","action":"wbmain://jump/core/common?params=%7B%22url%22%3A%22https%3A%2F%2Fapp.58.com%2Fapi%2Fcommunity%2Fhomepage%2Fentry%3Fcbd%3D1057400607%26referrer%3D10%22%7D","style":true,"avatar":["https://pic7.58cdn.com.cn/m1/bigimage/n_v2ff0032e079384140a326d219de70d488.jpg","https://a.58cdn.com.cn/app58/icons/msg/im_chat_avatar_10.png","https://pic3.58cdn.com.cn/m1/bigimage/n_v2b1448b17a2fb45f79809883bce1e3be7.jpg"],"title":"普工大家庭"},{"rightlabel":"","logParam":"","log_param":"2,1000000000,1157400023,0,kong2,1,from10,hot","subtitle":"107条新帖","action":"wbmain://jump/core/common?params=%7B%22url%22%3A%22https%3A%2F%2Fapp.58.com%2Fapi%2Fcommunity%2Fhomepage%2Fentry%3Fcbd%3D1157400023%26referrer%3D10%22%7D","style":true,"avatar":["https://pic4.58cdn.com.cn/m1/bigimage/n_v2dad7068b925d4c24b56fbaa84237ae7d.jpg","https://pic3.58cdn.com.cn/m1/bigimage/n_v26a96466173854bb5bfe20092e98d04f7.jpg","https://pic2.58cdn.com.cn/m1/bigimage/n_v25355cc95d59148388d5455286e921939.jpg"],"title":"晒工资"},{"rightlabel":"","logParam":"","log_param":"3,1000000000,1157400003,0,kong2,1,from10,hot","subtitle":"1167条新帖","action":"wbmain://jump/core/common?params=%7B%22url%22%3A%22https%3A%2F%2Fapp.58.com%2Fapi%2Fcommunity%2Fhomepage%2Fentry%3Fcbd%3D1157400003%26referrer%3D10%22%7D","style":true,"avatar":["https://pic3.58cdn.com.cn/m1/bigimage/n_v20e8dc29f223041ae8c1d7b23b0c5edd4.jpg","https://pic3.58cdn.com.cn/m1/bigimage/n_v27d9cb502263144f49f7209b799df0c00.gif","https://pic2.58cdn.com.cn/m1/bigimage/n_v23796eb356bcd44218b2c0221810bfa67.jpg"],"title":"打工生活"},{"rightlabel":"","logParam":"","log_param":"4,400000000,400000003,0,kong2,1,from10,hot","subtitle":"647条新帖","action":"wbmain://jump/core/common?params=%7B%22url%22%3A%22https%3A%2F%2Fapp.58.com%2Fapi%2Fcommunity%2Fhomepage%2Fentry%3Fcbd%3D400000003%26referrer%3D10%22%7D","style":true,"avatar":["https://pic5.58cdn.com.cn/m1/bigimage/n_v22d2b20a57cd04ebeaf3de3d29d499f41.jpg","https://pic7.58cdn.com.cn/m1/bigimage/n_v24ac95b521fda4b62bab409d8855ffe37.jpg","https://pic2.58cdn.com.cn/m1/bigimage/n_v243aeb6f146284b4f86cb8a298f50f3c8.jpg"],"title":"晒自拍"}]}
			},
				{
			"controller_weather":  "https://platform.58.com/indexweather/indexdata/"
		}
	]
}