{
  "data": [
    {
      "tz_section_gap": {
        "color": "f3f3f3",
        "height": 1
      }
    },
    {
      "tz_icon_list": {
        "data": [
          {
            "action": "",
            "cateid": "1000001",
            "icon": "https://img.58cdn.com.cn/weixin/r/tongzhen/bst_index01.png",
            "listname": "shunfengche",
            "name": "顺风车"
          },
          {
            "action": "",
            "cateid": "1000002",
            "icon": "https://img.58cdn.com.cn/weixin/r/tongzhen/bst_index02.png",
            "listname": "zhaopinqiuzhi",
            "name": "招聘求职"
          },
          {
            "action": "",
            "cateid": "1000003",
            "icon": "https://img.58cdn.com.cn/weixin/r/tongzhen/bst_index03.png",
            "listname": "fangchanjiaoyi",
            "name": "房产交易"
          },
          {
            "action": "",
            "cateid": "1000004",
            "icon": "https://img.58cdn.com.cn/weixin/r/tongzhen/bst_index04.png",
            "listname": "bendituiguang",
            "name": "本地推广"
          },
          {
            "action": "",
            "cateid": "1000005",
            "icon": "https://img.58cdn.com.cn/weixin/r/tongzhen/bst_index05.png",
            "listname": "cheliangjiaoyi",
            "name": "车辆交易"
          },
          {
            "action": "",
            "cateid": "1000006",
            "icon": "https://img.58cdn.com.cn/weixin/r/tongzhen/bst_index06.png",
            "listname": "wupinzushou",
            "name": "物品租售"
          },
          {
            "action": "",
            "cateid": "1000007",
            "icon": "https://img.58cdn.com.cn/weixin/r/tongzhen/bst_index07.png",
            "listname": "jiaoyoudating",
            "name": "交友打听"
          },
          {
            "action": "",
            "cateid": "1000008",
            "icon": "https://img.58cdn.com.cn/weixin/r/tongzhen/bst_index08.png",
            "listname": "dianhuadaquan",
            "name": "电话大全"
          }
        ]
      }
    },
    {
      "tz_section_gap": {
        "color": "f3f3f3",
        "height": 10
      }
    },
    {
      "tz_info_list": {
        "data": [
          {
            "action": "",
            "image": "",
            "tags": [
              {
                "color": "FF552E",
                "title": "招聘"
              }
            ],
            "timestamp": "1分钟前",
            "title": "招聘销售精英两名，性别不限，年龄不限，工作时间自由。联系人李经理。"
          },
          {
            "action": "",
            "image": "",
            "tags": [
              {
                "color": "FF552E",
                "title": "招聘"
              }
            ],
            "timestamp": "1分钟前",
            "title": "语言培训学校现招聘：专业幼师，口才老师；要求：相关专业毕业年龄25-35岁之间，性格活泼开朗，认真负责，对孩子有爱心， 有责任心。"
          },
          {
            "action": "",
            "image": "",
            "tags": [
              {
                "color": "FF552E",
                "title": "招聘"
              }
            ],
            "timestamp": "3分钟前",
            "title": "招聘厨师6000元，切菜3500元，烤串4500元，包饺子工3000元，服务员3000元，要求年龄25-40岁，能吃苦耐劳，有工作经验者优先，报销往返路费电话。"
          },
          {
            "action": "",
            "image": "",
            "tags": [
              {
                "color": "FF552E",
                "title": "出售"
              }
            ],
            "timestamp": "5分钟前",
            "title": "现有大量机制炭批发，无任何添加，易燃耐用，可燃三至五小时，超低价格，每件批发价25元。"
          },
          {
            "action": "",
            "image": "",
            "tags": [
              {
                "color": "FF552E",
                "title": "出售"
              }
            ],
            "timestamp": "5分钟前",
            "title": "出售两台四轮车，两台胶轮打草机，一台牧业耙子，还有四米长四轮大挂，有买的请联系我"
          }
        ],
        "subtitle": "",
        "title": ""
      }
    }
  ],
  "indexver": "1497959283566",
  "infocode": "000000"
}