{
  "isWbmainJump": 1,
  "defaultindex": 0,
  "ABMark": "null",
  "action": "pagetrans",
  "tradeline": "car",
  "pagetype": "usedCarTab",
  "cate": {
    "type": "cate",
    "loadingtype": 2,
    "search_title": "品牌或车系",
    "list_name": "car",
    "title": "二手车",
    "tabtitle": "二手车",
    "tabicon": "home",
    "tabhighLightIcon": "home_press",
    "url": "https://app.58.com/web/list/@local@/ershouche?-20=esccate&showtab=true&pid=1674",
    "showpub": true
  },
  "list": {
    "type": "list",
    "recovery": false,
    "filterparams": {},
    "search_title": "品牌或车系",
    "list_name": "ershouche",
    "cateid": "29",
    "show_search_btn": true,
    "data_url": "https://wireless.58.com/api/list",
    "title": "二手车",
    "local_name": "",
    "show_thumb": true,
    "cate_fullpath": "4,29",
    "item_tpl": "ershouche",
    "use_cache": false,
    "show_sift": true,
    "meta_url": "https://app.58.com/api/list",
    "tabtitle": "买车",
    "tabicon": "buy",
    "tabhighLightIcon": "buy_press"
  },
  "carIngredients": {
    "type": "carIngredients",
    "loadingtype": 2,
    "title": "部落",
    "tabtitle": "部落",
    "tabicon": "carIngredients",
    "tabhighLightIcon": "carIngredients_press",
    "url": "https://news.58.com/view/other/list?&channel=3&utm_source=2shouche-news&tagid=5592&type=tagid"
  },
  "publish": {
    "type": "publish",
    "loadingtype": 2,
    "title": "卖车",
    "tabtitle": "卖车",
    "tabicon": "sale",
    "tabhighLightIcon": "sale_press",
    "url": "https://j1.58cdn.com.cn/escstatic/m58/m3/html/car/appcate/publishcar.html"
  },
  "service": {
    "type": "service",
    "loadingtype": 2,
    "title": "服务",
    "tabtitle": "服务",
    "tabicon": "service",
    "tabhighLightIcon": "service_press",
    "url": "https://app.58.com/web/list/@local@/ershouche?-30=escservice"
  }
}