{
  "list" :[
    {
      "name":"主框架",
      "list":[
        {
          "name":"首页",
          "newProtocol":"wbmain://jump/core/main",
          "oldProtocol":{
            "action":"pagetrans",
            "tradeline":"core",
            "content":{
              "pagetype":"main"
            }
          }
        },
        {
          "name":"个人中心",
          "newProtocol":"wbmain://jump/core/main",
          "newParams":{
            "tab":"personCenter"
          },
          "oldProtocol":{
            "action":"pagetrans",
            "tradeline":"core",
            "content":{
              "pagetype":"personcenter"
            }
          }
        },
        {
          "name":"个人信息",
          "newProtocol":"wbmain://jump/core/userInfoDetail?isLogin=true",
          "oldProtocol":{
            "action":"pagetrans",
            "tradeline":"core",
            "content":{
              "pagetype":"userInfoDetail"
            }
          }
        },
        {
          "name":"认证",
          "newProtocol":"wbmain://jump/core/authStatePage?isLogin=true",
          "oldProtocol":{
            "action":"pagetrans",
            "tradeline":"core",
            "content":{
              "pagetype":"authStatePage"
            }
          }
        },
        {
          "name":"登陆",
          "newProtocol":"wbmain://jump/core/login",
          "oldProtocol":{
            "action":"pagetrans",
            "tradeline":"core",
            "content":{
              "pagetype":"login"
            }
          }
        },
        {
          "name":"我的收藏",
          "newProtocol":"wbmain://jump/core/collect?isLogin=true",
          "oldProtocol":{
            "action":"pagetrans",
            "tradeline":"core",
            "content":{
              "pagetype":"myfavor"
            }
          }
        },
        {
          "name":"猜你喜欢",
          "newProtocol":"wbmain://jump/core/guessFavor",
          "oldProtocol":{
            "action":"pagetrans",
            "tradeline":"core",
            "content":{
              "pagetype":"guessfavor"
            }
          }
        },
        {
          "name":"浏览历史",
          "newProtocol":"wbmain://jump/core/history?params={\"historyrecordtype\":\"dial\",\"categoryname\":\"二手车\"}",
          "newParams":{
            "historyrecordtype": "dial",
            "categoryname": "二手车"
          },
          "oldProtocol":{
            "action":"pagetrans",
            "tradeline":"core",
            "content":{
              "pagetype":"myhistory",
              "categoryname":"全职招聘",
              "historyrecordtype":"filter"
            }
          }
        },
        {
          "name":"我的招聘",
          "newProtocol":"wbmain://jump/core/myJob",
          "oldProtocol":{
            "action":"pagetrans",
            "tradeline":"core",
            "content":{
              "pagetype":"myrecruitment"
            }
          }
        },
        {
          "name":"更多",
          "newProtocol":"wbmain://jump/core/more",
          "oldProtocol":{
            "action":"pagetrans",
            "tradeline":"core",
            "content":{
              "pagetype":"more"
            }
          }
        },
        {
          "name":"消息管理",
          "newProtocol":"wbmain://jump/core/msgSetting",
          "oldProtocol":{
            "action":"pagetrans",
            "tradeline":"core",
            "content":{
              "pagetype":"setting"
            }
          }
        },
        {
          "name":"用户反馈",
          "newProtocol":"wbmain://jump/core/feedback",
          "oldProtocol":{
            "action":"pagetrans",
            "tradeline":"core",
            "content":{
              "pagetype":"userfeedback"
            }
          }
        },
        {
          "name":"用户帮助",
          "newProtocol":"wbmain://jump/core/help",
          "oldProtocol":{
            "action":"pagetrans",
            "tradeline":"core",
            "content":{
              "pagetype":"userhelp"
            }
          }
        },
        {
          "name":"关于",
          "newProtocol":"wbmain://jump/core/about",
          "oldProtocol":{
            "action":"pagetrans",
            "tradeline":"core",
            "content":{
              "pagetype":"about"
            }
          }
        },
        {
          "name":"切换城市",
          "newProtocol":"wbmain://jump/core/changeCity?params={\"source\": \"job\",\"action\":\"changeTitle\",\"content\":{\"title\":\"全国\",\"extra\":\"\"}}",
          "oldProtocol":{
            "action":"pagetrans",
            "tradeline":"core",
            "content":{
              "pagetype":"changecity"
            }
          }
        },
        {
          "name":"刷新提醒",
          "newProtocol":"wbmain://jump/core/refreshRemind",
          "oldProtocol":{
            "action":"pagetrans",
            "tradeline":"core",
            "content":{
              "pagetype":"refreshRemind"
            }
          }
        },
        {
          "name":"任务中心",
          "newProtocol":"wbmain://jump/core/taskCenter",
          "oldProtocol":{
            "action":"pagetrans",
            "tradeline":"core",
            "content":{
              "pagetype":"taskCenter"
            }
          }
        },
        {
          "name":"消息中心",
          "newProtocol":"wbmain://jump/core/msgCenter",
          "oldProtocol":{
            "action":"pagetrans",
            "tradeline":"core",
            "content":{
              "pagetype":"msgcenter"
            }
          }
        },
        {
          "name": "web列表页",
          "newProtocol": "wbmain://jump/core/list",
          "newParams":{
            "title": "短租房",
            "url": "http://webapp.58.com/bj/duanzu/?formatsource=list_topcate"
          },
          "oldProtocol": {
            "action": "loadpage",
            "pagetype": "list",
            "title": "短租房",
            "url": "http://webapp.58.com/bj/duanzu/?formatsource=list_topcate"
          }
        },
        {
          "name": "我的预约",
          "newProtocol": "wbmain://jump/core/appointment?isLogin=true",
          "newParams":{
            "title": "我的预约",
            "top_right": "hide",
            "url": "http://order.58.com/ordermanage/apporder"
          },
          "oldProtocol": {
            "action": "loadpage",
            "pagetype": "myappointment",
            "title": "我的预约",
            "top_right": "hide",
            "url": "http://order.58.com/ordermanage/apporder"
          }
        },
        {
          "name": "web详情页",
          "newProtocol": "wbmain://jump/core/detail",
          "newParams":{
            "url": "http://short.58.com/zd_a/07042e81-c0ac-4681-bba9-4cdfcda07700/?target=j-zpdmww-16-xgk_dc_uvmohv_39737590843553q-feykn&end=end",
            "title": "详情",
            "showarea": "false",
            "showpub": false,
            "isfinish": "false",
            "backtoroot": false,
            "showsift": "false"
          },
          "oldProtocol": {
            "action": "loadpage",
            "pagetype": "detail",
            "url": "http://short.58.com/zd_a/07042e81-c0ac-4681-bba9-4cdfcda07700/?target=j-zpdmww-16-xgk_dc_uvmohv_39737590843553q-feykn&end=end",
            "title": "详情",
            "showarea": "false",
            "showpub": false,
            "isfinish": "false",
            "backtoroot": false,
            "showsift": "false"
          }
        },
        {
          "name": "link页(58到家)",
          "newProtocol": "wbmain://jump/core/link",
          "newParams":{
            "title": "58到家",
            "text": "",
            "url_format": true,
            "locate_demand": "1",
            "zoom": false,
            "backtoroot": "true",
            "url_city": true,
            "list_name": "58daojia",
            "nostep": false,
            "url": "http://t.jzt.58.com/homepage/index?hmsr=58_app_shouye_home"
          },
          "oldProtocol": {
            "action": "pagetrans",
            "tradeline": "core",
            "content": {
              "title": "58到家",
              "text": "",
              "url_format": true,
              "locate_demand": "1",
              "zoom": false,
              "backtoroot": "true",
              "pagetype": "link",
              "url_city": true,
              "list_name": "58daojia",
              "nostep": false,
              "url": "http://t.jzt.58.com/homepage/index?hmsr=58_app_shouye_home"
            }
          }
        },
        {
          "name": "发布页",
          "newProtocol": "wbmain://jump/core/publish",
          "newParams":{
            "title": "整套出租",
            "showsift": "false",
            "backtoroot": false,
            "showarea": "false",
            "url": "http://p.webapp.58.com/1/8/s5?s5&topcate=house&currentcate=zufang&id=8&location=1,1142,7551&geotype=baidu&geoia=39.993581,116.512194&formatsource=home&cversion=7.1.5.0"
          },
          "oldProtocol": {
            "title": "整套出租",
            "showsift": "false",
            "action": "loadpage",
            "backtoroot": false,
            "pagetype": "publish",
            "showarea": "false",
            "url": "http://p.webapp.58.com/1/8/s5?s5&topcate=house&currentcate=zufang&id=8&location=1,1142,7551&geotype=baidu&geoia=39.993581,116.512194&formatsource=home&cversion=7.1.5.0"
          }
        },
        {
          "name": "回退刷新页",
          "newProtocol": "wbmain://jump/core/backReload",
          "newParams":{
            "title": "58到家",
            "text": "",
            "url_format": true,
            "locate_demand": "1",
            "zoom": false,
            "backtoroot": "true",
            "url_city": true,
            "list_name": "58daojia",
            "nostep": false,
            "url": "http://t.jzt.58.com/homepage/index?hmsr=58_app_shouye_home"
          },
          "oldProtocol": {
            "action": "pagetrans",
            "tradeline": "core",
            "content": {
              "title": "58到家",
              "text": "",
              "url_format": true,
              "locate_demand": "1",
              "zoom": false,
              "backtoroot": "true",
              "pagetype": "backreload",
              "url_city": true,
              "list_name": "58daojia",
              "nostep": false,
              "url": "http://t.jzt.58.com/homepage/index?hmsr=58_app_shouye_home"
            }
          }
        },
        {
          "name": "我的发布",
          "newProtocol": "wbmain://jump/core/myPublish",
          "oldProtocol": {
            "action": "pagetrans",
            "tradeline": "core",
            "content": {
              "pagetype": "mypublish"
            }
          }
        },
        {
          "name": "发布类别选择页",
          "newProtocol": "wbmain://jump/core/publishCate",
          "oldProtocol": {
            "action": "pagetrans",
            "tradeline": "core",
            "content": {
              "pagetype": "publish_category"
            }
          }
        },
        {
          "name": "我的订阅",
          "newProtocol": "wbmain://jump/core/subscriptionList",
          "newParams":{
            "title": "我的订阅",
            "top_right": "hide",
            "url": "http://app.58.com/api/sub/index"
          },
          "oldProtocol": {
            "action": "pagetrans",
            "tradeline": "core",
            "content": {
              "pagetype": "subscription_list",
              "title": "我的订阅",
              "top_right": "hide",
              "url": "http://app.58.com/api/sub/index"
            }
          }
        },
        {
          "name": "单个订阅页",
          "newProtocol": "wbmain://jump/core/subscription",
          "newParams":{
            "title": "整租房",
            "showsift": "false",
            "isfinish": "false",
            "backtoroot": false,
            "showpub": false,
            "showarea": "true",
            "url": "http://app.58.com/api/sub/subscribe/8"
          },
          "oldProtocol": {
            "title": "整租房",
            "showsift": "false",
            "isfinish": "false",
            "action": "loadpage",
            "backtoroot": false,
            "pagetype": "subscription",
            "showpub": false,
            "showarea": "true",
            "url": "http://app.58.com/api/sub/subscribe/8"
          }
        },
        {
          "name": "RN发布页",
          "newProtocol": "wbmain://jump/core/RN",
          "newParams":{
            "backtoroot": false,
            "title": "整套出租",
            "bundleid": "2",
            "params": {
              "infoid": "",
              "cateid": "8",
              "type": "",
              "pagestate": "create",
              "catename": "整套出租",
              "needlogin": true
            },
            "url": "http://p.webapp.58.com/483/8/s5?s5&topcate=house&currentcate=zufang&id=8&location=1,1142,7551&geotype=baidu&geoia=39.993388,116.511892&formatsource=home&cversion=7.1.5.0"
          },
          "oldProtocol": {
            "content": {
              "backtoroot": false,
              "pagetype": "RN",
              "title": "整套出租",
              "bundleid": "2",
              "params": {
                "infoid": "",
                "cateid": "8",
                "type": "",
                "pagestate": "create",
                "catename": "整套出租",
                "needlogin": true
              },
              "url": "http://p.webapp.58.com/483/8/s5?s5&topcate=house&currentcate=zufang&id=8&location=1,1142,7551&geotype=baidu&geoia=39.993388,116.511892&formatsource=home&cversion=7.1.5.0"
            },
            "action": "pagetrans",
            "tradeline": "RN"
          }
        },
        {
          "name": "天气",
          "newProtocol": "wbmain://jump/core/weather",
          "newParams":{
            "list_name":"weather",
            "title":"空气质量"
          },
          "oldProtocol": {
            "action": "pagetrans",
            "tradeline":"thirdapps",
            "content":{
              "list_name":"weather",
              "title":"空气质量",
              "pagetype":"weather"
            }
          }
        },
        {
          "name": "资讯视频详情页",
          "newProtocol": "wbmain://jump/core/videodetail",
          "newParams":{
            "videourl": "http://news.58.com/api/windex/getconsultdetail/?cityid=1&id=1177654&channel=10"
          },
          "oldProtocol": {
            "action": "pagetrans",
            "tradeline":"core",
            "content":{
              "pagetype":"videodetail",
              "videourl":"http://news.58.com/api/windex/getconsultdetail/?cityid=1&id=1177654&channel=10"
            }
          }
        },
        {
          "name": "我的钱包",
          "newProtocol": "wbmain://jump/core/wallet?needLogin=true"
        }
      ]
    },

    {
      "name": "第三方",
      "list": [
        {
          "name": "快递查询",
          "newProtocol": "wbmain://jump/kuaidi100/main",
          "oldProtocol": {
            "action": "pagetrans",
            "tradeline": "thirdapps",
            "content": {
              "list_name": "kuaidi100",
              "title": "快递查询",
              "pagetype": "link",
              "text": "快递包裹实时跟踪",
              "url": "",
              "url_format": true,
              "url_city": false,
              "zoom": false,
              "nostep": false,
              "partner": true
            }
          }
        },
        {
          "name": "违章查询",
          "newProtocol": "wbmain://jump/core/thirdLink",
          "newParams":{
            "title": "违章查询",
            "text": "违章信息一目了然",
            "url_format": true,
            "zoom": false,
            "backtype": "1",
            "url_city": true,
            "list_name": "weizhang",
            "partner": true,
            "nostep": false,
            "url": "http://weizhang.58.com/m/view?headpic=0&topban=0&buttomban=1&alertad=1&channelid=3&appsource=3&platform=2"
          },
          "oldProtocol": {
            "action": "pagetrans",
            "tradeline": "thirdapps",
            "content": {
              "title": "违章查询",
              "text": "违章信息一目了然",
              "url_format": true,
              "zoom": false,
              "backtype": "1",
              "pagetype": "link",
              "url_city": true,
              "list_name": "weizhang",
              "partner": true,
              "nostep": false,
              "url": "http://weizhang.58.com/m/view?headpic=0&topban=0&buttomban=1&alertad=1&channelid=3&appsource=3&platform=2"
            }
          }
        }
      ]
    },

    {
      "name": "二手业务线",
      "newProtocol":"wbmain://jump/sale/demo"
    },

    {
      "name": "房产业务线",
      "newProtocol":"wbmain://jump/house/demo"
    },

    {
      "name": "招聘业务线",
      "newProtocol":"wbmain://jump/job/demo"
    },

    {
      "name": "二手车业务线",
      "newProtocol":"wbmain://jump/car/demo"
    },

    {
      "name": "黄页业务线",
      "newProtocol":"wbmain://jump/huangye/demo"
    },
    {
      "name": "视频播放页",
      "newProtocol": "wbmain://jump/core/video",
      "newParams": {
        "title": "不一样的视频",
        "params": "car,188632232",
        "url": "http://58toutiao-10011010.video.myqcloud.com/default/811393425386532864.mp4",
        "picurl": "https://pic5.58cdn.com.cn/anjuke_58/22ea2aec018ad07116a0c078d6ba74f3?w=240&h=180&crop=1?postsourceid=20",
        "autoplay": true
      },
      "oldProtocol": {
        "action": "pagetrans",
        "tradeline": "core",
        "content": {
          "title": "不一样的视频",
          "params": "car,188632232",
          "url": "http://58toutiao-10011010.video.myqcloud.com/default/811393425386532864.mp4",
          "picurl": "https://pic5.58cdn.com.cn/anjuke_58/22ea2aec018ad07116a0c078d6ba74f3?w=240&h=180&crop=1?postsourceid=20",
          "autoplay": true,
          "pagetype": "video"

        }
      }
    },
    {
      "name": "人脸识别页面",
      "newProtocol": "wbmain://jump/core/faceDetector",
      "newParams": {
        "type": "male",
        "url": "wbmain://jump/core/common"
      },
      "oldProtocol": {
        "action": "pagetrans",
        "tradeline": "core",
        "content": {
          "pagetype": "faceDetector"
        }
      }
    },
    {
      "name": "圈子地图找人",
      "newProtocol": "wbmain://jump/core/circleMap",
      "newParams":{
        "title":"地图找人",
        "lon": 116.510936,
        "lat": 39.993504,
        "areaid":"7551",
        "tipContent":"周围有302个小伙伴，去看看他们是谁吧"
      },
      "oldProtocol": {
        "action": "pagetrans",
        "tradeline": "core",
        "content": {
          "pagetype": "circleMap",
          "title":"地图找人",
          "lon": 116.493506,
          "lat": 39.973929,
          "areaid":"7551",
          "tipContent":"周围有302个小伙伴，去看看他们是谁吧"
        }
      }
    },
    {
      "name": "家乡版首页信息流页面",
      "newProtocol": "wbmain://jump/core/newsfeed",
      "newParams": {
        "townid": "440201000000",
        "fulltownid": "440000000000-440200000000-440201000000",
        "cityid": "2192"
      },
      "commonQuery": {
        "needLogin": true
      }
    }

  ]
}