{
  "list": [
    {
      "name": "二手房大类页",
      "newProtocol": "wbmain://jump/houseajk/houseCategory",
      "newParams":{
        "title": "二手房",
        "list_name": "ershoufang",
        "url": "https://appfang.58.com/app/ershoufang/getTabConfig"
      },
      "oldProtocol": {
      }
    },
    {
      "name": "二手房列表页",
      "newProtocol": "wbmain://jump/houseajk/list",
      "newParams": {
        "cateid": "12",
        "title": "二手房",
        "tradeline": "houseajk",
        "pagetype": "list",
        "list_name": "ershoufang",
        "meta_url": "https://appfang.58.com/api/list"
      },
      "oldProtocol": {
      }
    },
    {
      "name": "二手房详情页",
      "newProtocol": "wbmain://jump/houseajk/detail",
      "newParams": {
        "pagetype": "detail",
        "infoLog": "label=&from=",
        "is_supportLive": false,
        "infoID": 36118512927942,
        "use_cache": false,
        "list_name": "ershoufang",
        "isWorryFree": false,
        "title": "详情",
        "local_name": "bj",
        "userID": "37675603961103",
        "infoSource": "6",
        "charge_url": "https://short.58.com/zd_a/4627e94c-1003-4932-9c24-bca22be9b1ba/?target=jzpdmww-16-xgk_dc_psfegvimob_89776173230253q-feykn&end=end",
        "commondata": {
          "pagesource": 0
        },
        "detailLog": "product=zhiding@infolabel=@type=fufei@from=1-list-0",
        "isPanoramic": false,
        "action": "pagetrans",
        "recomInfo": true,
        "countType": "1",
        "full_path": "1,12",
        "data_url": "https://appfang.58.com/api/detail"
      },
      "oldProtocol": {
      }
    }
  ]
}