{
  "list": [
    {
      "name": "全职招聘",
      "newProtocol": "wbmain://jump/job/fullTimeCate",
      "newParams":{
        "locate_demand": 0,
        "backtoroot": false,
        "showpub": false,
        "showarea": false,
        "url": "https://zprecommend.58.com/api/jobindex",
        "recovery": false,
        "title": "全职招聘",
        "showsift": true,
        "isfinish": false,
        "full": false,
        "action": "open_cate",
        "is_recent": false,
        "partner": false,
        "list_name": "job",
        "nostep": false
      },
      "oldProtocol": {
        "content": {
          "locate_demand": 0,
          "backtoroot": false,
          "showpub": false,
          "showarea": false,
          "url": "https://zprecommend.58.com/api/jobindex",
          "recovery": false,
          "title": "全职招聘",
          "showsift": true,
          "isfinish": false,
          "full": false,
          "tradeline": "job",
          "action": "open_cate",
          "pagetype": "childcate",
          "is_recent": false,
          "partner": false,
          "list_name": "job",
          "nostep": false
        },
        "action": "pagetrans",
        "tradeline": "job"
      }
    },
    {
      "name": "所有类别",
      "newProtocol": "wbmain://jump/job/allCate",
      "newParams":{
        "list_name": "job",
        "showsift": true,
        "url": "https://jlwebapp.58.com/recruit.xml"
      },
      "oldProtocol": {
        "content": {
          "action": "pagetrans",
          "pagetype": "all_cate",
          "list_name": "job",
          "showsift": true,
          "url": "https://jlwebapp.58.com/recruit.xml"
        },
        "action": "pagetrans",
        "tradeline": "job"
      }
    },
    {
      "name": "热门职位",
      "newProtocol": "wbmain://jump/job/hotJobs",
      "newParams":{
        "showsift": true
      },
      "oldProtocol": {
        "action": "pagetrans",
        "tradeline": "job",
        "content": {
          "action": "pagetrans",
          "pagetype": "hot_jobs",
          "showsift": true
        }
      }
    },
    {
      "name": "简历库大类页",
      "newProtocol": "wbmain://jump/job/cateResume",
      "newParams":{
        "recomInfo": false,
        "title": "简历库",
        "full_path": "574",
        "use_cache": true,
        "url": "https://jlwebapp.58.com/resumebigcate/version"
      },
      "oldProtocol": {
        "content": {
          "recomInfo": false,
          "action": "pagetrans",
          "pagetype": "cate_resume",
          "title": "简历库",
          "full_path": "574",
          "use_cache": true,
          "url": "https://jlwebapp.58.com/resumebigcate/version"
        },
        "action": "pagetrans",
        "tradeline": "job"
      }
    },
    {
      "name": "简历列表页",
      "newProtocol": "wbmain://jump/job/listResume",
      "newParams":{
        "cateid": "13139",
        "title": "销售",
        "filterParams": {},
        "list_name": "qzyewu",
        "meta_url": "https://jlwebapp.58.com/list/resumelist",
        "params": {
          "cmcstitle": "销售"
        }
      },
      "oldProtocol": {
        "content": {
          "cateid": "13139",
          "title": "销售",
          "filterParams": {},
          "pagetype": "list_resume",
          "list_name": "qzyewu",
          "meta_url": "https://jlwebapp.58.com/list/resumelist",
          "params": {
            "cmcstitle": "销售",
            "filterParamStr":"{\"local\":\"1195\",\"cmcspid\":\"13151\",\"experience\":\"1\",\"education\":\"1,2,6\"}"
          }
        },
        "action": "pagetrans",
        "tradeline": "job"
      }
    },
    {
      "name": "接受邀请页面",
      "newProtocol": "wbmain://jump/job/acceptInvite",
      "newParams":{
        "title":"已接受邀请",
        "showsift": false
      },
      "oldProtocol": {
        "content": {
          "action": "pagetrans",
          "pagetype": "acceptInvite",
          "title":"已接受邀请",
          "showsift": false,
          "common_params":{
            "time":"2016-7-2",
            "address":"ahdfkjha;",
            "phone_number":"18510481082"
          }
        },
        "action": "pagetrans",
        "tradeline": "job"
      }
    },
    {
      "name": "我的求职页面",
      "newProtocol": "wbmain://jump/job/myJobCenter",
      "newParams":{
        "title":"我的求职",
        "showsift": false
      },
      "oldProtocol": {
        "content": {
          "action": "pagetrans",
          "pagetype": "myJobCenter",
          "title":"我的求职",
          "showsift": false
        },
        "action": "pagetrans",
        "tradeline": "job"
      }
    },
    {
      "name": "急招页面",
      "newProtocol": "wbmain://jump/job/shipping",
      "newParams":{
        "url":"https://zprecommend.58.com/api/abtest?ptype=appjizhaodispcatelist",
        "title":"急招职位",
        "showsift": false
      },
      "oldProtocol": {
        "content": {
          "action": "pagetrans",
          "pagetype": "shipping",
          "title":"急招职位",
          "url":"https://zprecommend.58.com/api/abtest?ptype=appjizhaodispcatelist",
          "showsift": false
        },
        "action": "pagetrans",
        "tradeline": "job"
      }
    },
    {
      "name": "[兼职]兼职招聘",
      "newProtocol": "wbmain://jump/job/partTimeCate",
      "newParams":{
        "list_name": "jianzhi",
        "title": "兼职",
        "showsift": true,
        "url": "http://app.58.com/api/list/jianzhi"
      },
      "oldProtocol": {
        "action": "pagetrans",
        "content": {
          "pagetype": "open_pt_cate",
          "list_name": "jianzhi",
          "title": "兼职",
          "showsift": true,
          "url": "http://app.58.com/api/list/jianzhi"
        },
        "tradeline": "job"
      }
    },
    {
      "name": "[兼职]我的申请职位状态",
      "newProtocol": "wbmain://jump/job/ptApplyDetail",
      "newParams":{
        "data-id": "1290857775350418",
        "infoid": "27505157762749",
        "action": "pagetrans"
      },
      "oldProtocol": {
        "content": {
          "data-id": "1290857775350418",
          "infoID": "27505157762749",
          "pagetype": "ptApplyDetail",
          "action": "pagetrans"
        },
        "action": "pagetrans",
        "tradeline": "job"
      }
    },
    {
      "name": "[兼职]进入职位详情页打分页",
      "newProtocol": "wbmain://jump/job/ptEvaluate",
      "newParams":{
        "infoid": "27505157762749"
      }
    },
    {
      "name": "[兼职]轻兼职",
      "newProtocol": "wbmain://jump/job/ptOnlineHome",
      "newParams":{
        "title": "做任务赚现金"
      }
    },
    {
      "name": "[兼职]兼职邀约",
      "newProtocol": "wbmain://jump/job/ptInviteBhome",
      "newParams":{
        "title": "兼职邀约"
      }
    },
    {
      "name": "[兼职]收到的邀约",
      "newProtocol": "wbmain://jump/job/ptInviteChome",
      "newParams":{
        "title": "收到的邀约"
      }
    },
    {
      "name":"[兼职]应聘简历页",
      "newProtocol":"wbmain://jump/core/link",
      "newParams":{
        "title": "应聘简历",
        "url":"https://jlwebapp.58.com/interviewinvitereceive/1/"
      }
    },
    {
      "name":"[兼职]职位详情页",
      "newProtocol":"wbmain://jump/job/detail",
      "newParams":{
      "recomInfo": "false",
      "use_cache": "true",
      "infoID": "29088702198203",
      "full_path": "13941,13945",
      "infoSource": "6",
      "data_url": "https://app.58.com/api/detail",
      "userID": "42388487176211",
      "title": "详情",
      "local_name": "bj",
      "pagetype": "detail",
      "list_name": "xiaoshoucuxiao",
      "countType": "3"
    }
    },
    {
      "name": "兼职列表页", // 添加注释
      "newProtocol": "wbmain://jump/job/list", // 添加注释
      "newParams": {
        "cateid": "28923",
        "filterParams": {
          "filtercate": "fachuandan",
          "cmcspid": "28923"
        },
        "list_name": "jianzhi",
        "meta_url": "https://app.58.com/api/list",
        "params": {
          "cmcstitle": "传单派发"
        },
        "title": "传单派发"
      },
      "oldProtocol": {
        "action": "pagetrans",
        "content": {
          "action": "pagetrans",
          "cateid": "28923",
          "filterParams": {
            "filtercate": "fachuandan",
            "cmcspid": "28923"
          },
          "list_name": "jianzhi",
          "meta_url": "https://app.58.com/api/list",
          "pagetype": "list",
          "params": {
            "cmcstitle": "传单派发"
          },
          "title": "传单派发"
        },
        "tradeline": "job"
      }
    },
    {
      "name": "招聘测试web页面", //
      "newProtocol": "wbmain://jump/core/link", // 跳转web页
      "newParams": {
        "url": "http://static.58.com/58appjob/58app/html/58appactiontest.html", // 链接
        "title": "招聘测试web页面"
      },
      "oldProtocol": {
        "action": "loadpage",
        "content": {
          "url": "http://static.58.com/58appjob/58app/html/58appactiontest.html",
          "pagetype": "link",
          "title": "招聘测试web页面"
        },
        "tradeline": "core"
      }
    },
    {
      "name": "收入余额",
      "newProtocol": "wbmain://jump/job/ptBalance?needLogin=true",
      "newParams":{
      }
    },
    {
      "name": "我的任务",
      "newProtocol": "wbmain://jump/job/ptMyTask?needLogin=true",
      "newParams":{
      }
    },
    {
      "name": "提现",
      "newProtocol": "wbmain://jump/job/ptWithDraw?needLogin=true",
      "newParams":{
      }
    }
  ]
}