[
  {
    "featureType": "background",
    "elementType": "geometry",
    "stylers": {
      "color": "#f1f0f4ff"
    }
  },
  {
    "featureType": "highway",
    "elementType": "all",
    "stylers": {
      "lightness": 53,
      "saturation": -17
    }
  },
  {
    "featureType": "subway",
    "elementType": "geometry",
    "stylers": {
      "lightness": 58,
      "saturation": -20
    }
  },
  {
    "featureType": "railway",
    "elementType": "all",
    "stylers": {
      "lightness": 71,
      "saturation": -20
    }
  },
  {
    "featureType": "poilabel",
    "elementType": "all",
    "stylers": {
      "lightness": 12,
      "saturation": -36
    }
  },
  {
    "featureType": "town",
    "elementType": "all",
    "stylers": {
      "visibility": "off"
    }
  },
  {
    "featureType": "district",
    "elementType": "all",
    "stylers": {
      "visibility": "off"
    }
  },
  {
    "featureType": "water",
    "elementType": "all",
    "stylers": {
      "color": "#d4e4f2ff"
    }
  },
  {
    "featureType": "green",
    "elementType": "all",
    "stylers": {
      "color": "#d1e8c7ff"
    }
  },
  {
    "featureType": "subwaystation",
    "elementType": "all",
    "stylers": {
      "color": "#674ea7ff",
      "lightness": 73,
      "saturation": -4
    }
  }
]
