{"v":"5.5.9","fr":30,"ip":0,"op":196,"w":322,"h":66,"nm":"弹窗","ddd":0,"assets":[{"id":"image_0","w":46,"h":46,"u":"images/","p":"img_0.png","e":0},{"id":"comp_0","layers":[{"ddd":0,"ind":1,"ty":2,"nm":"箭头.png","cl":"png","refId":"image_0","sr":1,"ks":{"o":{"a":1,"k":[{"i":{"x":[0.4],"y":[1]},"o":{"x":[0.6],"y":[0]},"t":135,"s":[0],"e":[100]},{"t":165}],"ix":11},"r":{"a":0,"k":0,"ix":10},"p":{"a":1,"k":[{"i":{"x":0.4,"y":1},"o":{"x":0.6,"y":0},"t":135,"s":[23,-23.5,0],"e":[23,23,0],"to":[0,7.75,0],"ti":[0,-7.75,0]},{"t":165}],"ix":2},"a":{"a":0,"k":[23,23,0],"ix":1},"s":{"a":0,"k":[100,100,100],"ix":6}},"ao":0,"ip":0,"op":300,"st":0,"bm":0},{"ddd":0,"ind":2,"ty":2,"nm":"箭头.png","cl":"png","refId":"image_0","sr":1,"ks":{"o":{"a":1,"k":[{"i":{"x":[0.4],"y":[1]},"o":{"x":[0.6],"y":[0]},"t":90,"s":[0],"e":[100]},{"i":{"x":[0.4],"y":[1]},"o":{"x":[0.6],"y":[0]},"t":120,"s":[100],"e":[0]},{"t":150}],"ix":11},"r":{"a":0,"k":0,"ix":10},"p":{"a":1,"k":[{"i":{"x":0.4,"y":1},"o":{"x":0.6,"y":0},"t":90,"s":[23,-23.5,0],"e":[23,23,0],"to":[0,7.75,0],"ti":[0,-15.5,0]},{"i":{"x":0.4,"y":1},"o":{"x":0.6,"y":0},"t":120,"s":[23,23,0],"e":[23,69.5,0],"to":[0,15.5,0],"ti":[0,-7.75,0]},{"t":150}],"ix":2},"a":{"a":0,"k":[23,23,0],"ix":1},"s":{"a":0,"k":[100,100,100],"ix":6}},"ao":0,"ip":0,"op":300,"st":0,"bm":0},{"ddd":0,"ind":3,"ty":2,"nm":"箭头.png","cl":"png","refId":"image_0","sr":1,"ks":{"o":{"a":1,"k":[{"i":{"x":[0.4],"y":[1]},"o":{"x":[0.6],"y":[0]},"t":45,"s":[0],"e":[100]},{"i":{"x":[0.4],"y":[1]},"o":{"x":[0.6],"y":[0]},"t":75,"s":[100],"e":[0]},{"t":105}],"ix":11},"r":{"a":0,"k":0,"ix":10},"p":{"a":1,"k":[{"i":{"x":0.4,"y":1},"o":{"x":0.6,"y":0},"t":45,"s":[23,-23.5,0],"e":[23,23,0],"to":[0,7.75,0],"ti":[0,-15.5,0]},{"i":{"x":0.4,"y":1},"o":{"x":0.6,"y":0},"t":75,"s":[23,23,0],"e":[23,69.5,0],"to":[0,15.5,0],"ti":[0,-7.75,0]},{"t":105}],"ix":2},"a":{"a":0,"k":[23,23,0],"ix":1},"s":{"a":0,"k":[100,100,100],"ix":6}},"ao":0,"ip":0,"op":300,"st":0,"bm":0},{"ddd":0,"ind":4,"ty":2,"nm":"箭头.png","cl":"png","refId":"image_0","sr":1,"ks":{"o":{"a":1,"k":[{"i":{"x":[0.833],"y":[1]},"o":{"x":[0.167],"y":[0]},"t":30,"s":[100],"e":[0]},{"t":60}],"ix":11},"r":{"a":0,"k":0,"ix":10},"p":{"a":1,"k":[{"i":{"x":0.4,"y":1},"o":{"x":0.6,"y":0},"t":30,"s":[23,23,0],"e":[23,69.125,0],"to":[0,7.688,0],"ti":[0,-7.688,0]},{"t":60}],"ix":2},"a":{"a":0,"k":[23,23,0],"ix":1},"s":{"a":0,"k":[100,100,100],"ix":6}},"ao":0,"ip":0,"op":300,"st":0,"bm":0},{"ddd":0,"ind":5,"ty":4,"nm":"形状图层 1","sr":1,"ks":{"o":{"a":0,"k":100,"ix":11},"r":{"a":0,"k":0,"ix":10},"p":{"a":0,"k":[23.03,23.28,0],"ix":2},"a":{"a":0,"k":[0,0,0],"ix":1},"s":{"a":0,"k":[100,100,100],"ix":6}},"ao":0,"shapes":[{"ty":"gr","it":[{"d":1,"ty":"el","s":{"a":0,"k":[46,46],"ix":2},"p":{"a":0,"k":[0,0],"ix":3},"nm":"椭圆路径 1","mn":"ADBE Vector Shape - Ellipse","hd":false},{"ty":"fl","c":{"a":0,"k":[1,0.333333343267,0.180392161012,1],"ix":4},"o":{"a":0,"k":100,"ix":5},"r":1,"bm":0,"nm":"填充 1","mn":"ADBE Vector Graphic - Fill","hd":false},{"ty":"tr","p":{"a":0,"k":[-0.03,-0.28],"ix":2},"a":{"a":0,"k":[0,0],"ix":1},"s":{"a":0,"k":[100,100],"ix":3},"r":{"a":0,"k":0,"ix":6},"o":{"a":0,"k":100,"ix":7},"sk":{"a":0,"k":0,"ix":4},"sa":{"a":0,"k":0,"ix":5},"nm":"变换"}],"nm":"椭圆 1","np":3,"cix":2,"bm":0,"ix":1,"mn":"ADBE Vector Group","hd":false}],"ip":0,"op":300,"st":0,"bm":0}]}],"fonts":{"list":[{"fName":"PingFangSC-Medium","fFamily":"PingFang SC","fStyle":"Medium","ascent":72.7996826171875}]},"layers":[{"ddd":0,"ind":1,"ty":5,"nm":"textPlaceholder","sr":1,"ks":{"o":{"a":0,"k":100,"ix":11},"r":{"a":0,"k":0,"ix":10},"p":{"a":0,"k":[65.903,32.73,0],"ix":2},"a":{"a":0,"k":[1.16,-8.762,0],"ix":1},"s":{"a":0,"k":[100,100,100],"ix":6}},"ao":0,"hasMask":true,"masksProperties":[{"inv":false,"mode":"a","pt":{"a":1,"k":[{"i":{"x":0.833,"y":0.833},"o":{"x":0.6,"y":0},"t":35,"s":[{"i":[[0,0],[0,0],[0,0],[0,0]],"o":[[0,0],[0,0],[0,0],[0,0]],"v":[[0.132,-21.733],[0.132,2.749],[1.257,2.749],[1.257,-21.733]],"c":true}],"e":[{"i":[[0,0],[0,0],[0,0],[0,0]],"o":[[0,0],[0,0],[0,0],[0,0]],"v":[[0.132,-21.733],[0.132,2.749],[229.257,2.749],[229.257,-21.733]],"c":true}]},{"i":{"x":0.833,"y":0.833},"o":{"x":0.167,"y":0},"t":50,"s":[{"i":[[0,0],[0,0],[0,0],[0,0]],"o":[[0,0],[0,0],[0,0],[0,0]],"v":[[0.132,-21.733],[0.132,2.749],[229.257,2.749],[229.257,-21.733]],"c":true}],"e":[{"i":[[0,0],[0,0],[0,0],[0,0]],"o":[[0,0],[0,0],[0,0],[0,0]],"v":[[0.132,-21.733],[0.132,2.749],[229.257,2.749],[229.257,-21.733]],"c":true}]},{"i":{"x":0.833,"y":1},"o":{"x":0.167,"y":0},"t":161,"s":[{"i":[[0,0],[0,0],[0,0],[0,0]],"o":[[0,0],[0,0],[0,0],[0,0]],"v":[[0.132,-21.733],[0.132,2.749],[229.257,2.749],[229.257,-21.733]],"c":true}],"e":[{"i":[[0,0],[0,0],[0,0],[0,0]],"o":[[0,0],[0,0],[0,0],[0,0]],"v":[[0.132,-21.733],[0.132,2.749],[1.257,2.749],[1.257,-21.733]],"c":true}]},{"t":169}],"ix":1},"o":{"a":0,"k":100,"ix":3},"x":{"a":0,"k":0,"ix":4},"nm":"蒙版 1"}],"t":{"d":{"k":[{"s":{"s":26,"f":"PingFangSC-Medium","t":"textPlaceholder","j":0,"tr":0,"lh":31.2,"ls":0,"fc":[1,1,1]},"t":0}]},"p":{},"m":{"g":3,"a":{"a":0,"k":[0,0],"ix":2}},"a":[]},"ip":0,"op":300,"st":0,"bm":0},{"ddd":0,"ind":2,"ty":0,"nm":"箭头","refId":"comp_0","sr":1,"ks":{"o":{"a":0,"k":100,"ix":11},"r":{"a":0,"k":0,"ix":10},"p":{"a":0,"k":[33,33,0],"ix":2},"a":{"a":0,"k":[23,23,0],"ix":1},"s":{"a":0,"k":[100,100,100],"ix":6}},"ao":0,"w":46,"h":46,"ip":0,"op":300,"st":0,"bm":0},{"ddd":0,"ind":3,"ty":4,"nm":"形状图层 2","sr":1,"ks":{"o":{"a":0,"k":100,"ix":11},"r":{"a":0,"k":0,"ix":10},"p":{"a":0,"k":[161,33,0],"ix":2},"a":{"a":0,"k":[0,0,0],"ix":1},"s":{"a":0,"k":[100,100,100],"ix":6}},"ao":0,"shapes":[{"ty":"gr","it":[{"ind":0,"ty":"sh","ix":1,"ks":{"a":0,"k":{"i":[[0,0],[0,0]],"o":[[0,0],[0,0]],"v":[[-128,-0.5],[147,-0.5]],"c":false},"ix":2},"nm":"路径 1","mn":"ADBE Vector Shape - Group","hd":false},{"ty":"tm","s":{"a":0,"k":0,"ix":1},"e":{"a":1,"k":[{"i":{"x":[0],"y":[1]},"o":{"x":[1],"y":[0]},"t":30,"s":[0.01],"e":[93]},{"i":{"x":[0],"y":[1]},"o":{"x":[1],"y":[0]},"t":60,"s":[93],"e":[93]},{"i":{"x":[0],"y":[1]},"o":{"x":[1],"y":[0]},"t":150,"s":[93],"e":[0.01]},{"t":180}],"ix":2},"o":{"a":0,"k":0,"ix":3},"m":1,"ix":2,"nm":"修剪路径 1","mn":"ADBE Vector Filter - Trim","hd":false},{"ty":"st","c":{"a":0,"k":[1,0.333333343267,0.180392161012,1],"ix":3},"o":{"a":0,"k":100,"ix":4},"w":{"a":0,"k":64,"ix":5},"lc":2,"lj":1,"ml":4,"bm":0,"nm":"描边 1","mn":"ADBE Vector Graphic - Stroke","hd":false},{"ty":"tr","p":{"a":0,"k":[0,0],"ix":2},"a":{"a":0,"k":[0,0],"ix":1},"s":{"a":0,"k":[100,100],"ix":3},"r":{"a":0,"k":0,"ix":6},"o":{"a":0,"k":100,"ix":7},"sk":{"a":0,"k":0,"ix":4},"sa":{"a":0,"k":0,"ix":5},"nm":"变换"}],"nm":"形状 1","np":4,"cix":2,"bm":0,"ix":1,"mn":"ADBE Vector Group","hd":false}],"ip":0,"op":300,"st":0,"bm":0}],"markers":[],"chars":[{"ch":"为","size":26,"style":"Medium","w":100,"data":{"shapes":[{"ty":"gr","it":[{"ind":0,"ty":"sh","ix":1,"ks":{"a":0,"k":{"i":[[0,0],[0,0],[0,0],[0,0],[0,0],[0,0],[0,0],[0,0]],"o":[[0,0],[0,0],[0,0],[0,0],[0,0],[0,0],[0,0],[0,0]],"v":[[29.306,5.64],[17.523,5.64],[17.523,-71.301],[29.306,-71.301],[29.306,-78.452],[8.56,-78.452],[8.56,12.79],[29.306,12.79]],"c":true},"ix":2},"nm":"[","mn":"ADBE Vector Shape - Group","hd":false}],"nm":"[","np":3,"cix":2,"bm":0,"ix":1,"mn":"ADBE Vector Group","hd":false}]},"fFamily":"PingFang SC"},{"ch":"你","size":26,"style":"Medium","w":100,"data":{"shapes":[{"ty":"gr","it":[{"ind":0,"ty":"sh","ix":1,"ks":{"a":0,"k":{"i":[[5.841,5.841],[0,0],[-3.424,-4.733],[0,0]],"o":[[0,0],[5.438,5.64],[0,0],[-3.223,-4.633]],"v":[[19.537,-80.264],[12.286,-75.027],[25.58,-59.418],[33.032,-64.554]],"c":true},"ix":2},"nm":"为","mn":"ADBE Vector Shape - Group","hd":false},{"ind":1,"ty":"sh","ix":2,"ks":{"a":0,"k":{"i":[[6.949,7.654],[0,0],[-3.827,-6.345],[0,0]],"o":[[0,0],[6.445,7.755],[0,0],[-3.827,-5.74]],"v":[[55.692,-37.967],[48.038,-33.133],[63.345,-11.984],[71.805,-17.825]],"c":true},"ix":2},"nm":"为","mn":"ADBE Vector Shape - Group","hd":false},{"ind":2,"ty":"sh","ix":3,"ks":{"a":0,"k":{"i":[[0,0],[0,0],[0.201,-3.223],[0,0],[0,0],[0,0],[2.921,-6.949],[13.495,-6.848],[0,0],[-5.942,11.783],[-1.611,12.589],[0,0],[0.604,-10.373],[4.633,-0.403],[5.438,0.504],[0,0],[-5.237,0],[-2.719,8.057],[0,29.407],[0,0],[-0.101,3.424],[0,0]],"o":[[0,0],[-0.101,3.424],[0,0],[0,0],[0,0],[-1.41,9.366],[-4.834,10.574],[0,0],[13.696,-6.445],[4.129,-8.56],[0,0],[0,12.186],[-0.705,10.272],[-4.532,0],[0,0],[3.525,0.302],[6.848,0],[2.518,-8.057],[0,0],[0.201,-3.223],[0,0],[0,0]],"v":[[40.283,-82.581],[40.283,-68.381],[39.78,-58.411],[8.258,-58.411],[8.258,-49.045],[38.773,-49.045],[32.327,-24.573],[4.834,1.511],[10.172,9.97],[39.578,-17.322],[48.239,-49.045],[80.566,-49.045],[79.559,-15.207],[71.603,0.806],[56.598,0],[59.116,9.265],[72.208,9.769],[86.508,-2.316],[90.335,-58.411],[49.146,-58.411],[49.649,-68.381],[49.649,-82.581]],"c":true},"ix":2},"nm":"为","mn":"ADBE Vector Shape - Group","hd":false}],"nm":"为","np":6,"cix":2,"bm":0,"ix":1,"mn":"ADBE Vector Group","hd":false}]},"fFamily":"PingFang SC"},{"ch":"推","size":26,"style":"Medium","w":100,"data":{"shapes":[{"ty":"gr","it":[{"ind":0,"ty":"sh","ix":1,"ks":{"a":0,"k":{"i":[[0,0],[0,0],[0,0],[0,0]],"o":[[0,0],[0,0],[0,0],[0,0]],"v":[[52.972,-36.356],[68.582,-36.356],[68.582,-25.177],[52.972,-25.177]],"c":true},"ix":2},"nm":"推","mn":"ADBE Vector Shape - Group","hd":false},{"ind":1,"ty":"sh","ix":2,"ks":{"a":0,"k":{"i":[[0,0],[0,0],[0,0],[0,0]],"o":[[0,0],[0,0],[0,0],[0,0]],"v":[[52.972,-16.315],[68.582,-16.315],[68.582,-3.827],[52.972,-3.827]],"c":true},"ix":2},"nm":"推","mn":"ADBE Vector Shape - Group","hd":false},{"ind":2,"ty":"sh","ix":3,"ks":{"a":0,"k":{"i":[[0,0],[0,0],[0,0],[0,0],[0,0],[0,0],[0,0],[0,0],[0,0],[0,0],[0,0],[0,0],[0,0],[0,0],[0,0],[0,0],[2.216,6.143],[0,0],[-1.611,-4.834],[0,0],[-1.41,5.035],[0,0],[7.956,-10.675],[0,0],[-2.014,2.921],[0,0],[0,0]],"o":[[0,0],[0,0],[0,0],[0,0],[0,0],[0,0],[0,0],[0,0],[0,0],[0,0],[0,0],[0,0],[0,0],[0,0],[0,0],[-1.208,-5.035],[0,0],[2.014,4.633],[0,0],[2.014,-4.633],[0,0],[-3.223,12.689],[0,0],[2.316,-2.82],[0,0],[0,0],[0,0]],"v":[[52.972,5.338],[95.572,5.338],[95.572,-3.827],[78.049,-3.827],[78.049,-16.315],[92.45,-16.315],[92.45,-25.177],[78.049,-25.177],[78.049,-36.356],[92.45,-36.356],[92.45,-45.319],[78.049,-45.319],[78.049,-56.9],[94.464,-56.9],[94.464,-66.064],[79.056,-66.064],[73.819,-82.782],[64.655,-80.365],[70.093,-66.064],[54.684,-66.064],[59.821,-80.566],[50.555,-82.379],[33.737,-47.433],[36.96,-37.363],[43.506,-45.923],[43.506,9.869],[52.972,9.869]],"c":true},"ix":2},"nm":"推","mn":"ADBE Vector Shape - Group","hd":false},{"ind":3,"ty":"sh","ix":4,"ks":{"a":0,"k":{"i":[[0,0],[0,0],[0,0],[0,0]],"o":[[0,0],[0,0],[0,0],[0,0]],"v":[[68.582,-56.9],[68.582,-45.319],[52.972,-45.319],[52.972,-56.9]],"c":true},"ix":2},"nm":"推","mn":"ADBE Vector Shape - Group","hd":false},{"ind":4,"ty":"sh","ix":5,"ks":{"a":0,"k":{"i":[[0,0],[2.921,-1.208],[0,0],[0,0],[0,0],[0,0],[0,0],[0,0],[0,0],[0,0],[0,0],[0,0],[0,0],[4.733,-1.007],[0,0],[-3.827,1.309],[0,0],[2.618,0],[2.719,0.403],[0,0],[0,0],[0,6.546],[0,0],[-2.82,1.309]],"o":[[-2.82,1.41],[0,0],[0,0],[0,0],[0,0],[0,0],[0,0],[0,0],[0,0],[0,0],[0,0],[0,0],[-4.633,1.41],[0,0],[3.827,-1.108],[0,0],[0,2.417],[-2.518,0],[0,0],[0,0],[6.747,0],[0,0],[2.82,-1.208],[0,0]],"v":[[35.449,-41.895],[26.889,-37.967],[26.889,-55.591],[36.255,-55.591],[36.255,-64.856],[26.889,-64.856],[26.889,-82.581],[17.322,-82.581],[17.322,-64.856],[5.237,-64.856],[5.237,-55.591],[17.322,-55.591],[17.322,-34.442],[3.323,-30.817],[5.74,-21.149],[17.322,-24.774],[17.322,-3.424],[13.394,0.201],[5.539,-0.403],[7.654,8.862],[16.718,8.862],[26.889,-1.007],[26.889,-28.4],[35.449,-32.126]],"c":true},"ix":2},"nm":"推","mn":"ADBE Vector Shape - Group","hd":false}],"nm":"推","np":8,"cix":2,"bm":0,"ix":1,"mn":"ADBE Vector Group","hd":false}]},"fFamily":"PingFang SC"},{"ch":"荐","size":26,"style":"Medium","w":100,"data":{"shapes":[{"ty":"gr","it":[{"ind":0,"ty":"sh","ix":1,"ks":{"a":0,"k":{"i":[[0,0],[0,0],[0,0],[0,0],[0,0],[0,0],[0,0],[0,0],[0,0],[0,0],[0,0],[0,0],[0,0],[0,0],[0,0],[0,0],[0,0],[0,0],[0,0],[0,0]],"o":[[0,0],[0,0],[0,0],[0,0],[0,0],[0,0],[0,0],[0,0],[0,0],[0,0],[0,0],[0,0],[0,0],[0,0],[0,0],[0,0],[0,0],[0,0],[0,0],[0,0]],"v":[[6.345,-76.135],[6.345,-67.374],[28.5,-67.374],[28.5,-60.928],[38.168,-60.928],[38.168,-67.374],[62.54,-67.374],[62.54,-60.828],[72.208,-60.828],[72.208,-67.374],[94.363,-67.374],[94.363,-76.135],[72.208,-76.135],[72.208,-82.48],[62.54,-82.48],[62.54,-76.135],[38.168,-76.135],[38.168,-82.48],[28.5,-82.48],[28.5,-76.135]],"c":true},"ix":2},"nm":"荐","mn":"ADBE Vector Shape - Group","hd":false},{"ind":1,"ty":"sh","ix":2,"ks":{"a":0,"k":{"i":[[0,0],[0,0],[0,0],[11.279,-7.251],[0,0],[-3.726,3.223],[0,0],[0,0],[0,0],[-3.021,5.136],[0,0],[0,0],[0,0],[-0.604,1.813],[0,0],[1.108,-2.316]],"o":[[0,0],[0,0],[-6.445,9.265],[0,0],[4.23,-2.82],[0,0],[0,0],[0,0],[4.028,-4.633],[0,0],[0,0],[0,0],[0.705,-1.712],[0,0],[-0.906,2.216],[0,0]],"v":[[7.956,-55.087],[7.956,-46.326],[30.716,-46.326],[4.23,-21.552],[10.272,-13.696],[22.156,-22.76],[22.156,10.574],[31.32,10.574],[31.32,-31.723],[41.895,-46.326],[93.86,-46.326],[93.86,-55.087],[46.225,-55.087],[48.239,-60.324],[38.974,-61.935],[35.953,-55.087]],"c":true},"ix":2},"nm":"荐","mn":"ADBE Vector Shape - Group","hd":false},{"ind":2,"ty":"sh","ix":3,"ks":{"a":0,"k":{"i":[[2.618,-1.712],[0,0],[0,0],[0,0],[0,0],[0,0],[2.014,0],[4.733,0.403],[0,0],[0,0],[0,5.942],[0,0],[0,0],[0,0],[0,0],[0,0],[-4.23,3.323],[0,0],[0,0],[0,0],[0,0]],"o":[[0,0],[0,0],[0,0],[0,0],[0,0],[0,2.014],[-2.719,0],[0,0],[0,0],[5.942,0],[0,0],[0,0],[0,0],[0,0],[0,0],[5.438,-4.028],[0,0],[0,0],[0,0],[0,0],[-4.431,2.719]],"v":[[63.748,-25.076],[63.748,-20.242],[37.061,-20.242],[37.061,-11.179],[63.748,-11.179],[63.748,-1.41],[60.626,1.611],[49.448,1.007],[52.267,10.272],[64.453,10.272],[73.416,1.309],[73.416,-11.179],[94.464,-11.179],[94.464,-20.242],[73.416,-20.242],[73.416,-22.559],[88.019,-33.536],[88.019,-40.384],[44.11,-40.384],[44.11,-31.723],[74.323,-31.723]],"c":true},"ix":2},"nm":"荐","mn":"ADBE Vector Shape - Group","hd":false}],"nm":"荐","np":6,"cix":2,"bm":0,"ix":1,"mn":"ADBE Vector Group","hd":false}]},"fFamily":"PingFang SC"},{"ch":"3","size":26,"style":"Medium","w":60,"data":{"shapes":[{"ty":"gr","it":[{"ind":0,"ty":"sh","ix":1,"ks":{"a":0,"k":{"i":[[7.251,0],[4.431,-4.028],[0.604,-7.15],[0,0],[-2.417,2.216],[-4.33,0],[-2.216,-2.014],[0,-3.625],[2.216,-1.913],[4.431,0],[0,0],[0,0],[0,0],[-2.417,-2.014],[0,-4.23],[2.417,-2.417],[4.633,0],[2.618,2.417],[0.201,4.834],[0,0],[-5.035,-4.23],[-7.352,0],[-4.834,4.23],[0,6.647],[2.417,2.719],[4.23,1.309],[0,7.855],[4.23,3.525]],"o":[[-7.05,0],[-4.733,4.028],[0,0],[0.403,-4.431],[2.417,-2.216],[4.23,0],[2.014,1.913],[0,3.625],[-2.216,1.913],[0,0],[0,0],[0,0],[4.733,0],[2.618,2.014],[0,3.625],[-2.82,2.618],[-4.23,0],[-3.021,-2.618],[0,0],[0.604,8.057],[4.431,3.726],[7.654,0],[4.532,-4.23],[0,-4.23],[-2.216,-2.618],[7.855,-2.618],[0,-6.143],[-4.431,-3.525]],"v":[[30.917,-73.315],[13.696,-67.374],[5.74,-50.656],[16.516,-50.656],[20.847,-60.626],[31.018,-63.95],[40.787,-61.029],[43.909,-52.771],[40.485,-44.412],[30.515,-41.492],[25.378,-41.492],[25.378,-33.234],[30.615,-33.234],[41.391,-30.212],[45.319,-20.847],[41.592,-11.884],[30.414,-7.855],[20.142,-11.481],[15.408,-22.659],[4.33,-22.659],[12.79,-4.23],[30.515,1.41],[49.347,-5.035],[56.195,-21.35],[52.57,-31.824],[42.902,-37.766],[54.785,-53.577],[48.34,-68.079]],"c":true},"ix":2},"nm":"3","mn":"ADBE Vector Shape - Group","hd":false}],"nm":"3","np":3,"cix":2,"bm":0,"ix":1,"mn":"ADBE Vector Group","hd":false}]},"fFamily":"PingFang SC"},{"ch":"6","size":26,"style":"Medium","w":60,"data":{"shapes":[{"ty":"gr","it":[{"ind":0,"ty":"sh","ix":1,"ks":{"a":0,"k":{"i":[[13.898,0],[4.834,-7.352],[0,-11.682],[-4.431,-6.143],[-8.862,0],[-4.834,4.633],[0,7.15],[4.129,4.532],[7.05,0],[2.82,-1.511],[2.014,-3.223],[0,0],[0,0.302],[-2.921,4.633],[-5.035,0],[-1.511,-7.05],[0,0]],"o":[[-8.258,0],[-4.834,7.251],[0,10.977],[4.633,6.445],[7.05,0],[4.733,-4.633],[0,-7.05],[-4.23,-4.431],[-3.827,0],[-3.122,1.511],[0,0],[-0.101,-0.604],[0,-7.05],[2.921,-4.935],[7.251,0],[0,0],[-1.813,-13.092]],"v":[[31.219,-73.315],[11.481,-62.338],[4.33,-33.939],[10.977,-8.258],[31.119,1.41],[49.045,-5.64],[56.195,-23.364],[49.951,-40.787],[33.032,-47.433],[23.062,-45.218],[15.408,-38.168],[15.005,-38.168],[14.905,-39.478],[19.235,-56.9],[31.119,-64.252],[44.211,-53.778],[54.886,-53.778]],"c":true},"ix":2},"nm":"6","mn":"ADBE Vector Shape - Group","hd":false},{"ind":1,"ty":"sh","ix":2,"ks":{"a":0,"k":{"i":[[-4.532,0],[-2.618,-2.82],[0,-4.633],[2.719,-3.021],[4.431,0],[2.618,2.82],[0,4.633],[-2.618,2.82]],"o":[[4.431,0],[2.618,2.618],[0,4.532],[-2.618,2.921],[-4.33,0],[-2.719,-2.82],[0,-4.733],[2.618,-2.82]],"v":[[30.817,-38.571],[41.492,-34.341],[45.419,-23.364],[41.29,-12.085],[30.716,-7.654],[20.242,-11.884],[16.214,-23.062],[20.142,-34.341]],"c":true},"ix":2},"nm":"6","mn":"ADBE Vector Shape - Group","hd":false}],"nm":"6","np":5,"cix":2,"bm":0,"ix":1,"mn":"ADBE Vector Group","hd":false}]},"fFamily":"PingFang SC"},{"ch":"5","size":26,"style":"Medium","w":60,"data":{"shapes":[{"ty":"gr","it":[{"ind":0,"ty":"sh","ix":1,"ks":{"a":0,"k":{"i":[[0,0],[0,0],[0,0],[-2.618,1.208],[-3.223,0],[-2.618,-2.82],[0,-5.035],[3.021,-2.82],[4.431,0],[2.417,1.813],[0.403,4.028],[0,0],[-5.136,-3.827],[-6.445,0],[-5.136,4.23],[0,7.452],[4.23,4.431],[6.747,0],[2.618,-1.108],[2.216,-2.316],[0,0],[0,0],[0,0],[0,0]],"o":[[0,0],[0,0],[1.41,-2.618],[2.417,-1.208],[4.834,0],[2.618,2.82],[0,4.633],[-3.021,2.719],[-4.028,0],[-2.719,-2.014],[0,0],[0.504,6.647],[4.633,3.525],[7.15,0],[5.438,-4.733],[0,-7.755],[-4.23,-4.431],[-3.223,0],[-2.921,1.007],[0,0],[0,0],[0,0],[0,0],[0,0]],"v":[[9.567,-71.906],[5.64,-31.622],[15.912,-31.622],[21.854,-37.363],[30.212,-39.075],[41.29,-34.845],[45.218,-23.062],[40.686,-11.984],[29.507,-7.855],[19.839,-10.574],[15.106,-19.739],[4.33,-19.739],[12.79,-3.928],[29.407,1.41],[47.836,-4.935],[56.094,-23.163],[49.649,-41.391],[33.133,-48.038],[24.271,-46.426],[16.617,-41.492],[16.315,-41.492],[18.43,-62.238],[52.872,-62.238],[52.872,-71.906]],"c":true},"ix":2},"nm":"5","mn":"ADBE Vector Shape - Group","hd":false}],"nm":"5","np":3,"cix":2,"bm":0,"ix":1,"mn":"ADBE Vector Group","hd":false}]},"fFamily":"PingFang SC"},{"ch":"条","size":26,"style":"Medium","w":100,"data":{"shapes":[{"ty":"gr","it":[{"ind":0,"ty":"sh","ix":1,"ks":{"a":0,"k":{"i":[[0,0],[0,0],[0,0],[0,0],[2.82,0],[3.525,0.403],[0,0],[0,0],[0,6.848],[0,0],[0,0],[0,0],[0,0],[0,0],[0,0],[0,0]],"o":[[0,0],[0,0],[0,0],[0,2.82],[-3.122,0],[0,0],[0,0],[7.05,0],[0,0],[0,0],[0,0],[0,0],[0,0],[0,0],[0,0],[0,0]],"v":[[12.286,-29.91],[12.286,-20.847],[45.822,-20.847],[45.822,-2.719],[41.592,1.511],[31.622,0.906],[33.838,10.071],[44.916,10.071],[55.49,-0.302],[55.49,-20.847],[88.12,-20.847],[88.12,-29.91],[55.49,-29.91],[55.49,-38.269],[45.822,-38.269],[45.822,-29.91]],"c":true},"ix":2},"nm":"条","mn":"ADBE Vector Shape - Group","hd":false},{"ind":1,"ty":"sh","ix":2,"ks":{"a":0,"k":{"i":[[0,0],[8.862,-4.633],[0,0],[-6.244,7.15]],"o":[[-6.042,6.244],[0,0],[8.963,-5.338],[0,0]],"v":[[28.299,-16.214],[5.942,0.201],[12.186,8.359],[34.946,-10.373]],"c":true},"ix":2},"nm":"条","mn":"ADBE Vector Shape - Group","hd":false},{"ind":2,"ty":"sh","ix":3,"ks":{"a":0,"k":{"i":[[-6.647,-6.747],[0,0],[6.445,3.928],[0,0]],"o":[[0,0],[-8.862,-7.956],[0,0],[8.057,5.841]],"v":[[86.206,7.956],[93.155,1.007],[70.294,-16.818],[64.151,-10.876]],"c":true},"ix":2},"nm":"条","mn":"ADBE Vector Shape - Group","hd":false},{"ind":3,"ty":"sh","ix":4,"ks":{"a":0,"k":{"i":[[0,0],[10.071,-6.042],[0,0],[-3.827,3.424],[-4.834,-3.021],[13.998,-1.913],[0,0],[-11.884,6.042],[-16.214,-2.316],[0,0],[10.474,4.028],[-5.438,6.546],[0,0],[0,0],[-1.309,2.014]],"o":[[-7.251,10.474],[0,0],[4.23,-2.82],[3.827,3.625],[-10.675,4.431],[0,0],[16.214,-2.618],[11.581,5.64],[0,0],[-13.998,-1.712],[7.452,-4.834],[0,0],[0,0],[1.309,-1.913],[0,0]],"v":[[35.953,-83.487],[9.97,-58.713],[16.113,-51.361],[28.198,-60.727],[41.089,-50.858],[4.129,-41.29],[8.359,-32.73],[50.555,-45.721],[92.249,-33.838],[96.68,-42.599],[60.022,-51.16],[79.358,-68.28],[79.358,-75.632],[41.29,-75.632],[45.218,-81.473]],"c":true},"ix":2},"nm":"条","mn":"ADBE Vector Shape - Group","hd":false},{"ind":4,"ty":"sh","ix":5,"ks":{"a":0,"k":{"i":[[4.633,4.33],[0,0],[0,0],[6.244,-3.424]],"o":[[0,0],[0,0],[-4.834,4.431],[-6.345,-3.223]],"v":[[34.039,-66.669],[34.543,-67.172],[67.172,-67.172],[50.455,-55.389]],"c":true},"ix":2},"nm":"条","mn":"ADBE Vector Shape - Group","hd":false}],"nm":"条","np":8,"cix":2,"bm":0,"ix":1,"mn":"ADBE Vector Group","hd":false}]},"fFamily":"PingFang SC"},{"ch":"信","size":26,"style":"Medium","w":100,"data":{"shapes":[{"ty":"gr","it":[{"ind":0,"ty":"sh","ix":1,"ks":{"a":0,"k":{"i":[[-2.618,3.424],[0,0],[0,0],[0,0],[-2.316,7.452],[0,0],[9.265,-11.682],[0,0]],"o":[[0,0],[0,0],[0,0],[3.625,-6.949],[0,0],[-4.532,15.509],[0,0],[3.021,-3.424]],"v":[[14.401,-42.7],[14.401,10.574],[23.767,10.574],[23.767,-57.706],[32.629,-79.358],[23.666,-83.588],[2.921,-42.7],[6.042,-32.428]],"c":true},"ix":2},"nm":"信","mn":"ADBE Vector Shape - Group","hd":false},{"ind":1,"ty":"sh","ix":2,"ks":{"a":0,"k":{"i":[[0,0],[0,0],[0,0],[0,0],[0,0],[2.115,4.532],[0,0],[-1.309,-3.424]],"o":[[0,0],[0,0],[0,0],[0,0],[-1.108,-3.827],[0,0],[1.712,3.223],[0,0]],"v":[[30.817,-70.395],[30.817,-61.432],[96.982,-61.432],[96.982,-70.395],[69.791,-70.395],[64.957,-82.883],[55.792,-80.365],[60.324,-70.395]],"c":true},"ix":2},"nm":"信","mn":"ADBE Vector Shape - Group","hd":false},{"ind":2,"ty":"sh","ix":3,"ks":{"a":0,"k":{"i":[[0,0],[0,0],[0,0],[0,0]],"o":[[0,0],[0,0],[0,0],[0,0]],"v":[[39.981,-55.289],[39.981,-46.729],[88.422,-46.729],[88.422,-55.289]],"c":true},"ix":2},"nm":"信","mn":"ADBE Vector Shape - Group","hd":false},{"ind":3,"ty":"sh","ix":4,"ks":{"a":0,"k":{"i":[[0,0],[0,0],[0,0],[0,0]],"o":[[0,0],[0,0],[0,0],[0,0]],"v":[[39.981,-41.089],[39.981,-32.428],[88.422,-32.428],[88.422,-41.089]],"c":true},"ix":2},"nm":"信","mn":"ADBE Vector Shape - Group","hd":false},{"ind":4,"ty":"sh","ix":5,"ks":{"a":0,"k":{"i":[[0,0],[0,0],[0,0],[0,0],[0,0],[0,0],[0,0],[0,0]],"o":[[0,0],[0,0],[0,0],[0,0],[0,0],[0,0],[0,0],[0,0]],"v":[[90.536,-26.083],[37.766,-26.083],[37.766,10.373],[47.031,10.373],[47.031,5.136],[81.271,5.136],[81.271,10.373],[90.536,10.373]],"c":true},"ix":2},"nm":"信","mn":"ADBE Vector Shape - Group","hd":false},{"ind":5,"ty":"sh","ix":6,"ks":{"a":0,"k":{"i":[[0,0],[0,0],[0,0],[0,0]],"o":[[0,0],[0,0],[0,0],[0,0]],"v":[[47.031,-3.827],[47.031,-17.221],[81.271,-17.221],[81.271,-3.827]],"c":true},"ix":2},"nm":"信","mn":"ADBE Vector Shape - Group","hd":false}],"nm":"信","np":9,"cix":2,"bm":0,"ix":1,"mn":"ADBE Vector Group","hd":false}]},"fFamily":"PingFang SC"},{"ch":"息","size":26,"style":"Medium","w":100,"data":{"shapes":[{"ty":"gr","it":[{"ind":0,"ty":"sh","ix":1,"ks":{"a":0,"k":{"i":[[0,0],[0,0],[0,0],[0,0],[0,0],[-0.604,2.216],[0,0],[1.208,-2.518]],"o":[[0,0],[0,0],[0,0],[0,0],[1.007,-2.014],[0,0],[-0.705,2.618],[0,0]],"v":[[18.53,-75.732],[18.53,-24.875],[82.983,-24.875],[82.983,-75.732],[51.059,-75.732],[53.577,-82.077],[43.607,-83.386],[40.787,-75.732]],"c":true},"ix":2},"nm":"息","mn":"ADBE Vector Shape - Group","hd":false},{"ind":1,"ty":"sh","ix":2,"ks":{"a":0,"k":{"i":[[0,0],[0,0],[0,0],[0,0]],"o":[[0,0],[0,0],[0,0],[0,0]],"v":[[73.718,-33.032],[27.795,-33.032],[27.795,-39.578],[73.718,-39.578]],"c":true},"ix":2},"nm":"息","mn":"ADBE Vector Shape - Group","hd":false},{"ind":2,"ty":"sh","ix":3,"ks":{"a":0,"k":{"i":[[0,0],[0,0],[0,0],[0,0]],"o":[[0,0],[0,0],[0,0],[0,0]],"v":[[27.795,-47.232],[27.795,-53.577],[73.718,-53.577],[73.718,-47.232]],"c":true},"ix":2},"nm":"息","mn":"ADBE Vector Shape - Group","hd":false},{"ind":3,"ty":"sh","ix":4,"ks":{"a":0,"k":{"i":[[0,0],[0,0],[0,0],[0,0]],"o":[[0,0],[0,0],[0,0],[0,0]],"v":[[27.795,-61.13],[27.795,-67.575],[73.718,-67.575],[73.718,-61.13]],"c":true},"ix":2},"nm":"息","mn":"ADBE Vector Shape - Group","hd":false},{"ind":4,"ty":"sh","ix":5,"ks":{"a":0,"k":{"i":[[0,0],[4.23,-6.445],[0,0],[-2.417,9.366]],"o":[[-1.712,7.452],[0,0],[4.23,-6.848],[0,0]],"v":[[13.092,-19.034],[4.23,1.913],[12.286,7.05],[22.156,-17.221]],"c":true},"ix":2},"nm":"息","mn":"ADBE Vector Shape - Group","hd":false},{"ind":5,"ty":"sh","ix":6,"ks":{"a":0,"k":{"i":[[0,0],[-2.014,1.511],[-0.806,8.56],[0,0],[1.108,-1.208],[1.913,0],[0,0],[0,2.014],[0,0],[0,0],[0,0],[-6.647,0]],"o":[[4.028,0],[2.115,-1.813],[0,0],[-0.302,5.942],[-0.705,1.007],[0,0],[-2.014,0],[0,0],[0,0],[0,0],[0,6.445],[0,0]],"v":[[63.245,8.862],[72.208,6.546],[76.639,-8.963],[67.474,-11.884],[65.359,-1.208],[61.432,0.302],[40.384,0.302],[37.363,-2.82],[37.363,-19.235],[27.695,-19.235],[27.695,-0.806],[37.665,8.862]],"c":true},"ix":2},"nm":"息","mn":"ADBE Vector Shape - Group","hd":false},{"ind":6,"ty":"sh","ix":7,"ks":{"a":0,"k":{"i":[[4.935,5.035],[0,0],[-2.82,-4.23],[0,0]],"o":[[0,0],[4.733,5.035],[0,0],[-2.618,-3.827]],"v":[[50.858,-23.163],[43.808,-18.832],[55.087,-4.935],[62.238,-9.97]],"c":true},"ix":2},"nm":"息","mn":"ADBE Vector Shape - Group","hd":false},{"ind":7,"ty":"sh","ix":8,"ks":{"a":0,"k":{"i":[[6.042,7.855],[0,0],[-3.424,-6.445],[0,0]],"o":[[0,0],[5.74,7.855],[0,0],[-3.223,-5.841]],"v":[[83.084,-21.048],[75.632,-16.415],[89.328,4.935],[96.881,-0.403]],"c":true},"ix":2},"nm":"息","mn":"ADBE Vector Shape - Group","hd":false}],"nm":"息","np":11,"cix":2,"bm":0,"ix":1,"mn":"ADBE Vector Group","hd":false}]},"fFamily":"PingFang SC"}]}