{
	"msg": "OK",
	"result": {
		"getListInfo": {
			"baseQuery": "cateid=577&servcode=182643509&extractfullnum=175&ivkip=10.126.94.36&state=1|11&local=1&extract=extract",
			"dispCateId": "13941",
			"infolist": [{
				"action": {
					"action": "pagetrans",
					"content": {
						"recomInfo": "false",
						"use_cache": "true",
						"infoID": "31485077032137",
						"full_path": "13941,9303",
						"infoSource": "6",
						"data_url": "https://app.58.com/api/detail",
						"pre_info": "<?xml version=\"1.0\" encoding=\"UTF-8\"?><root>        <result status=\"0\" msg=\"ok\">        <userinfo_area>    <apply_info title=\"申请职位\" type=\"jianzhi\">    </apply_info>    <tel_info title=\"电话\" content=\"\" len=\"\">        <action action=\"\"/>    </tel_info>    <bangbang_info title=\"语音\" content=\"\">        <action action=\"\"/>    </bangbang_info></userinfo_area>        <jz_title_area title=\"模特礼仪一公司直聘无费用\"            text=\"\"            user_type=\"0\"            >    <ext>        <item name=\"更新：今天\"/>        <item name=\"浏览： 172人\"/>        <item name=\"申请：0人\"/>           </ext>    <price p=\"900\" u=\"元/天，日结\"/>    <items>    <item>        <col title=\"工作时间\" content=\"星期一、星期二、星期三、星期四、星期五、星期六、星期日\"/>    </item><item>        <col title=\"有效期限\" content=\"长期招聘\"/>    </item>    </items>         <mapAddressItem title=\"工作地点\" content=\"北京朝阳区安立路润枫德尚大厦A座1106\">        </mapAddressItem> </jz_title_area>    </result></root>",
						"userID": "49959618617361",
						"title": "详情",
						"local_name": "bj",
						"pagetype": "detail",
						"list_name": "liyiyanyi",
						"countType": "3"
					},
					"tradeline": "job"
				},
				"applied": false,
				"biz": false,
				"catename": "礼仪/模特",
				"checkbox": true,
				"countType": "",
				"danwei": "元/天",
				"dataType": "promation",
				"dateShow": "今天",
				"hasyan": true,
				"iconList": ["icon_huiyuan"],
				"infoID": 31485077032137,
				"infoSource": "6",
				"ishr": false,
				"labelAddr": ["日结", "营业执照"],
				"longterm": "长期",
				"pageview": "171人看过",
				"quyu": "北京",
				"qyname": "北京天诚鑫威文化传媒有限公司",
				"salary": "900",
				"sidDict": {
					"PGTID": "",
					"GTID": "110575873197686583097707724"
				},
				"title": "模特礼仪一公司直聘无费用",
				"top": "",
				"userID": 49959618617361,
				"validity": "长期招聘",
				"xinzi": "900元/天",
				"xinzijiesuan": "日结"
			}, {
				"action": {
					"action": "pagetrans",
					"content": {
						"recomInfo": "false",
						"use_cache": "true",
						"infoID": "30443194104909",
						"full_path": "13941,13951",
						"infoSource": "6",
						"data_url": "https://app.58.com/api/detail",
						"pre_info": "<?xml version=\"1.0\" encoding=\"UTF-8\"?><root>        <result status=\"0\" msg=\"ok\">        <userinfo_area>    <apply_info title=\"申请职位\" type=\"jianzhi\">    </apply_info>    <tel_info title=\"电话\" content=\"\" len=\"\">        <action action=\"\"/>    </tel_info>    <bangbang_info title=\"语音\" content=\"\">        <action action=\"\"/>    </bangbang_info></userinfo_area>        <jz_title_area title=\"石景山游乐园直招礼模\"            text=\"\"            user_type=\"0\"            >    <ext>        <item name=\"更新：今天\"/>        <item name=\"浏览： 6961人\"/>        <item name=\"申请：0人\"/>           </ext>    <price p=\"300\" u=\"元/小时，日结\"/>    <items>    <item>        <col title=\"工作时间\" content=\"星期一、星期二、星期三、星期四、星期五、星期六、星期日\"/>    </item><item>        <col title=\"有效期限\" content=\"长期招聘\"/>    </item>    </items>         <mapAddressItem title=\"工作地点\" content=\"石景山八角游乐园\">        </mapAddressItem> </jz_title_area>    </result></root>",
						"userID": "43299362260245",
						"title": "详情",
						"local_name": "bj",
						"pagetype": "detail",
						"list_name": "partime",
						"countType": "3"
					},
					"tradeline": "job"
				},
				"applied": false,
				"biz": true,
				"catename": "其他兼职",
				"checkbox": true,
				"countType": "",
				"danwei": "元/小时",
				"dataType": "promation",
				"dateShow": "今天",
				"hasyan": true,
				"iconList": ["icon_huiyuan"],
				"infoID": 30443194104909,
				"infoSource": "6",
				"ishr": false,
				"labelAddr": ["日结", "营业执照"],
				"longterm": "长期",
				"pageview": "6960人看过",
				"quyu": "石景山-八角",
				"qyname": "北京得利恒和文化传播有限公司",
				"salary": "300",
				"sidDict": {
					"PGTID": "",
					"GTID": "110575873197686583097707724"
				},
				"title": "石景山游乐园直招礼模",
				"top": "",
				"userID": 43299362260245,
				"validity": "长期招聘",
				"xinzi": "300元/小时",
				"xinzijiesuan": "日结"
			}, {
				"action": {
					"action": "pagetrans",
					"content": {
						"recomInfo": "false",
						"use_cache": "true",
						"infoID": "31109627153725",
						"full_path": "13941,28936",
						"infoSource": "6",
						"data_url": "https://app.58.com/api/detail",
						"pre_info": "<?xml version=\"1.0\" encoding=\"UTF-8\"?><root>        <result status=\"0\" msg=\"ok\">        <userinfo_area>    <apply_info title=\"申请职位\" type=\"jianzhi\">    </apply_info>    <tel_info title=\"电话\" content=\"\" len=\"\">        <action action=\"\"/>    </tel_info>    <bangbang_info title=\"语音\" content=\"\">        <action action=\"\"/>    </bangbang_info></userinfo_area>        <jz_title_area title=\"诚聘高颜值美女才艺主播\"            text=\"\"            user_type=\"0\"            >    <ext>        <item name=\"更新：今天\"/>        <item name=\"浏览： 258人\"/>        <item name=\"申请：0人\"/>           </ext>    <price p=\"999\" u=\"元/小时，月结\"/>    <items>    <item>        <col title=\"工作时间\" content=\"星期一、星期二、星期三、星期四、星期五、星期六、星期日\"/>    </item><item>        <col title=\"有效期限\" content=\"长期招聘\"/>    </item>    </items>         <mapAddressItem title=\"工作地点\" content=\"北京市东城区珠市口东大街18号金霖酒店南楼\">        </mapAddressItem> </jz_title_area>    </result></root>",
						"userID": "49164266548493",
						"title": "详情",
						"local_name": "bj",
						"pagetype": "detail",
						"list_name": "jzwenyi",
						"countType": "3"
					},
					"tradeline": "job"
				},
				"applied": false,
				"biz": false,
				"catename": "司仪/驻唱/演出",
				"checkbox": true,
				"countType": "",
				"danwei": "元/小时",
				"dataType": "promation",
				"dateShow": "今天",
				"hasyan": true,
				"iconList": ["icon_huiyuan"],
				"infoID": 31109627153725,
				"infoSource": "6",
				"ishr": false,
				"labelAddr": ["月结", "营业执照"],
				"longterm": "长期",
				"pageview": "257人看过",
				"quyu": "崇文",
				"qyname": "北京名品星光文化传媒有限公司",
				"salary": "999",
				"sidDict": {
					"PGTID": "",
					"GTID": "110575873197686583097707724"
				},
				"title": "诚聘高颜值美女才艺主播",
				"top": "",
				"userID": 49164266548493,
				"validity": "长期招聘",
				"xinzi": "999元/小时",
				"xinzijiesuan": "月结"
			}, {
				"action": {
					"action": "pagetrans",
					"content": {
						"recomInfo": "false",
						"use_cache": "true",
						"infoID": "31375557729353",
						"full_path": "13941,28923",
						"infoSource": "6",
						"data_url": "https://app.58.com/api/detail",
						"pre_info": "<?xml version=\"1.0\" encoding=\"UTF-8\"?><root>        <result status=\"0\" msg=\"ok\">        <userinfo_area>    <apply_info title=\"申请职位\" type=\"jianzhi\">    </apply_info>    <tel_info title=\"电话\" content=\"\" len=\"\">        <action action=\"\"/>    </tel_info>    <bangbang_info title=\"语音\" content=\"\">        <action action=\"\"/>    </bangbang_info></userinfo_area>        <jz_title_area title=\"直招兼职送餐员\"            text=\"\"            user_type=\"0\"            >    <ext>        <item name=\"更新：今天\"/>        <item name=\"浏览： 318人\"/>        <item name=\"申请：0人\"/>           </ext>    <price p=\"30\" u=\"元/小时，日结\"/>    <items>    <item>        <col title=\"工作时间\" content=\"星期一、星期二、星期三、星期四、星期五、星期六、星期日\"/>    </item><item>        <col title=\"有效期限\" content=\"长期招聘\"/>    </item>    </items>         <mapAddressItem title=\"工作地点\" content=\"北京大兴亦庄地铁站B口500米\">        </mapAddressItem> </jz_title_area>    </result></root>",
						"userID": "49468863920911",
						"title": "详情",
						"local_name": "bj",
						"pagetype": "detail",
						"list_name": "fachuandan",
						"countType": "3"
					},
					"tradeline": "job"
				},
				"applied": false,
				"biz": false,
				"catename": "传单派发",
				"checkbox": true,
				"countType": "",
				"danwei": "元/小时",
				"dataType": "promation",
				"dateShow": "今天",
				"hasyan": true,
				"iconList": ["icon_huiyuan"],
				"infoID": 31375557729353,
				"infoSource": "6",
				"ishr": false,
				"labelAddr": ["日结", "营业执照"],
				"longterm": "长期",
				"pageview": "317人看过",
				"quyu": "朝阳-多商圈",
				"qyname": "北京兴旺运宏商贸中心",
				"salary": "30",
				"sidDict": {
					"PGTID": "",
					"GTID": "110575873197686583097707724"
				},
				"title": "直招兼职送餐员",
				"top": "",
				"userID": 49468863920911,
				"validity": "长期招聘",
				"xinzi": "30元/小时",
				"xinzijiesuan": "日结"
			}, {
				"action": {
					"action": "pagetrans",
					"content": {
						"recomInfo": "false",
						"use_cache": "true",
						"infoID": "31339914060865",
						"full_path": "13941,13945",
						"infoSource": "6",
						"data_url": "https://app.58.com/api/detail",
						"pre_info": "<?xml version=\"1.0\" encoding=\"UTF-8\"?><root>        <result status=\"0\" msg=\"ok\">        <userinfo_area>    <apply_info title=\"申请职位\" type=\"jianzhi\">    </apply_info>    <tel_info title=\"电话\" content=\"\" len=\"\">        <action action=\"\"/>    </tel_info>    <bangbang_info title=\"语音\" content=\"\">        <action action=\"\"/>    </bangbang_info></userinfo_area>        <jz_title_area title=\"超市饮品促销员一勤工俭学\"            text=\"\"            user_type=\"0\"            >    <ext>        <item name=\"更新：今天\"/>        <item name=\"浏览： 516人\"/>        <item name=\"申请：0人\"/>           </ext>    <price p=\"150\" u=\"元/天，日结\"/>    <items>    <item>        <col title=\"工作时间\" content=\"星期一、星期二、星期三、星期四、星期五、星期六、星期日\"/>    </item><item>        <col title=\"有效期限\" content=\"长期招聘\"/>    </item>    </items>         <mapAddressItem title=\"工作地点\" content=\"北京丰台区六里桥东29号\">        </mapAddressItem> </jz_title_area>    </result></root>",
						"userID": "49112790887186",
						"title": "详情",
						"local_name": "bj",
						"pagetype": "detail",
						"list_name": "xiaoshoucuxiao",
						"countType": "3"
					},
					"tradeline": "job"
				},
				"applied": false,
				"biz": false,
				"catename": "促销/导购",
				"checkbox": true,
				"countType": "",
				"danwei": "元/天",
				"dataType": "promation",
				"dateShow": "今天",
				"hasyan": true,
				"iconList": ["icon_huiyuan"],
				"infoID": 31339914060865,
				"infoSource": "6",
				"ishr": false,
				"labelAddr": ["日结", "营业执照"],
				"longterm": "长期",
				"pageview": "515人看过",
				"quyu": "昌平-多商圈",
				"qyname": "北京天思中图营销策划有限公司",
				"salary": "150",
				"sidDict": {
					"PGTID": "",
					"GTID": "110575873197686583097707724"
				},
				"title": "超市饮品促销员一勤工俭学",
				"top": "",
				"userID": 49112790887186,
				"validity": "长期招聘",
				"xinzi": "150元/天",
				"xinzijiesuan": "日结"
			}, {
				"action": {
					"action": "pagetrans",
					"content": {
						"recomInfo": "false",
						"use_cache": "true",
						"infoID": "31694833992884",
						"full_path": "13941,9303",
						"infoSource": "6",
						"data_url": "https://app.58.com/api/detail",
						"pre_info": "<?xml version=\"1.0\" encoding=\"UTF-8\"?><root>        <result status=\"0\" msg=\"ok\">        <userinfo_area>    <apply_info title=\"申请职位\" type=\"jianzhi\">    </apply_info>    <tel_info title=\"电话\" content=\"\" len=\"\">        <action action=\"\"/>    </tel_info>    <bangbang_info title=\"语音\" content=\"\">        <action action=\"\"/>    </bangbang_info></userinfo_area>        <jz_title_area title=\"礼仪模特热招活动多多\"            text=\"\"            user_type=\"0\"            >    <ext>        <item name=\"更新：今天\"/>        <item name=\"浏览： 52人\"/>        <item name=\"申请：0人\"/>           </ext>    <price p=\"600\" u=\"元/小时，日结\"/>    <items>    <item>        <col title=\"工作时间\" content=\"星期一、星期二、星期三、星期四、星期五、星期六、星期日\"/>    </item><item>        <col title=\"有效期限\" content=\"长期招聘\"/>    </item>    </items>         <mapAddressItem title=\"工作地点\" content=\"北京市朝阳区北四环东路6号院21号太阳宫孵化器0462号\">        </mapAddressItem> </jz_title_area>    </result></root>",
						"userID": "43605994605331",
						"title": "详情",
						"local_name": "bj",
						"pagetype": "detail",
						"list_name": "liyiyanyi",
						"countType": "3"
					},
					"tradeline": "job"
				},
				"applied": false,
				"biz": false,
				"catename": "礼仪/模特",
				"checkbox": true,
				"countType": "",
				"danwei": "元/小时",
				"dataType": "promation",
				"dateShow": "今天",
				"hasyan": true,
				"iconList": ["icon_huiyuan"],
				"infoID": 31694833992884,
				"infoSource": "6",
				"ishr": false,
				"labelAddr": ["日结", "营业执照"],
				"longterm": "长期",
				"pageview": "51人看过",
				"quyu": "海淀-世纪城",
				"qyname": "北京锦瑟时尚文化传媒有限公司",
				"salary": "600",
				"sidDict": {
					"PGTID": "",
					"GTID": "110575873197686583097707724"
				},
				"title": "礼仪模特热招活动多多",
				"top": "",
				"userID": 43605994605331,
				"validity": "长期招聘",
				"xinzi": "600元/小时",
				"xinzijiesuan": "日结"
			}, {
				"action": {
					"action": "pagetrans",
					"content": {
						"recomInfo": "false",
						"use_cache": "true",
						"infoID": "31472164709423",
						"full_path": "13941,28929",
						"infoSource": "6",
						"data_url": "https://app.58.com/api/detail",
						"pre_info": "<?xml version=\"1.0\" encoding=\"UTF-8\"?><root>        <result status=\"0\" msg=\"ok\">        <userinfo_area>    <apply_info title=\"申请职位\" type=\"jianzhi\">    </apply_info>    <tel_info title=\"电话\" content=\"\" len=\"\">        <action action=\"\"/>    </tel_info>    <bangbang_info title=\"语音\" content=\"\">        <action action=\"\"/>    </bangbang_info></userinfo_area>        <jz_title_area title=\"直招送餐员\"            text=\"\"            user_type=\"0\"            >    <ext>        <item name=\"更新：今天\"/>        <item name=\"浏览： 128人\"/>        <item name=\"申请：0人\"/>           </ext>    <price p=\"30\" u=\"元/小时，日结\"/>    <items>    <item>        <col title=\"工作时间\" content=\"星期一、星期二、星期三、星期四、星期五、星期六、星期日\"/>    </item><item>        <col title=\"有效期限\" content=\"长期招聘\"/>    </item>    </items>         <mapAddressItem title=\"工作地点\" content=\"北京大兴亦庄地铁站东南角500米\">        </mapAddressItem> </jz_title_area>    </result></root>",
						"userID": "50067772776464",
						"title": "详情",
						"local_name": "bj",
						"pagetype": "detail",
						"list_name": "jzjigong",
						"countType": "3"
					},
					"tradeline": "job"
				},
				"applied": false,
				"biz": false,
				"catename": "技工",
				"checkbox": true,
				"countType": "",
				"danwei": "元/小时",
				"dataType": "promation",
				"dateShow": "今天",
				"hasyan": true,
				"iconList": ["icon_huiyuan"],
				"infoID": 31472164709423,
				"infoSource": "6",
				"ishr": false,
				"labelAddr": ["日结", "营业执照"],
				"longterm": "长期",
				"pageview": "127人看过",
				"quyu": "朝阳-多商圈",
				"qyname": "北京荣达生辉自行车销售中心",
				"salary": "30",
				"sidDict": {
					"PGTID": "",
					"GTID": "110575873197686583097707724"
				},
				"title": "直招送餐员",
				"top": "",
				"userID": 50067772776464,
				"validity": "长期招聘",
				"xinzi": "30元/小时",
				"xinzijiesuan": "日结"
			}, {
				"action": {
					"action": "pagetrans",
					"content": {
						"recomInfo": "false",
						"use_cache": "true",
						"infoID": "30700962907329",
						"full_path": "13941,9303",
						"infoSource": "6",
						"data_url": "https://app.58.com/api/detail",
						"pre_info": "<?xml version=\"1.0\" encoding=\"UTF-8\"?><root>        <result status=\"0\" msg=\"ok\">        <userinfo_area>    <apply_info title=\"申请职位\" type=\"jianzhi\">    </apply_info>    <tel_info title=\"电话\" content=\"\" len=\"\">        <action action=\"\"/>    </tel_info>    <bangbang_info title=\"语音\" content=\"\">        <action action=\"\"/>    </bangbang_info></userinfo_area>        <jz_title_area title=\"礼仪模特活动多无费用\"            text=\"\"            user_type=\"0\"            >    <ext>        <item name=\"更新：今天\"/>        <item name=\"浏览： 1136人\"/>        <item name=\"申请：0人\"/>           </ext>    <price p=\"300\" u=\"元/小时，日结\"/>    <items>    <item>        <col title=\"工作时间\" content=\"星期一、星期二、星期三、星期四、星期五、星期六、星期日\"/>    </item><item>        <col title=\"有效期限\" content=\"长期招聘\"/>    </item>    </items>         <mapAddressItem title=\"工作地点\" content=\"北京请选择海淀区蓝靛厂西路11号\">        </mapAddressItem> </jz_title_area>    </result></root>",
						"userID": "48692116944141",
						"title": "详情",
						"local_name": "bj",
						"pagetype": "detail",
						"list_name": "liyiyanyi",
						"countType": "3"
					},
					"tradeline": "job"
				},
				"applied": false,
				"biz": false,
				"catename": "礼仪/模特",
				"checkbox": true,
				"countType": "",
				"danwei": "元/小时",
				"dataType": "promation",
				"dateShow": "今天",
				"hasyan": true,
				"iconList": ["icon_huiyuan"],
				"infoID": 30700962907329,
				"infoSource": "6",
				"ishr": false,
				"labelAddr": ["日结", "营业执照"],
				"longterm": "长期",
				"pageview": "1135人看过",
				"quyu": "北京",
				"qyname": "北京腾世开元文化传播有限公司",
				"salary": "300",
				"sidDict": {
					"PGTID": "",
					"GTID": "110575873197686583097707724"
				},
				"title": "礼仪模特活动多无费用",
				"top": "",
				"userID": 48692116944141,
				"validity": "长期招聘",
				"xinzi": "300元/小时",
				"xinzijiesuan": "日结"
			}, {
				"action": {
					"action": "pagetrans",
					"content": {
						"recomInfo": "false",
						"use_cache": "true",
						"infoID": "31098770602412",
						"full_path": "13941,9303",
						"infoSource": "6",
						"data_url": "https://app.58.com/api/detail",
						"pre_info": "<?xml version=\"1.0\" encoding=\"UTF-8\"?><root>        <result status=\"0\" msg=\"ok\">        <userinfo_area>    <apply_info title=\"申请职位\" type=\"jianzhi\">    </apply_info>    <tel_info title=\"电话\" content=\"\" len=\"\">        <action action=\"\"/>    </tel_info>    <bangbang_info title=\"语音\" content=\"\">        <action action=\"\"/>    </bangbang_info></userinfo_area>        <jz_title_area title=\"招聘男生女生兼职淘宝服装各种风格图片模特\"            text=\"\"            user_type=\"0\"            >    <ext>        <item name=\"更新：今天\"/>        <item name=\"浏览： 3661人\"/>        <item name=\"申请：0人\"/>           </ext>    <price p=\"600\" u=\"元/天，日结\"/>    <items>    <item>        <col title=\"工作时间\" content=\"星期一、星期二、星期三、星期四、星期五、星期六、星期日\"/>    </item><item>        <col title=\"有效期限\" content=\"长期招聘\"/>    </item>    </items>         <mapAddressItem title=\"工作地点\" content=\"北京朝阳建外大街北京市朝阳区建外SOHO东区\">        </mapAddressItem> </jz_title_area>    </result></root>",
						"userID": "42967356637462",
						"title": "详情",
						"local_name": "bj",
						"pagetype": "detail",
						"list_name": "liyiyanyi",
						"countType": "3"
					},
					"tradeline": "job"
				},
				"applied": false,
				"biz": true,
				"catename": "礼仪/模特",
				"checkbox": true,
				"countType": "",
				"danwei": "元/天",
				"dataType": "promation",
				"dateShow": "今天",
				"hasyan": true,
				"iconList": ["icon_huiyuan"],
				"infoID": 31098770602412,
				"infoSource": "6",
				"ishr": false,
				"labelAddr": ["日结", "营业执照"],
				"longterm": "长期",
				"pageview": "3660人看过",
				"quyu": "朝阳-国贸",
				"qyname": "北京艺乐概念文化发展有限公司",
				"salary": "600",
				"sidDict": {
					"PGTID": "",
					"GTID": "110575873197686583097707724"
				},
				"title": "招聘男生女生兼职淘宝服装各种风格图片模特",
				"top": "",
				"userID": 42967356637462,
				"validity": "长期招聘",
				"xinzi": "600元/天",
				"xinzijiesuan": "日结"
			}, {
				"action": {
					"action": "pagetrans",
					"content": {
						"recomInfo": "false",
						"use_cache": "true",
						"infoID": "31543261753771",
						"full_path": "13941,13951",
						"infoSource": "6",
						"data_url": "https://app.58.com/api/detail",
						"pre_info": "<?xml version=\"1.0\" encoding=\"UTF-8\"?><root>        <result status=\"0\" msg=\"ok\">        <userinfo_area>    <apply_info title=\"申请职位\" type=\"jianzhi\">    </apply_info>    <tel_info title=\"电话\" content=\"\" len=\"\">        <action action=\"\"/>    </tel_info>    <bangbang_info title=\"语音\" content=\"\">        <action action=\"\"/>    </bangbang_info></userinfo_area>        <jz_title_area title=\"汽车试驾活动招聘兼职日结\"            text=\"\"            user_type=\"0\"            >    <ext>        <item name=\"更新：今天\"/>        <item name=\"浏览： 2195人\"/>        <item name=\"申请：0人\"/>           </ext>    <price p=\"300\" u=\"元/天，日结\"/>    <items>    <item>        <col title=\"工作时间\" content=\"星期一、星期二、星期三、星期四、星期五、星期六、星期日\"/>    </item><item>        <col title=\"有效期限\" content=\"长期招聘\"/>    </item>    </items>         <mapAddressItem title=\"工作地点\" content=\"北京市朝阳区东三环中路\">        </mapAddressItem> </jz_title_area>    </result></root>",
						"userID": "43494179704589",
						"title": "详情",
						"local_name": "bj",
						"pagetype": "detail",
						"list_name": "partime",
						"countType": "3"
					},
					"tradeline": "job"
				},
				"applied": false,
				"biz": false,
				"catename": "其他兼职",
				"checkbox": true,
				"countType": "",
				"danwei": "元/天",
				"dataType": "promation",
				"dateShow": "今天",
				"hasyan": true,
				"iconList": ["icon_huiyuan"],
				"infoID": 31543261753771,
				"infoSource": "6",
				"ishr": false,
				"labelAddr": ["日结", "营业执照"],
				"longterm": "长期",
				"pageview": "2194人看过",
				"quyu": "北京",
				"qyname": "北京沃德贝斯特管理咨询有限公司",
				"salary": "300",
				"sidDict": {
					"PGTID": "",
					"GTID": "110575873197686583097707724"
				},
				"title": "汽车试驾活动招聘兼职日结",
				"top": "",
				"userID": 43494179704589,
				"validity": "长期招聘",
				"xinzi": "300元/天",
				"xinzijiesuan": "日结"
			}, {
				"action": {
					"action": "pagetrans",
					"content": {
						"recomInfo": "false",
						"use_cache": "true",
						"infoID": "31375437844787",
						"full_path": "13941,13951",
						"infoSource": "6",
						"data_url": "https://app.58.com/api/detail",
						"pre_info": "<?xml version=\"1.0\" encoding=\"UTF-8\"?><root>        <result status=\"0\" msg=\"ok\">        <userinfo_area>    <apply_info title=\"申请职位\" type=\"jianzhi\">    </apply_info>    <tel_info title=\"电话\" content=\"\" len=\"\">        <action action=\"\"/>    </tel_info>    <bangbang_info title=\"语音\" content=\"\">        <action action=\"\"/>    </bangbang_info></userinfo_area>        <jz_title_area title=\"会展兼职活动\"            text=\"\"            user_type=\"0\"            >    <ext>        <item name=\"更新：今天\"/>        <item name=\"浏览： 2082人\"/>        <item name=\"申请：0人\"/>           </ext>    <price p=\"600\" u=\"元/天，日结\"/>    <items>    <item>        <col title=\"工作时间\" content=\"星期一、星期二、星期三、星期四、星期五、星期六、星期日\"/>    </item><item>        <col title=\"有效期限\" content=\"长期招聘\"/>    </item>    </items>         <mapAddressItem title=\"工作地点\" content=\"建外SOHO西区\">        </mapAddressItem> </jz_title_area>    </result></root>",
						"userID": "25934917753350",
						"title": "详情",
						"local_name": "bj",
						"pagetype": "detail",
						"list_name": "partime",
						"countType": "3"
					},
					"tradeline": "job"
				},
				"applied": false,
				"biz": true,
				"catename": "其他兼职",
				"checkbox": true,
				"countType": "",
				"danwei": "元/天",
				"dataType": "promation",
				"dateShow": "今天",
				"hasyan": true,
				"iconList": ["icon_huiyuan"],
				"infoID": 31375437844787,
				"infoSource": "6",
				"ishr": false,
				"labelAddr": ["日结", "营业执照"],
				"longterm": "长期",
				"pageview": "2081人看过",
				"quyu": "朝阳-国展",
				"qyname": "北京年代兄弟国际文化发展有限公司",
				"salary": "600",
				"sidDict": {
					"PGTID": "",
					"GTID": "110575873197686583097707724"
				},
				"title": "会展兼职活动",
				"top": "",
				"userID": 25934917753350,
				"validity": "长期招聘",
				"xinzi": "600元/天",
				"xinzijiesuan": "日结"
			}, {
				"action": {
					"action": "pagetrans",
					"content": {
						"recomInfo": "false",
						"use_cache": "true",
						"infoID": "31021803884730",
						"full_path": "13941,13945",
						"infoSource": "6",
						"data_url": "https://app.58.com/api/detail",
						"pre_info": "<?xml version=\"1.0\" encoding=\"UTF-8\"?><root>        <result status=\"0\" msg=\"ok\">        <userinfo_area>    <apply_info title=\"申请职位\" type=\"jianzhi\">    </apply_info>    <tel_info title=\"电话\" content=\"\" len=\"\">        <action action=\"\"/>    </tel_info>    <bangbang_info title=\"语音\" content=\"\">        <action action=\"\"/>    </bangbang_info></userinfo_area>        <jz_title_area title=\"优衣库实习生密云万象汇店\"            text=\"\"            user_type=\"0\"            >    <ext>        <item name=\"更新：今天\"/>        <item name=\"浏览： 1517人\"/>        <item name=\"申请：0人\"/>           </ext>    <price p=\"21\" u=\"元/小时，日结\"/>    <items>    <item>        <col title=\"工作时间\" content=\"星期一、星期二、星期三、星期四、星期五、星期六、星期日\"/>    </item><item>        <col title=\"有效期限\" content=\"长期招聘\"/>    </item>    </items>         <mapAddressItem title=\"工作地点\" content=\"北京市密云区华润万象汇\">        </mapAddressItem> </jz_title_area>    </result></root>",
						"userID": "41458939633425",
						"title": "详情",
						"local_name": "bj",
						"pagetype": "detail",
						"list_name": "xiaoshoucuxiao",
						"countType": "3"
					},
					"tradeline": "job"
				},
				"applied": false,
				"biz": false,
				"catename": "促销/导购",
				"checkbox": true,
				"countType": "",
				"danwei": "元/小时",
				"dataType": "promation",
				"dateShow": "今天",
				"hasyan": true,
				"iconList": ["icon_huiyuan"],
				"infoID": 31021803884730,
				"infoSource": "6",
				"ishr": false,
				"labelAddr": ["日结", "营业执照"],
				"longterm": "长期",
				"pageview": "1516人看过",
				"quyu": "密云",
				"qyname": "迅销（中国）商贸有限公司",
				"salary": "21",
				"sidDict": {
					"PGTID": "",
					"GTID": "110575873197686583097707724"
				},
				"title": "优衣库实习生密云万象汇店",
				"top": "",
				"userID": 41458939633425,
				"validity": "长期招聘",
				"xinzi": "21元/小时",
				"xinzijiesuan": "日结"
			}, {
				"action": {
					"action": "pagetrans",
					"content": {
						"recomInfo": "false",
						"use_cache": "true",
						"infoID": "31317973109295",
						"full_path": "13941,13951",
						"infoSource": "6",
						"data_url": "https://app.58.com/api/detail",
						"pre_info": "<?xml version=\"1.0\" encoding=\"UTF-8\"?><root>        <result status=\"0\" msg=\"ok\">        <userinfo_area>    <apply_info title=\"申请职位\" type=\"jianzhi\">    </apply_info>    <tel_info title=\"电话\" content=\"\" len=\"\">        <action action=\"\"/>    </tel_info>    <bangbang_info title=\"语音\" content=\"\">        <action action=\"\"/>    </bangbang_info></userinfo_area>        <jz_title_area title=\"NICI毛绒玩具展示会\"            text=\"\"            user_type=\"0\"            >    <ext>        <item name=\"更新：今天\"/>        <item name=\"浏览： 2724人\"/>        <item name=\"申请：0人\"/>           </ext>    <price p=\"100\" u=\"元/小时，日结\"/>    <items>    <item>        <col title=\"工作时间\" content=\"星期一、星期二、星期三、星期四、星期五、星期六、星期日\"/>    </item><item>        <col title=\"有效期限\" content=\"长期招聘\"/>    </item>    </items>         <mapAddressItem title=\"工作地点\" content=\"北京市昌平区天通苑\">        </mapAddressItem> </jz_title_area>    </result></root>",
						"userID": "17531563061511",
						"title": "详情",
						"local_name": "bj",
						"pagetype": "detail",
						"list_name": "partime",
						"countType": "3"
					},
					"tradeline": "job"
				},
				"applied": false,
				"biz": true,
				"catename": "其他兼职",
				"checkbox": true,
				"countType": "",
				"danwei": "元/小时",
				"dataType": "promation",
				"dateShow": "今天",
				"hasyan": true,
				"iconList": ["icon_huiyuan"],
				"infoID": 31317973109295,
				"infoSource": "6",
				"ishr": false,
				"labelAddr": ["日结", "营业执照"],
				"longterm": "长期",
				"pageview": "2723人看过",
				"quyu": "昌平-天通苑",
				"qyname": "北京得利恒和文化传播有限公司",
				"salary": "100",
				"sidDict": {
					"PGTID": "",
					"GTID": "110575873197686583097707724"
				},
				"title": "NICI毛绒玩具展示会",
				"top": "",
				"userID": 17531563061511,
				"validity": "长期招聘",
				"xinzi": "100元/小时",
				"xinzijiesuan": "日结"
			}, {
				"action": {
					"action": "pagetrans",
					"content": {
						"recomInfo": "false",
						"use_cache": "true",
						"infoID": "29229240654664",
						"full_path": "13941,13951",
						"infoSource": "6",
						"data_url": "https://app.58.com/api/detail",
						"pre_info": "<?xml version=\"1.0\" encoding=\"UTF-8\"?><root>        <result status=\"0\" msg=\"ok\">        <userinfo_area>    <apply_info title=\"申请职位\" type=\"jianzhi\">    </apply_info>    <tel_info title=\"电话\" content=\"\" len=\"\">        <action action=\"\"/>    </tel_info>    <bangbang_info title=\"语音\" content=\"\">        <action action=\"\"/>    </bangbang_info></userinfo_area>        <jz_title_area title=\"品味世界红酒展会招聘礼仪\"            text=\"\"            user_type=\"0\"            >    <ext>        <item name=\"更新：今天\"/>        <item name=\"浏览： 5813人\"/>        <item name=\"申请：0人\"/>           </ext>    <price p=\"500\" u=\"元/天，日结\"/>    <items>    <item>        <col title=\"工作时间\" content=\"星期一、星期二、星期三、星期四、星期五、星期六、星期日\"/>    </item><item>        <col title=\"有效期限\" content=\"长期招聘\"/>    </item>    </items>         <mapAddressItem title=\"工作地点\" content=\"北京市朝阳区十里堡都会国际8楼\">        </mapAddressItem> </jz_title_area>    </result></root>",
						"userID": "42874785802256",
						"title": "详情",
						"local_name": "bj",
						"pagetype": "detail",
						"list_name": "partime",
						"countType": "3"
					},
					"tradeline": "job"
				},
				"applied": false,
				"biz": true,
				"catename": "其他兼职",
				"checkbox": true,
				"countType": "",
				"danwei": "元/天",
				"dataType": "promation",
				"dateShow": "今天",
				"hasyan": true,
				"iconList": ["icon_huiyuan"],
				"infoID": 29229240654664,
				"infoSource": "6",
				"ishr": false,
				"labelAddr": ["日结", "营业执照"],
				"longterm": "长期",
				"pageview": "5812人看过",
				"quyu": "朝阳-国贸",
				"qyname": "北京得利恒和文化传播有限公司",
				"salary": "500",
				"sidDict": {
					"PGTID": "",
					"GTID": "110575873197686583097707724"
				},
				"title": "品味世界红酒展会招聘礼仪",
				"top": "",
				"userID": 42874785802256,
				"validity": "长期招聘",
				"xinzi": "500元/天",
				"xinzijiesuan": "日结"
			}, {
				"action": {
					"action": "pagetrans",
					"content": {
						"recomInfo": "false",
						"use_cache": "true",
						"infoID": "31462345651775",
						"full_path": "13941,13949",
						"infoSource": "6",
						"data_url": "https://app.58.com/api/detail",
						"pre_info": "<?xml version=\"1.0\" encoding=\"UTF-8\"?><root>        <result status=\"0\" msg=\"ok\">        <userinfo_area>    <apply_info title=\"申请职位\" type=\"jianzhi\">    </apply_info>    <tel_info title=\"电话\" content=\"\" len=\"\">        <action action=\"\"/>    </tel_info>    <bangbang_info title=\"语音\" content=\"\">        <action action=\"\"/>    </bangbang_info></userinfo_area>        <jz_title_area title=\"兼职促销小时工180日结\"            text=\"\"            user_type=\"0\"            >    <ext>        <item name=\"更新：今天\"/>        <item name=\"浏览： 1038人\"/>        <item name=\"申请：0人\"/>           </ext>    <price p=\"25\" u=\"元/小时，日结\"/>    <items>    <item>        <col title=\"工作时间\" content=\"星期一、星期二、星期三、星期四、星期五、星期六、星期日\"/>    </item><item>        <col title=\"有效期限\" content=\"长期招聘\"/>    </item>    </items>         <mapAddressItem title=\"工作地点\" content=\"龙德广场186号\">        </mapAddressItem> </jz_title_area>    </result></root>",
						"userID": "50240220680721",
						"title": "详情",
						"local_name": "bj",
						"pagetype": "detail",
						"list_name": "canyinfuwu",
						"countType": "3"
					},
					"tradeline": "job"
				},
				"applied": false,
				"biz": false,
				"catename": "钟点工",
				"checkbox": true,
				"countType": "",
				"danwei": "元/小时",
				"dataType": "promation",
				"dateShow": "今天",
				"hasyan": true,
				"iconList": ["icon_huiyuan"],
				"infoID": 31462345651775,
				"infoSource": "6",
				"ishr": false,
				"labelAddr": ["日结", "营业执照"],
				"longterm": "长期",
				"pageview": "1037人看过",
				"quyu": "昌平-多商圈",
				"qyname": "北京八创信诚营销策划有限公司",
				"salary": "25",
				"sidDict": {
					"PGTID": "",
					"GTID": "110575873197686583097707724"
				},
				"title": "兼职促销小时工180日结",
				"top": "",
				"userID": 50240220680721,
				"validity": "长期招聘",
				"xinzi": "25元/小时",
				"xinzijiesuan": "日结"
			}, {
				"action": {
					"action": "pagetrans",
					"content": {
						"recomInfo": "false",
						"use_cache": "true",
						"infoID": "31107313584297",
						"full_path": "13941,9303",
						"infoSource": "6",
						"data_url": "https://app.58.com/api/detail",
						"pre_info": "<?xml version=\"1.0\" encoding=\"UTF-8\"?><root>        <result status=\"0\" msg=\"ok\">        <userinfo_area>    <apply_info title=\"申请职位\" type=\"jianzhi\">    </apply_info>    <tel_info title=\"电话\" content=\"\" len=\"\">        <action action=\"\"/>    </tel_info>    <bangbang_info title=\"语音\" content=\"\">        <action action=\"\"/>    </bangbang_info></userinfo_area>        <jz_title_area title=\"淘宝网店拍摄直招平面模特\"            text=\"\"            user_type=\"0\"            >    <ext>        <item name=\"更新：今天\"/>        <item name=\"浏览： 1704人\"/>        <item name=\"申请：0人\"/>           </ext>    <price p=\"800\" u=\"元/天，日结\"/>    <items>    <item>        <col title=\"工作时间\" content=\"星期二、星期三、星期四、星期六、星期日\"/>    </item><item>        <col title=\"有效期限\" content=\"长期招聘\"/>    </item>    </items>         <mapAddressItem title=\"工作地点\" content=\"北京朝阳区CBD\">        </mapAddressItem> </jz_title_area>    </result></root>",
						"userID": "41817657912590",
						"title": "详情",
						"local_name": "bj",
						"pagetype": "detail",
						"list_name": "liyiyanyi",
						"countType": "3"
					},
					"tradeline": "job"
				},
				"applied": false,
				"biz": false,
				"catename": "礼仪/模特",
				"checkbox": true,
				"countType": "",
				"danwei": "元/天",
				"dataType": "promation",
				"dateShow": "今天",
				"hasyan": true,
				"iconList": ["icon_huiyuan"],
				"infoID": 31107313584297,
				"infoSource": "6",
				"ishr": false,
				"labelAddr": ["日结", "营业执照"],
				"longterm": "长期",
				"pageview": "1703人看过",
				"quyu": "朝阳-CBD ",
				"qyname": "北京吉时雨文化传媒有限公司",
				"salary": "800",
				"sidDict": {
					"PGTID": "",
					"GTID": "110575873197686583097707724"
				},
				"title": "淘宝网店拍摄直招平面模特",
				"top": "",
				"userID": 41817657912590,
				"validity": "长期招聘",
				"xinzi": "800元/天",
				"xinzijiesuan": "日结"
			}, {
				"action": {
					"action": "pagetrans",
					"content": {
						"recomInfo": "false",
						"use_cache": "true",
						"infoID": "29882458675896",
						"full_path": "13941,9303",
						"infoSource": "6",
						"data_url": "https://app.58.com/api/detail",
						"pre_info": "<?xml version=\"1.0\" encoding=\"UTF-8\"?><root>        <result status=\"0\" msg=\"ok\">        <userinfo_area>    <apply_info title=\"申请职位\" type=\"jianzhi\">    </apply_info>    <tel_info title=\"电话\" content=\"\" len=\"\">        <action action=\"\"/>    </tel_info>    <bangbang_info title=\"语音\" content=\"\">        <action action=\"\"/>    </bangbang_info></userinfo_area>        <jz_title_area title=\"平面模特礼仪\"            text=\"\"            user_type=\"0\"            >    <ext>        <item name=\"更新：今天\"/>        <item name=\"浏览： 2143人\"/>        <item name=\"申请：0人\"/>           </ext>    <price p=\"800\" u=\"元/天，日结\"/>    <items>    <item>        <col title=\"工作时间\" content=\"星期一、星期二、星期三、星期四、星期五、星期六、星期日\"/>    </item><item>        <col title=\"有效期限\" content=\"长期招聘\"/>    </item>    </items>         <mapAddressItem title=\"工作地点\" content=\"朝阳区西大望路27号院76幢\">        </mapAddressItem> </jz_title_area>    </result></root>",
						"userID": "27856399577350",
						"title": "详情",
						"local_name": "bj",
						"pagetype": "detail",
						"list_name": "liyiyanyi",
						"countType": "3"
					},
					"tradeline": "job"
				},
				"applied": false,
				"biz": false,
				"catename": "礼仪/模特",
				"checkbox": true,
				"countType": "",
				"danwei": "元/天",
				"dataType": "promation",
				"dateShow": "今天",
				"hasyan": true,
				"iconList": ["icon_huiyuan"],
				"infoID": 29882458675896,
				"infoSource": "6",
				"ishr": false,
				"labelAddr": ["日结", "营业执照"],
				"longterm": "长期",
				"pageview": "2142人看过",
				"quyu": "朝阳",
				"qyname": "华影百辰国际文化传媒（北京）有限公司",
				"salary": "800",
				"sidDict": {
					"PGTID": "",
					"GTID": "110575873197686583097707724"
				},
				"title": "平面模特礼仪",
				"top": "",
				"userID": 27856399577350,
				"validity": "长期招聘",
				"xinzi": "800元/天",
				"xinzijiesuan": "日结"
			}, {
				"action": {
					"action": "pagetrans",
					"content": {
						"recomInfo": "false",
						"use_cache": "true",
						"infoID": "31307145582404",
						"full_path": "13941,35246",
						"infoSource": "6",
						"data_url": "https://app.58.com/api/detail",
						"pre_info": "<?xml version=\"1.0\" encoding=\"UTF-8\"?><root>        <result status=\"0\" msg=\"ok\">        <userinfo_area>    <apply_info title=\"申请职位\" type=\"jianzhi\">    </apply_info>    <tel_info title=\"电话\" content=\"\" len=\"\">        <action action=\"\"/>    </tel_info>    <bangbang_info title=\"语音\" content=\"\">        <action action=\"\"/>    </bangbang_info></userinfo_area>        <jz_title_area title=\"活动现场礼品派发工资日结\"            text=\"\"            user_type=\"0\"            >    <ext>        <item name=\"更新：今天\"/>        <item name=\"浏览： 2731人\"/>        <item name=\"申请：0人\"/>           </ext>    <price p=\"180\" u=\"元/天，日结\"/>    <items>    <item>        <col title=\"工作时间\" content=\"星期一、星期二、星期三、星期四、星期五、星期六、星期日\"/>    </item><item>        <col title=\"有效期限\" content=\"长期招聘\"/>    </item>    </items>         <mapAddressItem title=\"工作地点\" content=\"北京市朝阳区东三环中路\">        </mapAddressItem> </jz_title_area>    </result></root>",
						"userID": "46590833198101",
						"title": "详情",
						"local_name": "bj",
						"pagetype": "detail",
						"list_name": "event",
						"countType": "3"
					},
					"tradeline": "job"
				},
				"applied": false,
				"biz": false,
				"catename": "活动策划",
				"checkbox": true,
				"countType": "",
				"danwei": "元/天",
				"dataType": "promation",
				"dateShow": "今天",
				"hasyan": true,
				"iconList": ["icon_huiyuan"],
				"infoID": 31307145582404,
				"infoSource": "6",
				"ishr": false,
				"labelAddr": ["日结", "营业执照"],
				"longterm": "长期",
				"pageview": "2730人看过",
				"quyu": "朝阳",
				"qyname": "北京沃德贝斯特管理咨询有限公司",
				"salary": "180",
				"sidDict": {
					"PGTID": "",
					"GTID": "110575873197686583097707724"
				},
				"title": "活动现场礼品派发工资日结",
				"top": "",
				"userID": 46590833198101,
				"validity": "长期招聘",
				"xinzi": "180元/天",
				"xinzijiesuan": "日结"
			}, {
				"action": {
					"action": "pagetrans",
					"content": {
						"recomInfo": "false",
						"use_cache": "true",
						"infoID": "31142469668411",
						"full_path": "13941,9303",
						"infoSource": "6",
						"data_url": "https://app.58.com/api/detail",
						"pre_info": "<?xml version=\"1.0\" encoding=\"UTF-8\"?><root>        <result status=\"0\" msg=\"ok\">        <userinfo_area>    <apply_info title=\"申请职位\" type=\"jianzhi\">    </apply_info>    <tel_info title=\"电话\" content=\"\" len=\"\">        <action action=\"\"/>    </tel_info>    <bangbang_info title=\"语音\" content=\"\">        <action action=\"\"/>    </bangbang_info></userinfo_area>        <jz_title_area title=\"直聘模特工资日结\"            text=\"\"            user_type=\"0\"            >    <ext>        <item name=\"更新：今天\"/>        <item name=\"浏览： 589人\"/>        <item name=\"申请：0人\"/>           </ext>    <price p=\"999\" u=\"元/天，日结\"/>    <items>    <item>        <col title=\"工作时间\" content=\"星期一、星期二、星期三、星期四、星期五、星期六、星期日\"/>    </item><item>        <col title=\"有效期限\" content=\"长期招聘\"/>    </item>    </items>         <mapAddressItem title=\"工作地点\" content=\"北京市朝阳区亚运村大屯北路四海凯悦\">        </mapAddressItem> </jz_title_area>    </result></root>",
						"userID": "49535869360399",
						"title": "详情",
						"local_name": "bj",
						"pagetype": "detail",
						"list_name": "liyiyanyi",
						"countType": "3"
					},
					"tradeline": "job"
				},
				"applied": false,
				"biz": false,
				"catename": "礼仪/模特",
				"checkbox": true,
				"countType": "",
				"danwei": "元/天",
				"dataType": "promation",
				"dateShow": "今天",
				"hasyan": true,
				"iconList": ["icon_huiyuan"],
				"infoID": 31142469668411,
				"infoSource": "6",
				"ishr": false,
				"labelAddr": ["日结", "营业执照"],
				"longterm": "长期",
				"pageview": "588人看过",
				"quyu": "朝阳",
				"qyname": "北京圣夕文化传媒有限公司",
				"salary": "999",
				"sidDict": {
					"PGTID": "",
					"GTID": "110575873197686583097707724"
				},
				"title": "直聘模特工资日结",
				"top": "",
				"userID": 49535869360399,
				"validity": "长期招聘",
				"xinzi": "999元/天",
				"xinzijiesuan": "日结"
			}, {
				"action": {
					"action": "pagetrans",
					"content": {
						"recomInfo": "false",
						"use_cache": "true",
						"infoID": "30320987867702",
						"full_path": "13941,9303",
						"infoSource": "6",
						"data_url": "https://app.58.com/api/detail",
						"pre_info": "<?xml version=\"1.0\" encoding=\"UTF-8\"?><root>        <result status=\"0\" msg=\"ok\">        <userinfo_area>    <apply_info title=\"申请职位\" type=\"jianzhi\">    </apply_info>    <tel_info title=\"电话\" content=\"\" len=\"\">        <action action=\"\"/>    </tel_info>    <bangbang_info title=\"语音\" content=\"\">        <action action=\"\"/>    </bangbang_info></userinfo_area>        <jz_title_area title=\"高薪招聘礼仪模特\"            text=\"\"            user_type=\"0\"            >    <ext>        <item name=\"更新：今天\"/>        <item name=\"浏览： 3343人\"/>        <item name=\"申请：0人\"/>           </ext>    <price p=\"900\" u=\"元/天，日结\"/>    <items>    <item>        <col title=\"工作时间\" content=\"星期一、星期二、星期三、星期四、星期五、星期六、星期日\"/>    </item><item>        <col title=\"有效期限\" content=\"长期招聘\"/>    </item>    </items>         <mapAddressItem title=\"工作地点\" content=\"山东省济南市海奥科技\">        </mapAddressItem> </jz_title_area>    </result></root>",
						"userID": "47724428374038",
						"title": "详情",
						"local_name": "bj",
						"pagetype": "detail",
						"list_name": "liyiyanyi",
						"countType": "3"
					},
					"tradeline": "job"
				},
				"applied": false,
				"biz": true,
				"catename": "礼仪/模特",
				"checkbox": true,
				"countType": "",
				"danwei": "元/天",
				"dataType": "promation",
				"dateShow": "今天",
				"hasyan": true,
				"iconList": ["icon_huiyuan"],
				"infoID": 30320987867702,
				"infoSource": "6",
				"ishr": false,
				"labelAddr": ["日结", "营业执照"],
				"longterm": "长期",
				"pageview": "3342人看过",
				"quyu": "朝阳",
				"qyname": "海奥科技（海南）有限公司",
				"salary": "900",
				"sidDict": {
					"PGTID": "",
					"GTID": "110575873197686583097707724"
				},
				"title": "高薪招聘礼仪模特",
				"top": "",
				"userID": 47724428374038,
				"validity": "长期招聘",
				"xinzi": "900元/天",
				"xinzijiesuan": "日结"
			}, {
				"recommendations": {
					"bottomOperations": []
				}
			}, {
				"action": {
					"action": "pagetrans",
					"content": {
						"recomInfo": "false",
						"use_cache": "true",
						"infoID": "31574290468020",
						"full_path": "13941,9303",
						"infoSource": "6",
						"data_url": "https://app.58.com/api/detail",
						"pre_info": "<?xml version=\"1.0\" encoding=\"UTF-8\"?><root>        <result status=\"0\" msg=\"ok\">        <userinfo_area>    <apply_info title=\"申请职位\" type=\"jianzhi\">    </apply_info>    <tel_info title=\"电话\" content=\"\" len=\"\">        <action action=\"\"/>    </tel_info>    <bangbang_info title=\"语音\" content=\"\">        <action action=\"\"/>    </bangbang_info></userinfo_area>        <jz_title_area title=\"淘宝平面模特主播直招\"            text=\"\"            user_type=\"0\"            >    <ext>        <item name=\"更新：今天\"/>        <item name=\"浏览： 3545人\"/>        <item name=\"申请：0人\"/>           </ext>    <price p=\"600\" u=\"元/天，日结\"/>    <items>    <item>        <col title=\"工作时间\" content=\"星期一、星期二、星期三、星期四、星期五、星期六、星期日\"/>    </item><item>        <col title=\"有效期限\" content=\"长期招聘\"/>    </item>    </items>         <mapAddressItem title=\"工作地点\" content=\"海淀区西四环内慧科大厦东区6H1\">        </mapAddressItem> </jz_title_area>    </result></root>",
						"userID": "50111425979926",
						"title": "详情",
						"local_name": "bj",
						"pagetype": "detail",
						"list_name": "liyiyanyi",
						"countType": "3"
					},
					"tradeline": "job"
				},
				"applied": false,
				"biz": false,
				"catename": "礼仪/模特",
				"checkbox": true,
				"countType": "",
				"danwei": "元/天",
				"dataType": "promation",
				"dateShow": "今天",
				"hasyan": true,
				"iconList": ["icon_huiyuan"],
				"infoID": 31574290468020,
				"infoSource": "6",
				"ishr": false,
				"labelAddr": ["日结", "营业执照"],
				"longterm": "长期",
				"pageview": "3544人看过",
				"quyu": "海淀",
				"qyname": "北京逸铭文化传媒有限公司",
				"salary": "600",
				"sidDict": {
					"PGTID": "",
					"GTID": "110575873197686583097707724"
				},
				"title": "淘宝平面模特主播直招",
				"top": "",
				"userID": 50111425979926,
				"validity": "长期招聘",
				"xinzi": "600元/天",
				"xinzijiesuan": "日结"
			}, {
				"action": {
					"action": "pagetrans",
					"content": {
						"recomInfo": "false",
						"use_cache": "true",
						"infoID": "30138208410567",
						"full_path": "13941,9303",
						"infoSource": "6",
						"data_url": "https://app.58.com/api/detail",
						"pre_info": "<?xml version=\"1.0\" encoding=\"UTF-8\"?><root>        <result status=\"0\" msg=\"ok\">        <userinfo_area>    <apply_info title=\"申请职位\" type=\"jianzhi\">    </apply_info>    <tel_info title=\"电话\" content=\"\" len=\"\">        <action action=\"\"/>    </tel_info>    <bangbang_info title=\"语音\" content=\"\">        <action action=\"\"/>    </bangbang_info></userinfo_area>        <jz_title_area title=\"诚聘网络主播\"            text=\"\"            user_type=\"0\"            >    <ext>        <item name=\"更新：今天\"/>        <item name=\"浏览： 6391人\"/>        <item name=\"申请：0人\"/>           </ext>    <price p=\"300\" u=\"元/小时，周结\"/>    <items>    <item>        <col title=\"工作时间\" content=\"星期一、星期二、星期三、星期四、星期五、星期六、星期日\"/>    </item><item>        <col title=\"有效期限\" content=\"长期招聘\"/>    </item>    </items>         <mapAddressItem title=\"工作地点\" content=\"北京市朝阳区双井首城国际人事部\">        </mapAddressItem> </jz_title_area>    </result></root>",
						"userID": "47613829695763",
						"title": "详情",
						"local_name": "bj",
						"pagetype": "detail",
						"list_name": "liyiyanyi",
						"countType": "3"
					},
					"tradeline": "job"
				},
				"applied": false,
				"biz": false,
				"catename": "礼仪/模特",
				"checkbox": true,
				"countType": "",
				"danwei": "元/小时",
				"dataType": "promation",
				"dateShow": "今天",
				"hasyan": true,
				"iconList": ["icon_huiyuan"],
				"infoID": 30138208410567,
				"infoSource": "6",
				"ishr": false,
				"labelAddr": ["周结", "营业执照"],
				"longterm": "长期",
				"pageview": "6390人看过",
				"quyu": "北京",
				"qyname": "北京恒昌国际文化传媒有限公司",
				"salary": "300",
				"sidDict": {
					"PGTID": "",
					"GTID": "110575873197686583097707724"
				},
				"title": "诚聘网络主播",
				"top": "",
				"userID": 47613829695763,
				"validity": "长期招聘",
				"xinzi": "300元/小时",
				"xinzijiesuan": "周结"
			}, {
				"action": {
					"action": "pagetrans",
					"content": {
						"recomInfo": "false",
						"use_cache": "true",
						"infoID": "31726801675971",
						"full_path": "13941,28925",
						"infoSource": "6",
						"data_url": "https://app.58.com/api/detail",
						"pre_info": "<?xml version=\"1.0\" encoding=\"UTF-8\"?><root>        <result status=\"0\" msg=\"ok\">        <userinfo_area>    <apply_info title=\"申请职位\" type=\"jianzhi\">    </apply_info>    <tel_info title=\"电话\" content=\"\" len=\"\">        <action action=\"\"/>    </tel_info>    <bangbang_info title=\"语音\" content=\"\">        <action action=\"\"/>    </bangbang_info></userinfo_area>        <jz_title_area title=\"配送员\"            text=\"\"            user_type=\"0\"            >    <ext>        <item name=\"更新：今天\"/>        <item name=\"浏览： 158人\"/>        <item name=\"申请：0人\"/>           </ext>    <price p=\"50\" u=\"元/天，月结\"/>    <items>    <item>        <col title=\"工作时间\" content=\"星期一、星期二、星期三、星期四、星期五、星期六、星期日\"/>    </item><item>        <col title=\"有效期限\" content=\"长期招聘\"/>    </item>    </items>         <mapAddressItem title=\"工作地点\" content=\"北京市朝阳区丽泽东园308号博泰嘉华国际酒店东配楼3层\">        </mapAddressItem> </jz_title_area>    </result></root>",
						"userID": "38038560199184",
						"title": "详情",
						"local_name": "bj",
						"pagetype": "detail",
						"list_name": "peisongyuan",
						"countType": "3"
					},
					"tradeline": "job"
				},
				"applied": false,
				"biz": false,
				"catename": "生活配送员",
				"checkbox": true,
				"countType": "",
				"danwei": "元/天",
				"dataType": "promation",
				"dateShow": "今天",
				"hasyan": true,
				"iconList": ["icon_huiyuan"],
				"infoID": 31726801675971,
				"infoSource": "6",
				"ishr": false,
				"labelAddr": ["月结", "营业执照"],
				"longterm": "长期",
				"pageview": "157人看过",
				"quyu": "北京",
				"qyname": "北京秋瑞科贸有限公司",
				"salary": "50",
				"sidDict": {
					"PGTID": "",
					"GTID": "110575873197686583097707724"
				},
				"title": "配送员",
				"top": "",
				"userID": 38038560199184,
				"validity": "长期招聘",
				"xinzi": "50元/天",
				"xinzijiesuan": "月结"
			}, {
				"action": {
					"action": "pagetrans",
					"content": {
						"recomInfo": "false",
						"use_cache": "true",
						"infoID": "31715527701191",
						"full_path": "13941,9303",
						"infoSource": "6",
						"data_url": "https://app.58.com/api/detail",
						"pre_info": "<?xml version=\"1.0\" encoding=\"UTF-8\"?><root>        <result status=\"0\" msg=\"ok\">        <userinfo_area>    <apply_info title=\"申请职位\" type=\"jianzhi\">    </apply_info>    <tel_info title=\"电话\" content=\"\" len=\"\">        <action action=\"\"/>    </tel_info>    <bangbang_info title=\"语音\" content=\"\">        <action action=\"\"/>    </bangbang_info></userinfo_area>        <jz_title_area title=\"淘宝网直招兼职模特\"            text=\"\"            user_type=\"0\"            >    <ext>        <item name=\"更新：今天\"/>        <item name=\"浏览： 113人\"/>        <item name=\"申请：0人\"/>           </ext>    <price p=\"800\" u=\"元/天，日结\"/>    <items>    <item>        <col title=\"工作时间\" content=\"星期一、星期二、星期三、星期四、星期五、星期六、星期日\"/>    </item><item>        <col title=\"有效期限\" content=\"长期招聘\"/>    </item>    </items>         <mapAddressItem title=\"工作地点\" content=\"北京海淀区西直门外大街132号东鼎购物\">        </mapAddressItem> </jz_title_area>    </result></root>",
						"userID": "47676013228309",
						"title": "详情",
						"local_name": "bj",
						"pagetype": "detail",
						"list_name": "liyiyanyi",
						"countType": "3"
					},
					"tradeline": "job"
				},
				"applied": false,
				"biz": false,
				"catename": "礼仪/模特",
				"checkbox": true,
				"countType": "",
				"danwei": "元/天",
				"dataType": "promation",
				"dateShow": "今天",
				"hasyan": true,
				"iconList": ["icon_huiyuan"],
				"infoID": 31715527701191,
				"infoSource": "6",
				"ishr": false,
				"labelAddr": ["日结", "营业执照"],
				"longterm": "长期",
				"pageview": "112人看过",
				"quyu": "海淀-交通大学",
				"qyname": "北京吉时雨文化传媒有限公司",
				"salary": "800",
				"sidDict": {
					"PGTID": "",
					"GTID": "110575873197686583097707724"
				},
				"title": "淘宝网直招兼职模特",
				"top": "",
				"userID": 47676013228309,
				"validity": "长期招聘",
				"xinzi": "800元/天",
				"xinzijiesuan": "日结"
			}, {
				"action": {
					"action": "pagetrans",
					"content": {
						"recomInfo": "false",
						"use_cache": "true",
						"infoID": "31206942045372",
						"full_path": "13941,9303",
						"infoSource": "6",
						"data_url": "https://app.58.com/api/detail",
						"pre_info": "<?xml version=\"1.0\" encoding=\"UTF-8\"?><root>        <result status=\"0\" msg=\"ok\">        <userinfo_area>    <apply_info title=\"申请职位\" type=\"jianzhi\">    </apply_info>    <tel_info title=\"电话\" content=\"\" len=\"\">        <action action=\"\"/>    </tel_info>    <bangbang_info title=\"语音\" content=\"\">        <action action=\"\"/>    </bangbang_info></userinfo_area>        <jz_title_area title=\"聘秋冬装发布会礼仪模特\"            text=\"\"            user_type=\"0\"            >    <ext>        <item name=\"更新：今天\"/>        <item name=\"浏览： 1979人\"/>        <item name=\"申请：0人\"/>           </ext>    <price p=\"800\" u=\"元/天，日结\"/>    <items>    <item>        <col title=\"工作时间\" content=\"星期一、星期二、星期三、星期四、星期五、星期六、星期日\"/>    </item><item>        <col title=\"有效期限\" content=\"长期招聘\"/>    </item>    </items>         <mapAddressItem title=\"工作地点\" content=\"北京市蓝靛厂西路11号\">        </mapAddressItem> </jz_title_area>    </result></root>",
						"userID": "43587652020750",
						"title": "详情",
						"local_name": "bj",
						"pagetype": "detail",
						"list_name": "liyiyanyi",
						"countType": "3"
					},
					"tradeline": "job"
				},
				"applied": false,
				"biz": true,
				"catename": "礼仪/模特",
				"checkbox": true,
				"countType": "",
				"danwei": "元/天",
				"dataType": "promation",
				"dateShow": "今天",
				"hasyan": true,
				"iconList": ["icon_huiyuan"],
				"infoID": 31206942045372,
				"infoSource": "6",
				"ishr": false,
				"labelAddr": ["日结", "营业执照"],
				"longterm": "长期",
				"pageview": "1978人看过",
				"quyu": "北京",
				"qyname": "北京锦瑟时尚文化传媒有限公司",
				"salary": "800",
				"sidDict": {
					"PGTID": "",
					"GTID": "110575873197686583097707724"
				},
				"title": "聘秋冬装发布会礼仪模特",
				"top": "",
				"userID": 43587652020750,
				"validity": "长期招聘",
				"xinzi": "800元/天",
				"xinzijiesuan": "日结"
			}],
			"lastPage": false,
			"pageIndex": 1,
			"pageSize": 25,
			"pubTitle": "兼职招聘",
			"pubUrl": "https://qy.m.58.com/toselectpage/?wbpagefrom=funcpage",
			"searchNum": 22021,
			"showLocalTip": false,
			"sidDict": {
				"PGTID": "",
				"GTID": "110575873197686583097707724"
			}
		},
		"getFilterInfo": {
			"localList": [{
				"id": "filterLocal",
				"isParent": false,
				"selected": true,
				"selectedText": "北京",
				"show": true,
				"text": "北京",
				"type": "localname",
				"value": "bj"
			}],
			"moreList": {
				"selected": true,
				"text": "更多",
				"value": [{
					"id": "param8897",
					"isParent": true,
					"selected": true,
					"selectedText": "薪资结算",
					"subList": [{
						"id": "-1",
						"isParent": false,
						"selected": true,
						"selectedText": "不限",
						"text": "不限",
						"value": "-1"
					}, {
						"isParent": false,
						"selected": false,
						"selectedText": "日结",
						"text": "日结",
						"value": "1"
					}, {
						"isParent": false,
						"selected": false,
						"selectedText": "周结",
						"text": "周结",
						"value": "2"
					}, {
						"isParent": false,
						"selected": false,
						"selectedText": "月结",
						"text": "月结",
						"value": "3"
					}, {
						"isParent": false,
						"selected": false,
						"selectedText": "完工结算",
						"text": "完工结算",
						"value": "4"
					}],
					"text": "工资结算方式"
				}, {
					"id": "param8895",
					"isParent": true,
					"selected": true,
					"selectedText": "工作时段",
					"subList": [{
						"id": "-1",
						"isParent": false,
						"selected": true,
						"selectedText": "不限",
						"text": "不限",
						"value": "-1"
					}, {
						"isParent": false,
						"selected": false,
						"selectedText": "长期",
						"text": "长期",
						"value": "1"
					}, {
						"isParent": false,
						"selected": false,
						"selectedText": "短期",
						"text": "短期",
						"value": "0"
					}],
					"text": "工作时段"
				}]
			},
			"pList": [{
				"cmcspid": "-1",
				"id": "cmcspid",
				"isParent": false,
				"listName": "jianzhi",
				"selected": true,
				"selectedText": "职位",
				"subList": [{
					"cmcspid": "-1",
					"id": "-1",
					"isParent": false,
					"listName": "-1",
					"selected": true,
					"selectedText": "不限",
					"text": "不限"
				}, {
					"cmcspid": "13971",
					"id": "13971",
					"isParent": false,
					"listName": "xueshengjianzhi",
					"selected": false,
					"selectedText": "学生兼职",
					"text": "学生兼职"
				}, {
					"cmcspid": "13945",
					"id": "13945",
					"isParent": false,
					"listName": "xiaoshoucuxiao",
					"selected": false,
					"selectedText": "促销/导购",
					"text": "促销/导购"
				}, {
					"cmcspid": "28923",
					"id": "28923",
					"isParent": false,
					"listName": "fachuandan",
					"selected": false,
					"selectedText": "传单派发",
					"text": "传单派发"
				}, {
					"cmcspid": "13949",
					"id": "13949",
					"isParent": false,
					"listName": "canyinfuwu",
					"selected": false,
					"selectedText": "钟点工",
					"text": "钟点工"
				}, {
					"cmcspid": "28924",
					"id": "28924",
					"isParent": false,
					"listName": "jianzhifwy",
					"selected": false,
					"selectedText": "服务员",
					"text": "服务员"
				}, {
					"cmcspid": "28925",
					"id": "28925",
					"isParent": false,
					"listName": "peisongyuan",
					"selected": false,
					"selectedText": "生活配送员",
					"text": "生活配送员"
				}, {
					"cmcspid": "35248",
					"id": "35248",
					"isParent": false,
					"listName": "yiyuanhugong",
					"selected": false,
					"selectedText": "护工",
					"text": "护工"
				}, {
					"cmcspid": "35249",
					"id": "35249",
					"isParent": false,
					"listName": "cuiru",
					"selected": false,
					"selectedText": "催乳师",
					"text": "催乳师"
				}, {
					"cmcspid": "13946",
					"id": "13946",
					"isParent": false,
					"listName": "kefushichang",
					"selected": false,
					"selectedText": "问卷调查",
					"text": "问卷调查"
				}, {
					"cmcspid": "35246",
					"id": "35246",
					"isParent": false,
					"listName": "event",
					"selected": false,
					"selectedText": "活动策划",
					"text": "活动策划"
				}, {
					"cmcspid": "35244",
					"id": "35244",
					"isParent": false,
					"listName": "wangluoyingxiao",
					"selected": false,
					"selectedText": "网络营销",
					"text": "网络营销"
				}, {
					"cmcspid": "35245",
					"id": "35245",
					"isParent": false,
					"listName": "actingplayer",
					"selected": false,
					"selectedText": "游戏代练",
					"text": "游戏代练"
				}, {
					"cmcspid": "13942",
					"id": "13942",
					"isParent": false,
					"listName": "jisuanjiwl",
					"selected": false,
					"selectedText": "网站建设",
					"text": "网站建设"
				}, {
					"cmcspid": "35251",
					"id": "35251",
					"isParent": false,
					"listName": "partimeseo",
					"selected": false,
					"selectedText": "SEO优化",
					"text": "SEO优化"
				}, {
					"cmcspid": "28927",
					"id": "28927",
					"isParent": false,
					"listName": "jzsoftware",
					"selected": false,
					"selectedText": "软件开发/编程",
					"text": "软件开发/编程"
				}, {
					"cmcspid": "35252",
					"id": "35252",
					"isParent": false,
					"listName": "partimeqa",
					"selected": false,
					"selectedText": "兼职测试",
					"text": "兼职测试"
				}, {
					"cmcspid": "28928",
					"id": "28928",
					"isParent": false,
					"listName": "jzbuxian",
					"selected": false,
					"selectedText": "网络布线/维修",
					"text": "网络布线/维修"
				}, {
					"cmcspid": "13943",
					"id": "13943",
					"isParent": false,
					"listName": "computer",
					"selected": false,
					"selectedText": "美工/平面设计",
					"text": "美工/平面设计"
				}, {
					"cmcspid": "35253",
					"id": "35253",
					"isParent": false,
					"listName": "cadesign",
					"selected": false,
					"selectedText": "CAD制图/装修设计",
					"text": "CAD制图/装修设计"
				}, {
					"cmcspid": "35254",
					"id": "35254",
					"isParent": false,
					"listName": "imageps",
					"selected": false,
					"selectedText": "图片处理",
					"text": "图片处理"
				}, {
					"cmcspid": "35255",
					"id": "35255",
					"isParent": false,
					"listName": "comic",
					"selected": false,
					"selectedText": "手绘/漫画",
					"text": "手绘/漫画"
				}, {
					"cmcspid": "28926",
					"id": "28926",
					"isParent": false,
					"listName": "jianjizhizuo",
					"selected": false,
					"selectedText": "视频剪辑/制作",
					"text": "视频剪辑/制作"
				}, {
					"cmcspid": "28929",
					"id": "28929",
					"isParent": false,
					"listName": "jzjigong",
					"selected": false,
					"selectedText": "技工",
					"text": "技工"
				}, {
					"cmcspid": "13948",
					"id": "13948",
					"isParent": false,
					"listName": "jiaoyupeixun",
					"selected": false,
					"selectedText": "家教",
					"text": "家教"
				}, {
					"cmcspid": "28930",
					"id": "28930",
					"isParent": false,
					"listName": "jzyishu",
					"selected": false,
					"selectedText": "艺术老师",
					"text": "艺术老师"
				}, {
					"cmcspid": "28931",
					"id": "28931",
					"isParent": false,
					"listName": "jzjianshen",
					"selected": false,
					"selectedText": "健身教练",
					"text": "健身教练"
				}, {
					"cmcspid": "28932",
					"id": "28932",
					"isParent": false,
					"listName": "jzpeilian",
					"selected": false,
					"selectedText": "汽车陪练",
					"text": "汽车陪练"
				}, {
					"cmcspid": "35250",
					"id": "35250",
					"isParent": false,
					"listName": "daijiayuan",
					"selected": false,
					"selectedText": "汽车代驾",
					"text": "汽车代驾"
				}, {
					"cmcspid": "35256",
					"id": "35256",
					"isParent": false,
					"listName": "tourguide",
					"selected": false,
					"selectedText": "导游",
					"text": "导游"
				}, {
					"cmcspid": "35243",
					"id": "35243",
					"isParent": false,
					"listName": "xiezuowenan",
					"selected": false,
					"selectedText": "写作",
					"text": "写作"
				}, {
					"cmcspid": "13947",
					"id": "13947",
					"isParent": false,
					"listName": "jianzhicaiwu",
					"selected": false,
					"selectedText": "会计",
					"text": "会计"
				}, {
					"cmcspid": "13944",
					"id": "13944",
					"isParent": false,
					"listName": "yuyanwenzi",
					"selected": false,
					"selectedText": "翻译",
					"text": "翻译"
				}, {
					"cmcspid": "28934",
					"id": "28934",
					"isParent": false,
					"listName": "daguansi",
					"selected": false,
					"selectedText": "律师/法务",
					"text": "律师/法务"
				}, {
					"cmcspid": "28933",
					"id": "28933",
					"isParent": false,
					"listName": "jzphoto",
					"selected": false,
					"selectedText": "摄影/摄像",
					"text": "摄影/摄像"
				}, {
					"cmcspid": "28935",
					"id": "28935",
					"isParent": false,
					"listName": "jzmakeup",
					"selected": false,
					"selectedText": "化妆师",
					"text": "化妆师"
				}, {
					"cmcspid": "9303",
					"id": "9303",
					"isParent": false,
					"listName": "liyiyanyi",
					"selected": false,
					"selectedText": "礼仪/模特",
					"text": "礼仪/模特"
				}, {
					"cmcspid": "28936",
					"id": "28936",
					"isParent": false,
					"listName": "jzwenyi",
					"selected": false,
					"selectedText": "司仪/驻唱/演出",
					"text": "司仪/驻唱/演出"
				}, {
					"cmcspid": "35257",
					"id": "35257",
					"isParent": false,
					"listName": "volunteer",
					"selected": false,
					"selectedText": "志愿者",
					"text": "志愿者"
				}, {
					"cmcspid": "13951",
					"id": "13951",
					"isParent": false,
					"listName": "partime",
					"selected": false,
					"selectedText": "其他兼职",
					"text": "其他兼职"
				}, {
					"cmcspid": "394218",
					"id": "394218",
					"isParent": false,
					"listName": "wangdianmodel",
					"selected": false,
					"selectedText": "网店模特",
					"text": "网店模特"
				}],
				"text": "职位"
			}],
			"showLocalTip": false,
			"type": "cmcs"
		}
	},
	"status": 0
}