{
	"msg": "OK",
	"result": {
		"getBigMetaInfo": {
			"metaData": {
				"operation": [{
					"action": {
						"action": "pagetrans",
						"content": {
							"action": "loadpage",
							"list_name": "jianzhi",
							"pagetype": "link",
							"url": "https://zpyybackend.58.com/v1/htmlpage/875254405392265216"
						},
						"tradeline": "core"
					},
					"beginVersion": "7.10.0",
					"icon": "https://t1.58cdn.com.cn/nowater/jltx/n_165382339fcd4313a65180a80fff5061.png",
					"list_name": "job",
					"needLogin": false,
					"specialFlag": false
				}, {
					"action": {
						"action": "pagetrans",
						"content": {
							"action": "loadpage",
							"list_name": "jianzhi",
							"pagetype": "link",
							"url": "https://m.doumi.com/kaixueji/?from=58app&ca_source=app&ca_name=58&ca_from=58app_jzbanner&ca_campaign=kaixueji201709"
						},
						"tradeline": "core"
					},
					"beginVersion": "7.10.0",
					"icon": "https://img.58cdn.com.cn/ztzp/2017/patch/appDoumi.jpg",
					"list_name": "job",
					"needLogin": false,
					"specialFlag": false
				}, {
					"action": {
						"action": "pagetrans",
						"content": {
							"action": "loadpage",
							"list_name": "jianzhi",
							"pagetype": "link",
							"url": "https://qjz.58.com/yinliu/index"
						},
						"tradeline": "core"
					},
					"beginVersion": "7.10.0",
					"endVersion": "",
					"icon": "https://t1.58cdn.com.cn/nowater/jltx/n_v2007756ca4fbe46a28208548d8414ca12.png",
					"list_name": "job",
					"needLogin": false,
					"specialFlag": false
				}],
				"fixedOperations": [{
					"action": {
						"action": "pagetrans",
						"content": {
							"action": "loadpage",
							"list_name": "jianzhi",
							"pagetype": "link",
							"url": "https://csafe.58.com/m"
						},
						"tradeline": "core"
					},
					"icon": "https://t1.58cdn.com.cn/p2/big/n_v1bkuymc3hx36vruzxbrba.jpg",
					"list_name": "job",
					"needLogin": false,
					"specialFlag": false
				}, {
					"action": {
						"action": "pagetrans",
						"content": {
							"action": "loadpage",
							"list_name": "jianzhi",
							"pagetype": "backreload",
							"url": "https://jzjianli.58.com/sub/base?cid=1"
						},
						"tradeline": "core"
					},
					"icon": "https://t1.58cdn.com.cn/p2/big/n_v1bj3gzsh6x36vqyk4uyqq.jpg",
					"list_name": "job",
					"name": "jobSubscribe",
					"needLogin": true,
					"specialFlag": false
				}],
				"tojob": {
					"action": {
						"action": "pagetrans",
						"content": {
							"action": "loadpage",
							"backtoroot": "false",
							"list_name": "jianzhi",
							"pagetype": "link",
							"title": "基本信息",
							"url": "https://jzjianli.58.com/sub/base?cid=1"
						},
						"tradeline": "core"
					},
					"list_name": "job",
					"name": "个性求职",
					"needLogin": false,
					"specialFlag": false
				},
				"toall": {
					"action": {
						"action": "pagetrans",
						"content": {
							"action": "loadpage",
							"list_name": "jianzhi",
							"pagetype": "childcate",
							"showsift": "true",
							"title": "兼职",
							"url": "https://app.58.com/api/list/jianzhi?action=getAllCatePage&format=h5&localname=bj&os=android"
						},
						"tradeline": "core"
					},
					"list_name": "job",
					"name": "查看全部",
					"needLogin": false,
					"specialFlag": false
				},
				"special": [{
					"action": {
						"action": "pagetrans",
						"content": {
							"action": "pagetrans",
							"cateid": "13941",
							"list_name": "jianzhi",
							"meta_url": "https://app.58.com/api/list",
							"pagetype": "list",
							"params": {
								"near": "1",
								"cmcstitle": "附近岗位"
							},
							"title": "附近岗位"
						},
						"tradeline": "job"
					},
					"icon": "https://img.58cdn.com.cn/ztzp/2017/patch/fjgw.png",
					"list_name": "job",
					"name": "附近岗位",
					"needLogin": false,
					"specialFlag": false
				}, {
					"action": {
						"action": "pagetrans",
						"content": {
							"action": "pagetrans",
							"cateid": "13941",
							"filterParams": {
								"source": 6
							},
							"list_name": "jianzhi",
							"meta_url": "https://app.58.com/api/list",
							"pagetype": "list",
							"params": {
								"cmcstitle": "靠谱岗位"
							},
							"title": "靠谱岗位"
						},
						"tradeline": "job"
					},
					"icon": "https://img.58cdn.com.cn/ztzp/2017/patch/kpgw.png",
					"list_name": "job",
					"name": "靠谱岗位",
					"needLogin": false,
					"specialFlag": false
				}, {
					"action": {
						"action": "pagetrans",
						"content": {
							"action": "pagetrans",
							"cateid": "13941",
							"filterParams": {
								"filtercate": "jianzhi",
								"param5542": "6|7",
								"filterLocal": "bj"
							},
							"list_name": "jianzhi",
							"meta_url": "https://app.58.com/api/list",
							"pagetype": "list",
							"params": {
								"cmcstitle": "周末兼职"
							},
							"title": "周末兼职"
						},
						"tradeline": "job"
					},
					"icon": "https://img.58cdn.com.cn/ztzp/2017/patch/zmjz.png",
					"list_name": "job",
					"name": "周末兼职",
					"needLogin": false,
					"specialFlag": false
				}, {
					"action": {
						"action": "pagetrans",
						"content": {
							"action": "pagetrans",
							"cateid": "13941",
							"list_name": "jianzhi",
							"meta_url": "http://qjzapi.58.com/api/?method=renwu.list&v=1.0&appKey=1479372754972&from=jZBigMeta",
							"pagetype": "ptOnlineHome",
							"params": {
								"cmcstitle": "线上任务"
							},
							"title": "做任务赚现金",
							"url": "http://qjzapi.58.com/api/?method=renwu.list&v=1.0&appKey=1479372754972&from=jZBigMeta"
						},
						"tradeline": "job"
					},
					"icon": "https://img.58cdn.com.cn/ztzp/2017/patch/xsrw.png",
					"list_name": "job",
					"name": "线上任务",
					"needLogin": false,
					"specialFlag": false
				}],
				"rollingJobs": [{
					"action": {
						"action": "pagetrans",
						"content": {
							"data_url": "https://app.58.com/api/detail",
							"title": "详情",
							"use_cache": false,
							"local_name": "bj",
							"pagetype": "detail",
							"infoID": 31377679484860,
							"list_name": "liyiyanyi",
							"full_path": "13941,9303",
							"infoSource": "0"
						},
						"tradeline": "job"
					},
					"applied": false,
					"biz": false,
					"checkbox": true,
					"danwei": "元/天",
					"hasyan": false,
					"infoID": 0,
					"ishr": false,
					"name": "400元/天 金京商务诚聘礼仪日结",
					"salary": "400",
					"title": "金京商务诚聘礼仪日结",
					"userID": 0,
					"xinzi": "400元/天"
				}, {
					"action": {
						"action": "pagetrans",
						"content": {
							"data_url": "https://app.58.com/api/detail",
							"title": "详情",
							"use_cache": false,
							"local_name": "bj",
							"pagetype": "detail",
							"infoID": 31773212666305,
							"list_name": "xueshengjianzhi",
							"full_path": "13941,13971",
							"infoSource": "0"
						},
						"tradeline": "job"
					},
					"applied": false,
					"biz": false,
					"checkbox": true,
					"danwei": "元/小时",
					"hasyan": false,
					"infoID": 0,
					"ishr": false,
					"name": "15元/小时 服务员",
					"salary": "15",
					"title": "服务员",
					"userID": 0,
					"xinzi": "15元/小时"
				}, {
					"action": {
						"action": "pagetrans",
						"content": {
							"data_url": "https://app.58.com/api/detail",
							"title": "详情",
							"use_cache": false,
							"local_name": "bj",
							"pagetype": "detail",
							"infoID": 31345403398709,
							"list_name": "liyiyanyi",
							"full_path": "13941,9303",
							"infoSource": "14"
						},
						"tradeline": "job"
					},
					"applied": false,
					"biz": false,
					"checkbox": true,
					"danwei": "元/天",
					"hasyan": false,
					"infoID": 0,
					"ishr": false,
					"name": "800元/天 急招礼仪模特",
					"salary": "800",
					"title": "急招礼仪模特",
					"userID": 0,
					"xinzi": "800元/天"
				}, {
					"action": {
						"action": "pagetrans",
						"content": {
							"data_url": "https://app.58.com/api/detail",
							"title": "详情",
							"use_cache": false,
							"local_name": "bj",
							"pagetype": "detail",
							"infoID": 31773133868337,
							"list_name": "xiaoshoucuxiao",
							"full_path": "13941,13945",
							"infoSource": "0"
						},
						"tradeline": "job"
					},
					"applied": false,
					"biz": false,
					"checkbox": true,
					"danwei": "元/天",
					"hasyan": false,
					"infoID": 0,
					"ishr": false,
					"name": "166元/天 ochirly来福士店聘导购",
					"salary": "166",
					"title": "ochirly来福士店聘导购",
					"userID": 0,
					"xinzi": "166元/天"
				}, {
					"action": {
						"action": "pagetrans",
						"content": {
							"data_url": "https://app.58.com/api/detail",
							"title": "详情",
							"use_cache": false,
							"local_name": "bj",
							"pagetype": "detail",
							"infoID": 31773115709640,
							"list_name": "xiaoshoucuxiao",
							"full_path": "13941,13945",
							"infoSource": "0"
						},
						"tradeline": "job"
					},
					"applied": false,
					"biz": false,
					"checkbox": true,
					"danwei": "元/天",
					"hasyan": false,
					"infoID": 0,
					"ishr": false,
					"name": "150元/天 JACK&JONES店诚聘导购",
					"salary": "150",
					"title": "JACK&JONES店诚聘导购",
					"userID": 0,
					"xinzi": "150元/天"
				}, {
					"action": {
						"action": "pagetrans",
						"content": {
							"data_url": "https://app.58.com/api/detail",
							"title": "详情",
							"use_cache": false,
							"local_name": "bj",
							"pagetype": "detail",
							"infoID": 31772983489581,
							"list_name": "xiaoshoucuxiao",
							"full_path": "13941,13945",
							"infoSource": "0"
						},
						"tradeline": "job"
					},
					"applied": false,
					"biz": false,
					"checkbox": true,
					"danwei": "元/天",
					"hasyan": false,
					"infoID": 0,
					"ishr": false,
					"name": "150元/天 挂广告兼职张贴",
					"salary": "150",
					"title": "挂广告兼职张贴",
					"userID": 0,
					"xinzi": "150元/天"
				}, {
					"action": {
						"action": "pagetrans",
						"content": {
							"data_url": "https://app.58.com/api/detail",
							"title": "详情",
							"use_cache": false,
							"local_name": "bj",
							"pagetype": "detail",
							"infoID": 31773170451119,
							"list_name": "fachuandan",
							"full_path": "13941,28923",
							"infoSource": "0"
						},
						"tradeline": "job"
					},
					"applied": false,
					"biz": false,
					"checkbox": true,
					"danwei": "元/小时",
					"hasyan": false,
					"infoID": 0,
					"ishr": false,
					"name": "30元/小时 传单专员兼职销售",
					"salary": "30",
					"title": "传单专员兼职销售",
					"userID": 0,
					"xinzi": "30元/小时"
				}, {
					"action": {
						"action": "pagetrans",
						"content": {
							"data_url": "https://app.58.com/api/detail",
							"title": "详情",
							"use_cache": false,
							"local_name": "bj",
							"pagetype": "detail",
							"infoID": 31717688085562,
							"list_name": "fachuandan",
							"full_path": "13941,28923",
							"infoSource": "6"
						},
						"tradeline": "job"
					},
					"applied": false,
					"biz": false,
					"checkbox": true,
					"danwei": "元/天",
					"hasyan": false,
					"infoID": 0,
					"ishr": false,
					"name": "300元/天 周末卡通人偶扮演兼职日结",
					"salary": "300",
					"title": "周末卡通人偶扮演兼职日结",
					"userID": 0,
					"xinzi": "300元/天"
				}, {
					"action": {
						"action": "pagetrans",
						"content": {
							"data_url": "https://app.58.com/api/detail",
							"title": "详情",
							"use_cache": false,
							"local_name": "bj",
							"pagetype": "detail",
							"infoID": 31304793291593,
							"list_name": "canyinfuwu",
							"full_path": "13941,13949",
							"infoSource": "15"
						},
						"tradeline": "job"
					},
					"applied": false,
					"biz": false,
					"checkbox": true,
					"danwei": "元/天",
					"hasyan": false,
					"infoID": 0,
					"ishr": false,
					"name": "72元/天 百子湾大成便利店早班兼职",
					"salary": "72",
					"title": "百子湾大成便利店早班兼职",
					"userID": 0,
					"xinzi": "72元/天"
				}, {
					"action": {
						"action": "pagetrans",
						"content": {
							"data_url": "https://app.58.com/api/detail",
							"title": "详情",
							"use_cache": false,
							"local_name": "bj",
							"pagetype": "detail",
							"infoID": 31352181321794,
							"list_name": "canyinfuwu",
							"full_path": "13941,13949",
							"infoSource": "15"
						},
						"tradeline": "job"
					},
					"applied": false,
					"biz": false,
					"checkbox": true,
					"danwei": "元/天",
					"hasyan": false,
					"infoID": 0,
					"ishr": false,
					"name": "120元/天 汉堡店后厨",
					"salary": "120",
					"title": "汉堡店后厨",
					"userID": 0,
					"xinzi": "120元/天"
				}, {
					"action": {
						"action": "pagetrans",
						"content": {
							"data_url": "https://app.58.com/api/detail",
							"title": "详情",
							"use_cache": false,
							"local_name": "bj",
							"pagetype": "detail",
							"infoID": 31717519858757,
							"list_name": "canyinfuwu",
							"full_path": "13941,13949",
							"infoSource": "6"
						},
						"tradeline": "job"
					},
					"applied": false,
					"biz": false,
					"checkbox": true,
					"danwei": "元/天",
					"hasyan": false,
					"infoID": 0,
					"ishr": false,
					"name": "300元/天 人偶卡通扮演兼职日结工资",
					"salary": "300",
					"title": "人偶卡通扮演兼职日结工资",
					"userID": 0,
					"xinzi": "300元/天"
				}, {
					"action": {
						"action": "pagetrans",
						"content": {
							"data_url": "https://app.58.com/api/detail",
							"title": "详情",
							"use_cache": false,
							"local_name": "bj",
							"pagetype": "detail",
							"infoID": 31773177798826,
							"list_name": "jianzhifwy",
							"full_path": "13941,28924",
							"infoSource": "0"
						},
						"tradeline": "job"
					},
					"applied": false,
					"biz": false,
					"checkbox": true,
					"danwei": "元/天",
					"hasyan": false,
					"infoID": 0,
					"ishr": false,
					"name": "120元/天 七辛客餐饮管理有限公司后厨杂工",
					"salary": "120",
					"title": "七辛客餐饮管理有限公司后厨杂工",
					"userID": 0,
					"xinzi": "120元/天"
				}, {
					"action": {
						"action": "pagetrans",
						"content": {
							"data_url": "https://app.58.com/api/detail",
							"title": "详情",
							"use_cache": false,
							"local_name": "bj",
							"pagetype": "detail",
							"infoID": 31773159700035,
							"list_name": "jianzhifwy",
							"full_path": "13941,28924",
							"infoSource": "0"
						},
						"tradeline": "job"
					},
					"applied": false,
					"biz": false,
					"checkbox": true,
					"danwei": "元/天",
					"hasyan": false,
					"infoID": 0,
					"ishr": false,
					"name": "110元/天 陕面王招聘早点师",
					"salary": "110",
					"title": "陕面王招聘早点师",
					"userID": 0,
					"xinzi": "110元/天"
				}, {
					"action": {
						"action": "pagetrans",
						"content": {
							"data_url": "https://app.58.com/api/detail",
							"title": "详情",
							"use_cache": false,
							"local_name": "bj",
							"pagetype": "detail",
							"infoID": 31773144216105,
							"list_name": "jianzhifwy",
							"full_path": "13941,28924",
							"infoSource": "0"
						},
						"tradeline": "job"
					},
					"applied": false,
					"biz": false,
					"checkbox": true,
					"danwei": "元/天",
					"hasyan": false,
					"infoID": 0,
					"ishr": false,
					"name": "100元/天 市红果园宾馆聘中式家常面点师",
					"salary": "100",
					"title": "市红果园宾馆聘中式家常面点师",
					"userID": 0,
					"xinzi": "100元/天"
				}, {
					"action": {
						"action": "pagetrans",
						"content": {
							"data_url": "https://app.58.com/api/detail",
							"title": "详情",
							"use_cache": false,
							"local_name": "bj",
							"pagetype": "detail",
							"infoID": 31773237782595,
							"list_name": "peisongyuan",
							"full_path": "13941,28925",
							"infoSource": "6"
						},
						"tradeline": "job"
					},
					"applied": false,
					"biz": false,
					"checkbox": true,
					"danwei": "元/小时",
					"hasyan": false,
					"infoID": 0,
					"ishr": false,
					"name": "28元/小时 直招兼职送餐员",
					"salary": "28",
					"title": "直招兼职送餐员",
					"userID": 0,
					"xinzi": "28元/小时"
				}, {
					"action": {
						"action": "pagetrans",
						"content": {
							"data_url": "https://app.58.com/api/detail",
							"title": "详情",
							"use_cache": false,
							"local_name": "bj",
							"pagetype": "detail",
							"infoID": 31773231781555,
							"list_name": "peisongyuan",
							"full_path": "13941,28925",
							"infoSource": "6"
						},
						"tradeline": "job"
					},
					"applied": false,
					"biz": false,
					"checkbox": true,
					"danwei": "元/小时",
					"hasyan": false,
					"infoID": 0,
					"ishr": false,
					"name": "28元/小时 直招兼职送餐员",
					"salary": "28",
					"title": "直招兼职送餐员",
					"userID": 0,
					"xinzi": "28元/小时"
				}, {
					"action": {
						"action": "pagetrans",
						"content": {
							"data_url": "https://app.58.com/api/detail",
							"title": "详情",
							"use_cache": false,
							"local_name": "bj",
							"pagetype": "detail",
							"infoID": 31671506167595,
							"list_name": "peisongyuan",
							"full_path": "13941,28925",
							"infoSource": "0"
						},
						"tradeline": "job"
					},
					"applied": false,
					"biz": false,
					"checkbox": true,
					"danwei": "元/天",
					"hasyan": false,
					"infoID": 0,
					"ishr": false,
					"name": "200元/天 洗衣取送员",
					"salary": "200",
					"title": "洗衣取送员",
					"userID": 0,
					"xinzi": "200元/天"
				}, {
					"action": {
						"action": "pagetrans",
						"content": {
							"data_url": "https://app.58.com/api/detail",
							"title": "详情",
							"use_cache": false,
							"local_name": "bj",
							"pagetype": "detail",
							"infoID": 31715566627907,
							"list_name": "kefushichang",
							"full_path": "13941,13946",
							"infoSource": "0"
						},
						"tradeline": "job"
					},
					"applied": false,
					"biz": false,
					"checkbox": true,
					"danwei": "元/天",
					"hasyan": false,
					"infoID": 0,
					"ishr": false,
					"name": "200元/天 专兼职调查问卷",
					"salary": "200",
					"title": "专兼职调查问卷",
					"userID": 0,
					"xinzi": "200元/天"
				}, {
					"action": {
						"action": "pagetrans",
						"content": {
							"data_url": "https://app.58.com/api/detail",
							"title": "详情",
							"use_cache": false,
							"local_name": "bj",
							"pagetype": "detail",
							"infoID": 31718983963838,
							"list_name": "kefushichang",
							"full_path": "13941,13946",
							"infoSource": "6"
						},
						"tradeline": "job"
					},
					"applied": false,
					"biz": false,
					"checkbox": true,
					"danwei": "元/天",
					"hasyan": false,
					"infoID": 0,
					"ishr": false,
					"name": "300元/天 发布会现场礼品派发员日结",
					"salary": "300",
					"title": "发布会现场礼品派发员日结",
					"userID": 0,
					"xinzi": "300元/天"
				}, {
					"action": {
						"action": "pagetrans",
						"content": {
							"data_url": "https://app.58.com/api/detail",
							"title": "详情",
							"use_cache": false,
							"local_name": "bj",
							"pagetype": "detail",
							"infoID": 31297890558412,
							"list_name": "kefushichang",
							"full_path": "13941,13946",
							"infoSource": "6"
						},
						"tradeline": "job"
					},
					"applied": false,
					"biz": false,
					"checkbox": true,
					"danwei": "元/天",
					"hasyan": false,
					"infoID": 0,
					"ishr": false,
					"name": "300元/天 展会发布会协助接待员日结",
					"salary": "300",
					"title": "展会发布会协助接待员日结",
					"userID": 0,
					"xinzi": "300元/天"
				}, {
					"action": {
						"action": "pagetrans",
						"content": {
							"data_url": "https://app.58.com/api/detail",
							"title": "详情",
							"use_cache": false,
							"local_name": "bj",
							"pagetype": "detail",
							"infoID": 31772710534590,
							"list_name": "event",
							"full_path": "13941,35246",
							"infoSource": "6"
						},
						"tradeline": "job"
					},
					"applied": false,
					"biz": false,
					"checkbox": true,
					"danwei": "元/天",
					"hasyan": false,
					"infoID": 0,
					"ishr": false,
					"name": "200元/天 宝妈火爆优惠券兼职",
					"salary": "200",
					"title": "宝妈火爆优惠券兼职",
					"userID": 0,
					"xinzi": "200元/天"
				}, {
					"action": {
						"action": "pagetrans",
						"content": {
							"data_url": "https://app.58.com/api/detail",
							"title": "详情",
							"use_cache": false,
							"local_name": "bj",
							"pagetype": "detail",
							"infoID": 31543539115964,
							"list_name": "event",
							"full_path": "13941,35246",
							"infoSource": "6"
						},
						"tradeline": "job"
					},
					"applied": false,
					"biz": false,
					"checkbox": true,
					"danwei": "元/天",
					"hasyan": false,
					"infoID": 0,
					"ishr": false,
					"name": "200元/天 游乐场巡视一200天日结",
					"salary": "200",
					"title": "游乐场巡视一200天日结",
					"userID": 0,
					"xinzi": "200元/天"
				}, {
					"action": {
						"action": "pagetrans",
						"content": {
							"data_url": "https://app.58.com/api/detail",
							"title": "详情",
							"use_cache": false,
							"local_name": "bj",
							"pagetype": "detail",
							"infoID": 29784439690446,
							"list_name": "event",
							"full_path": "13941,35246",
							"infoSource": "0"
						},
						"tradeline": "job"
					},
					"applied": false,
					"biz": false,
					"checkbox": true,
					"danwei": "元/天",
					"hasyan": false,
					"infoID": 0,
					"ishr": false,
					"name": "999元/天 高级宣传策划及文案/教育",
					"salary": "999",
					"title": "高级宣传策划及文案/教育",
					"userID": 0,
					"xinzi": "999元/天"
				}, {
					"action": {
						"action": "pagetrans",
						"content": {
							"data_url": "https://app.58.com/api/detail",
							"title": "详情",
							"use_cache": false,
							"local_name": "bj",
							"pagetype": "detail",
							"infoID": 30911265076047,
							"list_name": "wangluoyingxiao",
							"full_path": "13941,35244",
							"infoSource": "0"
						},
						"tradeline": "job"
					},
					"applied": false,
					"biz": false,
					"checkbox": true,
					"danwei": "元/天",
					"hasyan": false,
					"infoID": 0,
					"ishr": false,
					"name": "350元/天 淘宝天猫优惠券发布专员",
					"salary": "350",
					"title": "淘宝天猫优惠券发布专员",
					"userID": 0,
					"xinzi": "350元/天"
				}, {
					"action": {
						"action": "pagetrans",
						"content": {
							"data_url": "https://app.58.com/api/detail",
							"title": "详情",
							"use_cache": false,
							"local_name": "bj",
							"pagetype": "detail",
							"infoID": 31771704149041,
							"list_name": "wangluoyingxiao",
							"full_path": "13941,35244",
							"infoSource": "0"
						},
						"tradeline": "job"
					},
					"applied": false,
					"biz": false,
					"checkbox": true,
					"danwei": "元/天",
					"hasyan": false,
					"infoID": 0,
					"ishr": false,
					"name": "800元/天 销售",
					"salary": "800",
					"title": "销售",
					"userID": 0,
					"xinzi": "800元/天"
				}, {
					"action": {
						"action": "pagetrans",
						"content": {
							"data_url": "https://app.58.com/api/detail",
							"title": "详情",
							"use_cache": false,
							"local_name": "bj",
							"pagetype": "detail",
							"infoID": 31575690967353,
							"list_name": "wangluoyingxiao",
							"full_path": "13941,35244",
							"infoSource": "6"
						},
						"tradeline": "job"
					},
					"applied": false,
					"biz": false,
					"checkbox": true,
					"danwei": "元/天",
					"hasyan": false,
					"infoID": 0,
					"ishr": false,
					"name": "100元/天 苹果手机兼职日入100元",
					"salary": "100",
					"title": "苹果手机兼职日入100元",
					"userID": 0,
					"xinzi": "100元/天"
				}, {
					"action": {
						"action": "pagetrans",
						"content": {
							"data_url": "https://app.58.com/api/detail",
							"title": "详情",
							"use_cache": false,
							"local_name": "bj",
							"pagetype": "detail",
							"infoID": 31419218148670,
							"list_name": "partime",
							"full_path": "13941,13951",
							"infoSource": "0"
						},
						"tradeline": "job"
					},
					"applied": false,
					"biz": false,
					"checkbox": true,
					"danwei": "元/小时",
					"hasyan": false,
					"infoID": 0,
					"ishr": false,
					"name": "200元/小时 体育学院散打教练",
					"salary": "200",
					"title": "体育学院散打教练",
					"userID": 0,
					"xinzi": "200元/小时"
				}, {
					"action": {
						"action": "pagetrans",
						"content": {
							"data_url": "https://app.58.com/api/detail",
							"title": "详情",
							"use_cache": false,
							"local_name": "bj",
							"pagetype": "detail",
							"infoID": 29847079470270,
							"list_name": "partime",
							"full_path": "13941,13951",
							"infoSource": "0"
						},
						"tradeline": "job"
					},
					"applied": false,
					"biz": false,
					"checkbox": true,
					"danwei": "元/小时",
					"hasyan": false,
					"infoID": 0,
					"ishr": false,
					"name": "150元/小时 艺术留学作品集导师",
					"salary": "150",
					"title": "艺术留学作品集导师",
					"userID": 0,
					"xinzi": "150元/小时"
				}, {
					"action": {
						"action": "pagetrans",
						"content": {
							"data_url": "https://app.58.com/api/detail",
							"title": "详情",
							"use_cache": false,
							"local_name": "bj",
							"pagetype": "detail",
							"infoID": 30166618344369,
							"list_name": "partime",
							"full_path": "13941,13951",
							"infoSource": "0"
						},
						"tradeline": "job"
					},
					"applied": false,
					"biz": false,
					"checkbox": true,
					"danwei": "元/天",
					"hasyan": false,
					"infoID": 0,
					"ishr": false,
					"name": "120元/天 客服兼职",
					"salary": "120",
					"title": "客服兼职",
					"userID": 0,
					"xinzi": "120元/天"
				}, {
					"action": {
						"action": "pagetrans",
						"content": {
							"data_url": "https://app.58.com/api/detail",
							"title": "详情",
							"use_cache": false,
							"local_name": "bj",
							"pagetype": "detail",
							"infoID": 31718994649790,
							"list_name": "volunteer",
							"full_path": "13941,35257",
							"infoSource": "6"
						},
						"tradeline": "job"
					},
					"applied": false,
					"biz": false,
					"checkbox": true,
					"danwei": "元/天",
					"hasyan": false,
					"infoID": 0,
					"ishr": false,
					"name": "220元/天 发布会现场协助批发礼品",
					"salary": "220",
					"title": "发布会现场协助批发礼品",
					"userID": 0,
					"xinzi": "220元/天"
				}, {
					"action": {
						"action": "pagetrans",
						"content": {
							"data_url": "https://app.58.com/api/detail",
							"title": "详情",
							"use_cache": false,
							"local_name": "bj",
							"pagetype": "detail",
							"infoID": 31741121993004,
							"list_name": "volunteer",
							"full_path": "13941,35257",
							"infoSource": "6"
						},
						"tradeline": "job"
					},
					"applied": false,
					"biz": false,
					"checkbox": true,
					"danwei": "元/天",
					"hasyan": false,
					"infoID": 0,
					"ishr": false,
					"name": "300元/天 动漫人偶扮演一兼职日结",
					"salary": "300",
					"title": "动漫人偶扮演一兼职日结",
					"userID": 0,
					"xinzi": "300元/天"
				}, {
					"action": {
						"action": "pagetrans",
						"content": {
							"data_url": "https://app.58.com/api/detail",
							"title": "详情",
							"use_cache": false,
							"local_name": "bj",
							"pagetype": "detail",
							"infoID": 31543701431726,
							"list_name": "volunteer",
							"full_path": "13941,35257",
							"infoSource": "6"
						},
						"tradeline": "job"
					},
					"applied": false,
					"biz": false,
					"checkbox": true,
					"danwei": "元/天",
					"hasyan": false,
					"infoID": 0,
					"ishr": false,
					"name": "200元/天 展会协助员礼品派发日结",
					"salary": "200",
					"title": "展会协助员礼品派发日结",
					"userID": 0,
					"xinzi": "200元/天"
				}],
				"titleRightBtn": {
					"action": "wbmain://jump/job/ptResumePublish?params=%7B%22title%22%3A%22%E5%8F%91%E5%B8%83%E7%AE%80%E5%8E%86%22%2C%22type%22%3A%222%22%7D",
					"name": "发布简历"
				},
				"recinfolist": {
					"hasresume": 0
				},
				"hotcate": [{
					"action": {
						"action": "pagetrans",
						"content": {
							"action": "pagetrans",
							"cateid": "13971",
							"filterParams": {
								"filtercate": "xueshengjianzhi",
								"cmcspid": "13971"
							},
							"list_name": "jianzhi",
							"meta_url": "https://app.58.com/api/list",
							"pagetype": "list",
							"params": {
								"cmcstitle": "学生兼职"
							},
							"title": "学生兼职"
						},
						"tradeline": "job"
					},
					"list_name": "job",
					"name": "学生兼职",
					"needLogin": false,
					"specialFlag": true
				}, {
					"action": {
						"action": "pagetrans",
						"content": {
							"action": "pagetrans",
							"cateid": "28923",
							"filterParams": {
								"filtercate": "fachuandan",
								"cmcspid": "28923"
							},
							"list_name": "jianzhi",
							"meta_url": "https://app.58.com/api/list",
							"pagetype": "list",
							"params": {
								"cmcstitle": "传单派发"
							},
							"title": "传单派发"
						},
						"tradeline": "job"
					},
					"list_name": "job",
					"name": "传单派发",
					"needLogin": false,
					"specialFlag": false
				}, {
					"action": {
						"action": "pagetrans",
						"content": {
							"action": "pagetrans",
							"cateid": "9303",
							"filterParams": {
								"filtercate": "liyiyanyi",
								"cmcspid": "9303"
							},
							"list_name": "jianzhi",
							"meta_url": "https://app.58.com/api/list",
							"pagetype": "list",
							"params": {
								"cmcstitle": "礼仪/模特"
							},
							"title": "礼仪/模特"
						},
						"tradeline": "job"
					},
					"list_name": "job",
					"name": "礼仪/模特",
					"needLogin": false,
					"specialFlag": false
				}, {
					"action": {
						"action": "pagetrans",
						"content": {
							"action": "pagetrans",
							"cateid": "28924",
							"filterParams": {
								"filtercate": "jianzhifwy",
								"cmcspid": "28924"
							},
							"list_name": "jianzhi",
							"meta_url": "https://app.58.com/api/list",
							"pagetype": "list",
							"params": {
								"cmcstitle": "服务员"
							},
							"title": "服务员"
						},
						"tradeline": "job"
					},
					"list_name": "job",
					"name": "服务员",
					"needLogin": false,
					"specialFlag": false
				}, {
					"action": {
						"action": "pagetrans",
						"content": {
							"action": "pagetrans",
							"cateid": "13945",
							"filterParams": {
								"filtercate": "xiaoshoucuxiao",
								"cmcspid": "13945"
							},
							"list_name": "jianzhi",
							"meta_url": "https://app.58.com/api/list",
							"pagetype": "list",
							"params": {
								"cmcstitle": "促销/导购"
							},
							"title": "促销/导购"
						},
						"tradeline": "job"
					},
					"list_name": "job",
					"name": "促销/导购",
					"needLogin": false,
					"specialFlag": false
				}, {
					"action": {
						"action": "pagetrans",
						"content": {
							"action": "pagetrans",
							"cateid": "13949",
							"filterParams": {
								"filtercate": "canyinfuwu",
								"cmcspid": "13949"
							},
							"list_name": "jianzhi",
							"meta_url": "https://app.58.com/api/list",
							"pagetype": "list",
							"params": {
								"cmcstitle": "钟点工"
							},
							"title": "钟点工"
						},
						"tradeline": "job"
					},
					"list_name": "job",
					"name": "钟点工",
					"needLogin": false,
					"specialFlag": false
				}, {
					"action": {
						"action": "pagetrans",
						"content": {
							"action": "pagetrans",
							"cateid": "13948",
							"filterParams": {
								"filtercate": "jiaoyupeixun",
								"cmcspid": "13948"
							},
							"list_name": "jianzhi",
							"meta_url": "https://app.58.com/api/list",
							"pagetype": "list",
							"params": {
								"cmcstitle": "家教"
							},
							"title": "家教"
						},
						"tradeline": "job"
					},
					"list_name": "job",
					"name": "家教",
					"needLogin": false,
					"specialFlag": false
				}, {
					"action": {
						"action": "pagetrans",
						"content": {
							"action": "pagetrans",
							"cateid": "28930",
							"filterParams": {
								"filtercate": "jzyishu",
								"cmcspid": "28930"
							},
							"list_name": "jianzhi",
							"meta_url": "https://app.58.com/api/list",
							"pagetype": "list",
							"params": {
								"cmcstitle": "艺术老师"
							},
							"title": "艺术老师"
						},
						"tradeline": "job"
					},
					"list_name": "job",
					"name": "艺术老师",
					"needLogin": false,
					"specialFlag": false
				}]
			}
		}
	},
	"status": 0
}